match_id,source_file,fecha,campeonato,rival,condicion,resultado,jugador,jugador_id,posicion,minutos,calificacion,titular,goles,asistencias,remates_totales,remates_al_arco,pases_totales,pases_precision,entradas,intercepciones,despejes,duelos_totales,duelos_ganados,faltas_cometidas,faltas_recibidas,amarillas,rojas,pases_precision_num,jugo,goles_por90,asistencias_por90,remates_totales_por90,remates_al_arco_por90,duelos_ganados_por90,faltas_cometidas_por90,anio
match:2022-01-22:visitante:deportivo_pasto,2022-01-22_Visitante_Deportivo_Pasto.json,2022-01-22,Primera A,Deportivo Pasto,Visitante,0 - 1,Andres Gomez,,M,45,6.3,True,0,0,1,1,5,2%,1,1,0,4,1,1,0,0,0,0.02,True,0.0,0.0,2.0,2.0,2.0,2.0,2022
match:2022-01-22:visitante:deportivo_pasto,2022-01-22_Visitante_Deportivo_Pasto.json,2022-01-22,Primera A,Deportivo Pasto,Visitante,0 - 1,Andrés Llinás,,D,90,7.5,True,0,0,0,0,67,63%,3,3,0,8,6,0,0,0,0,0.63,True,0.0,0.0,0.0,0.0,6.0,0.0,2022
match:2022-01-22:visitante:deportivo_pasto,2022-01-22_Visitante_Deportivo_Pasto.json,2022-01-22,Primera A,Deportivo Pasto,Visitante,0 - 1,Andrés Murillo,,D,0,,False,0,0,0,0,0,0%,0,0,0,0,0,0,0,0,0,0.0,False,,,,,,,2022
match:2022-01-22:visitante:deportivo_pasto,2022-01-22_Visitante_Deportivo_Pasto.json,2022-01-22,Primera A,Deportivo Pasto,Visitante,0 - 1,Daniel Ruiz,,M,74,6.6,True,0,0,0,0,57,46%,0,0,0,11,5,2,3,0,0,0.46,True,0.0,0.0,0.0,0.0,6.081081081081082,2.4324324324324325,2022
match:2022-01-22:visitante:deportivo_pasto,2022-01-22_Visitante_Deportivo_Pasto.json,2022-01-22,Primera A,Deportivo Pasto,Visitante,0 - 1,David Macalister Silva,,F,89,7.5,True,0,0,2,1,99,89%,0,0,1,9,3,1,2,1,0,0.89,True,0.0,0.0,2.0224719101123596,1.0112359550561798,3.033707865168539,1.0112359550561798,2022
match:2022-01-22:visitante:deportivo_pasto,2022-01-22_Visitante_Deportivo_Pasto.json,2022-01-22,Primera A,Deportivo Pasto,Visitante,0 - 1,Diego Herazo,,F,81,7.3,True,1,0,4,2,6,1%,0,1,0,8,4,0,0,0,0,1.0,True,1.1111111111111112,0.0,4.444444444444445,2.2222222222222223,4.444444444444445,0.0,2022
match:2022-01-22:visitante:deportivo_pasto,2022-01-22_Visitante_Deportivo_Pasto.json,2022-01-22,Primera A,Deportivo Pasto,Visitante,0 - 1,Elvis Perlaza,,D,90,7.3,True,0,0,0,0,58,49%,2,1,0,7,5,1,1,0,0,0.49,True,0.0,0.0,0.0,0.0,5.0,1.0,2022
match:2022-01-22:visitante:deportivo_pasto,2022-01-22_Visitante_Deportivo_Pasto.json,2022-01-22,Primera A,Deportivo Pasto,Visitante,0 - 1,Jader Valencia,,F,9,6.5,False,0,0,0,0,4,3%,0,0,0,3,0,1,0,0,0,0.03,True,0.0,0.0,0.0,0.0,0.0,10.0,2022
match:2022-01-22:visitante:deportivo_pasto,2022-01-22_Visitante_Deportivo_Pasto.json,2022-01-22,Primera A,Deportivo Pasto,Visitante,0 - 1,Jorge Rengifo,,F,45,6.9,False,0,0,1,0,21,18%,0,1,0,3,1,0,0,0,0,0.18,True,0.0,0.0,2.0,0.0,2.0,0.0,2022
match:2022-01-22:visitante:deportivo_pasto,2022-01-22_Visitante_Deportivo_Pasto.json,2022-01-22,Primera A,Deportivo Pasto,Visitante,0 - 1,Juan Moreno,,G,0,,False,0,0,0,0,0,0%,0,0,0,0,0,0,0,0,0,0.0,False,,,,,,,2022
match:2022-01-22:visitante:deportivo_pasto,2022-01-22_Visitante_Deportivo_Pasto.json,2022-01-22,Primera A,Deportivo Pasto,Visitante,0 - 1,Juan Pablo Vargas,,D,90,7.0,True,0,0,0,0,62,52%,1,0,0,9,5,3,0,0,0,0.52,True,0.0,0.0,0.0,0.0,5.0,3.0,2022
match:2022-01-22:visitante:deportivo_pasto,2022-01-22_Visitante_Deportivo_Pasto.json,2022-01-22,Primera A,Deportivo Pasto,Visitante,0 - 1,Juan Pereira,,M,1,,False,0,0,0,0,8,8%,0,0,0,0,0,0,0,0,0,0.08,True,0.0,0.0,0.0,0.0,0.0,0.0,2022
match:2022-01-22:visitante:deportivo_pasto,2022-01-22_Visitante_Deportivo_Pasto.json,2022-01-22,Primera A,Deportivo Pasto,Visitante,0 - 1,Larry Vásquez,,M,89,7.2,True,0,0,1,0,88,82%,3,0,1,10,4,1,0,0,0,0.82,True,0.0,0.0,1.0112359550561798,0.0,4.044943820224719,1.0112359550561798,2022
match:2022-01-22:visitante:deportivo_pasto,2022-01-22_Visitante_Deportivo_Pasto.json,2022-01-22,Primera A,Deportivo Pasto,Visitante,0 - 1,Omar Bertel,,D,90,7.7,True,0,0,0,0,65,54%,5,0,0,9,6,2,0,0,0,0.54,True,0.0,0.0,0.0,0.0,6.0,2.0,2022
match:2022-01-22:visitante:deportivo_pasto,2022-01-22_Visitante_Deportivo_Pasto.json,2022-01-22,Primera A,Deportivo Pasto,Visitante,0 - 1,Oscar Cortés,,M,1,,False,0,0,1,1,4,4%,0,0,0,1,1,0,1,0,0,0.04,True,0.0,0.0,90.0,90.0,90.0,0.0,2022
match:2022-01-22:visitante:deportivo_pasto,2022-01-22_Visitante_Deportivo_Pasto.json,2022-01-22,Primera A,Deportivo Pasto,Visitante,0 - 1,Stiven Vega,,M,90,7.9,True,0,1,0,0,107,101%,2,0,0,8,4,3,0,0,0,1.01,True,0.0,1.0,0.0,0.0,4.0,3.0,2022
match:2022-01-22:visitante:deportivo_pasto,2022-01-22_Visitante_Deportivo_Pasto.json,2022-01-22,Primera A,Deportivo Pasto,Visitante,0 - 1,Yuber Quiñones,,F,16,6.9,False,0,0,1,0,13,13%,0,0,0,2,1,1,1,0,0,0.13,True,0.0,0.0,5.625,0.0,5.625,5.625,2022
match:2022-01-22:visitante:deportivo_pasto,2022-01-22_Visitante_Deportivo_Pasto.json,2022-01-22,Primera A,Deportivo Pasto,Visitante,0 - 1,Álvaro Montero,,G,90,7.5,True,0,0,0,0,10,10%,0,0,0,3,2,1,0,1,0,0.1,True,0.0,0.0,0.0,0.0,2.0,1.0,2022
match:2022-01-26:visitante:bucaramanga,2022-01-26_Visitante_Bucaramanga.json,2022-01-26,Primera A,Bucaramanga,Visitante,0 - 0,Andres Gomez,,M,61,6.6,True,0,0,0,0,8,6%,1,0,0,4,1,1,0,0,0,0.06,True,0.0,0.0,0.0,0.0,1.4754098360655739,1.4754098360655739,2022
match:2022-01-26:visitante:bucaramanga,2022-01-26_Visitante_Bucaramanga.json,2022-01-26,Primera A,Bucaramanga,Visitante,0 - 0,Andrés Llinás,,D,90,7.2,True,0,0,0,0,60,52%,0,1,1,6,1,2,0,0,0,0.52,True,0.0,0.0,0.0,0.0,1.0,2.0,2022
match:2022-01-26:visitante:bucaramanga,2022-01-26_Visitante_Bucaramanga.json,2022-01-26,Primera A,Bucaramanga,Visitante,0 - 0,Andrés Murillo,,D,90,6.9,True,0,0,0,0,59,51%,0,1,0,5,2,2,0,1,0,0.51,True,0.0,0.0,0.0,0.0,2.0,2.0,2022
match:2022-01-26:visitante:bucaramanga,2022-01-26_Visitante_Bucaramanga.json,2022-01-26,Primera A,Bucaramanga,Visitante,0 - 0,Daniel Ruiz,,M,61,6.7,True,0,0,1,1,27,23%,0,0,0,10,4,1,1,0,0,0.23,True,0.0,0.0,1.4754098360655739,1.4754098360655739,5.901639344262295,1.4754098360655739,2022
match:2022-01-26:visitante:bucaramanga,2022-01-26_Visitante_Bucaramanga.json,2022-01-26,Primera A,Bucaramanga,Visitante,0 - 0,David Macalister Silva,,F,87,7.2,True,0,0,0,0,60,50%,0,0,0,6,5,0,4,0,0,0.5,True,0.0,0.0,0.0,0.0,5.172413793103448,0.0,2022
match:2022-01-26:visitante:bucaramanga,2022-01-26_Visitante_Bucaramanga.json,2022-01-26,Primera A,Bucaramanga,Visitante,0 - 0,Diego Herazo,,F,81,6.3,True,0,0,0,0,11,8%,0,0,0,2,0,0,0,0,0,0.08,True,0.0,0.0,0.0,0.0,0.0,0.0,2022
match:2022-01-26:visitante:bucaramanga,2022-01-26_Visitante_Bucaramanga.json,2022-01-26,Primera A,Bucaramanga,Visitante,0 - 0,Edgar Guerra,,F,29,6.9,False,0,0,1,0,11,7%,0,0,0,10,7,1,3,0,0,0.07,True,0.0,0.0,3.103448275862069,0.0,21.724137931034484,3.103448275862069,2022
match:2022-01-26:visitante:bucaramanga,2022-01-26_Visitante_Bucaramanga.json,2022-01-26,Primera A,Bucaramanga,Visitante,0 - 0,Eduardo Sosa,,M,9,6.5,False,0,0,0,0,3,3%,0,0,0,1,0,1,0,0,0,0.03,True,0.0,0.0,0.0,0.0,0.0,10.0,2022
match:2022-01-26:visitante:bucaramanga,2022-01-26_Visitante_Bucaramanga.json,2022-01-26,Primera A,Bucaramanga,Visitante,0 - 0,Elvis Perlaza,,D,90,7.3,True,0,0,0,0,38,30%,2,1,1,5,3,1,0,0,0,0.3,True,0.0,0.0,0.0,0.0,3.0,1.0,2022
match:2022-01-26:visitante:bucaramanga,2022-01-26_Visitante_Bucaramanga.json,2022-01-26,Primera A,Bucaramanga,Visitante,0 - 0,Jader Valencia,,F,29,6.5,False,0,0,0,0,12,8%,1,0,0,5,1,1,0,0,0,0.08,True,0.0,0.0,0.0,0.0,3.103448275862069,3.103448275862069,2022
match:2022-01-26:visitante:bucaramanga,2022-01-26_Visitante_Bucaramanga.json,2022-01-26,Primera A,Bucaramanga,Visitante,0 - 0,José Cuenú,,D,0,,False,0,0,0,0,0,0%,0,0,0,0,0,0,0,0,0,0.0,False,,,,,,,2022
match:2022-01-26:visitante:bucaramanga,2022-01-26_Visitante_Bucaramanga.json,2022-01-26,Primera A,Bucaramanga,Visitante,0 - 0,Juan Moreno,,G,0,,False,0,0,0,0,0,0%,0,0,0,0,0,0,0,0,0,0.0,False,,,,,,,2022
match:2022-01-26:visitante:bucaramanga,2022-01-26_Visitante_Bucaramanga.json,2022-01-26,Primera A,Bucaramanga,Visitante,0 - 0,Juan Pereira,,M,9,6.2,False,0,0,0,0,2,2%,0,0,0,1,0,0,0,0,0,0.02,True,0.0,0.0,0.0,0.0,0.0,0.0,2022
match:2022-01-26:visitante:bucaramanga,2022-01-26_Visitante_Bucaramanga.json,2022-01-26,Primera A,Bucaramanga,Visitante,0 - 0,Larry Vásquez,,M,87,7.2,True,0,0,1,0,49,47%,2,1,0,7,5,1,2,0,0,0.47,True,0.0,0.0,1.0344827586206897,0.0,5.172413793103448,1.0344827586206897,2022
match:2022-01-26:visitante:bucaramanga,2022-01-26_Visitante_Bucaramanga.json,2022-01-26,Primera A,Bucaramanga,Visitante,0 - 0,Omar Bertel,,D,90,7.3,True,0,0,0,0,45,36%,2,4,0,10,6,1,0,1,0,0.36,True,0.0,0.0,0.0,0.0,6.0,1.0,2022
match:2022-01-26:visitante:bucaramanga,2022-01-26_Visitante_Bucaramanga.json,2022-01-26,Primera A,Bucaramanga,Visitante,0 - 0,Ricardo Márquez,,F,9,6.3,False,0,0,0,0,0,0%,0,0,0,0,0,0,0,0,0,0.0,True,0.0,0.0,0.0,0.0,0.0,0.0,2022
match:2022-01-26:visitante:bucaramanga,2022-01-26_Visitante_Bucaramanga.json,2022-01-26,Primera A,Bucaramanga,Visitante,0 - 0,Stiven Vega,,M,90,7.2,True,0,0,0,0,78,73%,1,2,0,4,2,1,0,0,0,0.73,True,0.0,0.0,0.0,0.0,2.0,1.0,2022
match:2022-01-26:visitante:bucaramanga,2022-01-26_Visitante_Bucaramanga.json,2022-01-26,Primera A,Bucaramanga,Visitante,0 - 0,Álvaro Montero,,G,90,7.5,True,0,0,0,0,30,16%,0,0,0,2,2,0,1,0,0,0.16,True,0.0,0.0,0.0,0.0,2.0,0.0,2022
match:2022-01-30:local:atletico_nacional,2022-01-30_Local_Atletico_Nacional.json,2022-01-30,Primera A,Atletico Nacional,Local,0 - 2,Andrés Llinás,,D,95,6.5,True,0,0,0,0,67,61%,1,0,0,9,4,2,1,1,0,0.61,True,0.0,0.0,0.0,0.0,3.789473684210526,1.894736842105263,2022
match:2022-01-30:local:atletico_nacional,2022-01-30_Local_Atletico_Nacional.json,2022-01-30,Primera A,Atletico Nacional,Local,0 - 2,Andrés Murillo,,D,95,6.6,True,0,0,0,0,61,55%,3,0,1,6,5,0,1,1,0,0.55,True,0.0,0.0,0.0,0.0,4.7368421052631575,0.0,2022
match:2022-01-30:local:atletico_nacional,2022-01-30_Local_Atletico_Nacional.json,2022-01-30,Primera A,Atletico Nacional,Local,0 - 2,Daniel Ruiz,,F,83,6.9,True,0,0,0,0,44,35%,0,0,0,8,5,0,2,0,0,0.35,True,0.0,0.0,0.0,0.0,5.421686746987952,0.0,2022
match:2022-01-30:local:atletico_nacional,2022-01-30_Local_Atletico_Nacional.json,2022-01-30,Primera A,Atletico Nacional,Local,0 - 2,David Macalister Silva,,M,95,7.2,True,0,0,2,2,76,64%,2,0,0,7,4,1,2,0,0,0.64,True,0.0,0.0,1.894736842105263,1.894736842105263,3.789473684210526,0.9473684210526315,2022
match:2022-01-30:local:atletico_nacional,2022-01-30_Local_Atletico_Nacional.json,2022-01-30,Primera A,Atletico Nacional,Local,0 - 2,Diego Herazo,,F,83,6.9,True,0,0,2,1,3,3%,0,0,0,8,5,2,2,0,0,0.03,True,0.0,0.0,2.168674698795181,1.0843373493975905,5.421686746987952,2.168674698795181,2022
match:2022-01-30:local:atletico_nacional,2022-01-30_Local_Atletico_Nacional.json,2022-01-30,Primera A,Atletico Nacional,Local,0 - 2,Edgar Guerra,,F,84,6.9,True,0,0,1,1,26,20%,2,0,0,6,3,1,1,0,0,0.2,True,0.0,0.0,1.0714285714285714,1.0714285714285714,3.214285714285714,1.0714285714285714,2022
match:2022-01-30:local:atletico_nacional,2022-01-30_Local_Atletico_Nacional.json,2022-01-30,Primera A,Atletico Nacional,Local,0 - 2,Eduardo Sosa,,M,23,6.5,False,0,0,2,1,12,10%,0,0,0,3,0,1,0,1,0,0.1,True,0.0,0.0,7.826086956521739,3.9130434782608696,0.0,3.9130434782608696,2022
match:2022-01-30:local:atletico_nacional,2022-01-30_Local_Atletico_Nacional.json,2022-01-30,Primera A,Atletico Nacional,Local,0 - 2,Elvis Perlaza,,D,95,6.6,True,0,0,0,0,32,31%,0,3,0,3,1,1,1,0,0,0.31,True,0.0,0.0,0.0,0.0,0.9473684210526315,0.9473684210526315,2022
match:2022-01-30:local:atletico_nacional,2022-01-30_Local_Atletico_Nacional.json,2022-01-30,Primera A,Atletico Nacional,Local,0 - 2,Jader Valencia,,F,12,6.6,False,0,0,0,0,6,5%,0,0,0,1,1,0,1,0,0,0.05,True,0.0,0.0,0.0,0.0,7.5,0.0,2022
match:2022-01-30:local:atletico_nacional,2022-01-30_Local_Atletico_Nacional.json,2022-01-30,Primera A,Atletico Nacional,Local,0 - 2,José Cuenú,,D,0,,False,0,0,0,0,0,0%,0,0,0,0,0,0,0,0,0,0.0,False,,,,,,,2022
match:2022-01-30:local:atletico_nacional,2022-01-30_Local_Atletico_Nacional.json,2022-01-30,Primera A,Atletico Nacional,Local,0 - 2,Juan Moreno,,G,0,,False,0,0,0,0,0,0%,0,0,0,0,0,0,0,0,0,0.0,False,,,,,,,2022
match:2022-01-30:local:atletico_nacional,2022-01-30_Local_Atletico_Nacional.json,2022-01-30,Primera A,Atletico Nacional,Local,0 - 2,Juan Pereira,,M,0,,False,0,0,0,0,0,0%,0,0,0,0,0,0,0,0,0,0.0,False,,,,,,,2022
match:2022-01-30:local:atletico_nacional,2022-01-30_Local_Atletico_Nacional.json,2022-01-30,Primera A,Atletico Nacional,Local,0 - 2,Larry Vásquez,,M,72,6.3,True,0,0,1,0,48,45%,3,0,0,10,3,3,0,1,0,0.45,True,0.0,0.0,1.25,0.0,3.75,3.75,2022
match:2022-01-30:local:atletico_nacional,2022-01-30_Local_Atletico_Nacional.json,2022-01-30,Primera A,Atletico Nacional,Local,0 - 2,Omar Bertel,,D,95,6.9,True,0,0,0,0,59,52%,1,2,0,5,2,0,0,0,0,0.52,True,0.0,0.0,0.0,0.0,1.894736842105263,0.0,2022
match:2022-01-30:local:atletico_nacional,2022-01-30_Local_Atletico_Nacional.json,2022-01-30,Primera A,Atletico Nacional,Local,0 - 2,Ricardo Márquez,,F,12,6.3,False,0,0,0,0,2,0%,0,0,0,0,0,0,0,0,0,0.0,True,0.0,0.0,0.0,0.0,0.0,0.0,2022
match:2022-01-30:local:atletico_nacional,2022-01-30_Local_Atletico_Nacional.json,2022-01-30,Primera A,Atletico Nacional,Local,0 - 2,Stiven Vega,,M,95,7.3,True,0,0,0,0,67,64%,4,1,0,6,5,1,1,0,0,0.64,True,0.0,0.0,0.0,0.0,4.7368421052631575,0.9473684210526315,2022
match:2022-01-30:local:atletico_nacional,2022-01-30_Local_Atletico_Nacional.json,2022-01-30,Primera A,Atletico Nacional,Local,0 - 2,Yuber Quiñones,,F,11,6.7,False,0,0,2,2,1,1%,0,0,0,2,0,0,0,0,0,1.0,True,0.0,0.0,16.363636363636363,16.363636363636363,0.0,0.0,2022
match:2022-01-30:local:atletico_nacional,2022-01-30_Local_Atletico_Nacional.json,2022-01-30,Primera A,Atletico Nacional,Local,0 - 2,Álvaro Montero,,G,95,6.9,True,0,0,0,0,27,22%,0,0,0,0,0,0,0,0,0,0.22,True,0.0,0.0,0.0,0.0,0.0,0.0,2022
match:2022-02-02:visitante:envigado,2022-02-02_Visitante_Envigado.json,2022-02-02,Primera A,Envigado,Visitante,0 - 0,Andres Gomez,,M,45,6.5,True,0,0,0,0,6,5%,0,0,0,2,0,0,0,0,0,0.05,True,0.0,0.0,0.0,0.0,0.0,0.0,2022
match:2022-02-02:visitante:envigado,2022-02-02_Visitante_Envigado.json,2022-02-02,Primera A,Envigado,Visitante,0 - 0,Andrés Llinás,,D,90,7.5,True,0,0,1,0,38,25%,1,2,0,13,10,1,2,0,0,0.25,True,0.0,0.0,1.0,0.0,10.0,1.0,2022
match:2022-02-02:visitante:envigado,2022-02-02_Visitante_Envigado.json,2022-02-02,Primera A,Envigado,Visitante,0 - 0,Andrés Murillo,,D,90,6.6,True,0,0,0,0,31,25%,0,2,0,8,3,1,0,0,0,0.25,True,0.0,0.0,0.0,0.0,3.0,1.0,2022
match:2022-02-02:visitante:envigado,2022-02-02_Visitante_Envigado.json,2022-02-02,Primera A,Envigado,Visitante,0 - 0,Daniel Ruiz,,M,65,7.2,True,0,0,2,0,24,20%,1,0,0,5,2,1,1,0,0,0.2,True,0.0,0.0,2.769230769230769,0.0,2.769230769230769,1.3846153846153846,2022
match:2022-02-02:visitante:envigado,2022-02-02_Visitante_Envigado.json,2022-02-02,Primera A,Envigado,Visitante,0 - 0,David Macalister Silva,,M,73,6.9,True,0,0,2,0,47,39%,0,0,0,4,1,0,1,0,0,0.39,True,0.0,0.0,2.4657534246575343,0.0,1.2328767123287672,0.0,2022
match:2022-02-02:visitante:envigado,2022-02-02_Visitante_Envigado.json,2022-02-02,Primera A,Envigado,Visitante,0 - 0,Diego Herazo,,F,73,6.9,True,0,0,3,0,6,4%,0,0,0,9,3,2,1,0,0,0.04,True,0.0,0.0,3.698630136986301,0.0,3.698630136986301,2.4657534246575343,2022
match:2022-02-02:visitante:envigado,2022-02-02_Visitante_Envigado.json,2022-02-02,Primera A,Envigado,Visitante,0 - 0,Edgar Guerra,,F,45,6.5,False,0,0,0,0,9,9%,1,0,0,6,2,2,0,1,0,0.09,True,0.0,0.0,0.0,0.0,4.0,4.0,2022
match:2022-02-02:visitante:envigado,2022-02-02_Visitante_Envigado.json,2022-02-02,Primera A,Envigado,Visitante,0 - 0,Eduardo Sosa,,M,17,6.9,False,0,0,0,0,14,12%,0,0,0,3,3,0,2,0,0,0.12,True,0.0,0.0,0.0,0.0,15.882352941176471,0.0,2022
match:2022-02-02:visitante:envigado,2022-02-02_Visitante_Envigado.json,2022-02-02,Primera A,Envigado,Visitante,0 - 0,Elvis Perlaza,,D,90,7.3,True,0,0,1,0,33,21%,3,0,1,12,7,2,1,0,0,0.21,True,0.0,0.0,1.0,0.0,7.0,2.0,2022
match:2022-02-02:visitante:envigado,2022-02-02_Visitante_Envigado.json,2022-02-02,Primera A,Envigado,Visitante,0 - 0,José Cuenú,,D,0,,False,0,0,0,0,0,0%,0,0,0,0,0,0,0,0,0,0.0,False,,,,,,,2022
match:2022-02-02:visitante:envigado,2022-02-02_Visitante_Envigado.json,2022-02-02,Primera A,Envigado,Visitante,0 - 0,Juan Moreno,,G,0,,False,0,0,0,0,0,0%,0,0,0,0,0,0,0,0,0,0.0,False,,,,,,,2022
match:2022-02-02:visitante:envigado,2022-02-02_Visitante_Envigado.json,2022-02-02,Primera A,Envigado,Visitante,0 - 0,Juan Pereira,,M,0,,False,0,0,0,0,0,0%,0,0,0,0,0,0,0,0,0,0.0,False,,,,,,,2022
match:2022-02-02:visitante:envigado,2022-02-02_Visitante_Envigado.json,2022-02-02,Primera A,Envigado,Visitante,0 - 0,Larry Vásquez,,M,90,6.9,True,0,0,1,0,51,44%,2,0,0,9,5,0,0,0,0,0.44,True,0.0,0.0,1.0,0.0,5.0,0.0,2022
match:2022-02-02:visitante:envigado,2022-02-02_Visitante_Envigado.json,2022-02-02,Primera A,Envigado,Visitante,0 - 0,Omar Bertel,,D,90,6.3,True,0,0,0,0,31,25%,2,1,0,12,4,1,1,0,0,0.25,True,0.0,0.0,0.0,0.0,4.0,1.0,2022
match:2022-02-02:visitante:envigado,2022-02-02_Visitante_Envigado.json,2022-02-02,Primera A,Envigado,Visitante,0 - 0,Ricardo Márquez,,F,17,6.9,False,0,0,2,0,5,4%,0,0,0,2,2,0,0,1,0,0.04,True,0.0,0.0,10.588235294117647,0.0,10.588235294117647,0.0,2022
match:2022-02-02:visitante:envigado,2022-02-02_Visitante_Envigado.json,2022-02-02,Primera A,Envigado,Visitante,0 - 0,Stiven Vega,,M,90,6.6,True,0,0,0,0,51,45%,1,2,0,9,4,5,2,1,0,0.45,True,0.0,0.0,0.0,0.0,4.0,5.0,2022
match:2022-02-02:visitante:envigado,2022-02-02_Visitante_Envigado.json,2022-02-02,Primera A,Envigado,Visitante,0 - 0,Yuber Quiñones,,F,25,7.2,False,0,0,1,0,8,7%,1,0,0,1,1,0,0,0,0,0.07,True,0.0,0.0,3.6,0.0,3.6,0.0,2022
match:2022-02-02:visitante:envigado,2022-02-02_Visitante_Envigado.json,2022-02-02,Primera A,Envigado,Visitante,0 - 0,Álvaro Montero,,G,90,7.2,True,0,0,0,0,22,16%,0,0,0,1,1,0,1,0,0,0.16,True,0.0,0.0,0.0,0.0,1.0,0.0,2022
match:2022-02-07:local:union_magdalena,2022-02-07_Local_Union_Magdalena.json,2022-02-07,Primera A,Union Magdalena,Local,1 - 0,Andrés Llinás,,D,90,6.9,True,0,0,0,0,53,43%,0,1,0,9,4,2,1,1,0,0.43,True,0.0,0.0,0.0,0.0,4.0,2.0,2022
match:2022-02-07:local:union_magdalena,2022-02-07_Local_Union_Magdalena.json,2022-02-07,Primera A,Union Magdalena,Local,1 - 0,Andrés Murillo,,D,0,,False,0,0,0,0,0,0%,0,0,0,0,0,0,0,0,0,0.0,False,,,,,,,2022
match:2022-02-07:local:union_magdalena,2022-02-07_Local_Union_Magdalena.json,2022-02-07,Primera A,Union Magdalena,Local,1 - 0,Andrés Román,,D,90,7.2,True,0,0,0,0,41,32%,2,0,0,4,3,0,0,0,0,0.32,True,0.0,0.0,0.0,0.0,3.0,0.0,2022
match:2022-02-07:local:union_magdalena,2022-02-07_Local_Union_Magdalena.json,2022-02-07,Primera A,Union Magdalena,Local,1 - 0,Daniel Ruiz,,M,76,7.0,True,0,0,2,1,35,24%,0,0,0,7,4,0,1,0,0,0.24,True,0.0,0.0,2.3684210526315788,1.1842105263157894,4.7368421052631575,0.0,2022
match:2022-02-07:local:union_magdalena,2022-02-07_Local_Union_Magdalena.json,2022-02-07,Primera A,Union Magdalena,Local,1 - 0,David Macalister Silva,,M,89,7.2,True,0,0,0,0,61,49%,2,0,0,5,2,0,0,0,0,0.49,True,0.0,0.0,0.0,0.0,2.0224719101123596,0.0,2022
match:2022-02-07:local:union_magdalena,2022-02-07_Local_Union_Magdalena.json,2022-02-07,Primera A,Union Magdalena,Local,1 - 0,Diego Herazo,,F,77,6.9,True,0,0,1,1,7,4%,0,0,1,5,2,1,0,0,0,0.04,True,0.0,0.0,1.168831168831169,1.168831168831169,2.337662337662338,1.168831168831169,2022
match:2022-02-07:local:union_magdalena,2022-02-07_Local_Union_Magdalena.json,2022-02-07,Primera A,Union Magdalena,Local,1 - 0,Eduardo Sosa,,M,86,7.2,True,0,0,4,2,36,31%,0,0,0,14,6,2,2,1,0,0.31,True,0.0,0.0,4.186046511627907,2.0930232558139537,6.27906976744186,2.0930232558139537,2022
match:2022-02-07:local:union_magdalena,2022-02-07_Local_Union_Magdalena.json,2022-02-07,Primera A,Union Magdalena,Local,1 - 0,Elvis Perlaza,,D,0,,False,0,0,0,0,0,0%,0,0,0,0,0,0,0,0,0,0.0,False,,,,,,,2022
match:2022-02-07:local:union_magdalena,2022-02-07_Local_Union_Magdalena.json,2022-02-07,Primera A,Union Magdalena,Local,1 - 0,Jader Valencia,,F,1,,False,0,0,1,1,1,1%,0,0,0,0,0,1,0,1,0,1.0,True,0.0,0.0,90.0,90.0,0.0,90.0,2022
match:2022-02-07:local:union_magdalena,2022-02-07_Local_Union_Magdalena.json,2022-02-07,Primera A,Union Magdalena,Local,1 - 0,Juan Moreno,,G,0,,False,0,0,0,0,0,0%,0,0,0,0,0,0,0,0,0,0.0,False,,,,,,,2022
match:2022-02-07:local:union_magdalena,2022-02-07_Local_Union_Magdalena.json,2022-02-07,Primera A,Union Magdalena,Local,1 - 0,Juan Pablo Vargas,,D,90,7.2,True,0,0,1,1,66,45%,1,0,0,4,3,0,0,0,0,0.45,True,0.0,0.0,1.0,1.0,3.0,0.0,2022
match:2022-02-07:local:union_magdalena,2022-02-07_Local_Union_Magdalena.json,2022-02-07,Primera A,Union Magdalena,Local,1 - 0,Juan Pereira,,M,9,6.9,False,0,0,1,1,4,3%,0,0,0,2,2,0,0,0,0,0.03,True,0.0,0.0,10.0,10.0,20.0,0.0,2022
match:2022-02-07:local:union_magdalena,2022-02-07_Local_Union_Magdalena.json,2022-02-07,Primera A,Union Magdalena,Local,1 - 0,Larry Vásquez,,M,90,7.7,True,0,0,2,1,44,39%,4,1,0,9,7,1,2,0,0,0.39,True,0.0,0.0,2.0,1.0,7.0,1.0,2022
match:2022-02-07:local:union_magdalena,2022-02-07_Local_Union_Magdalena.json,2022-02-07,Primera A,Union Magdalena,Local,1 - 0,Omar Bertel,,D,90,7.0,True,0,0,0,0,41,32%,2,1,0,8,3,3,0,0,0,0.32,True,0.0,0.0,0.0,0.0,3.0,3.0,2022
match:2022-02-07:local:union_magdalena,2022-02-07_Local_Union_Magdalena.json,2022-02-07,Primera A,Union Magdalena,Local,1 - 0,Ricardo Márquez,,F,13,6.6,False,0,0,1,0,7,3%,0,0,0,4,3,1,0,0,0,0.03,True,0.0,0.0,6.923076923076923,0.0,20.76923076923077,6.923076923076923,2022
match:2022-02-07:local:union_magdalena,2022-02-07_Local_Union_Magdalena.json,2022-02-07,Primera A,Union Magdalena,Local,1 - 0,Stiven Vega,,M,90,7.3,True,0,0,0,0,43,40%,3,0,1,6,3,3,0,0,0,0.4,True,0.0,0.0,0.0,0.0,3.0,3.0,2022
match:2022-02-07:local:union_magdalena,2022-02-07_Local_Union_Magdalena.json,2022-02-07,Primera A,Union Magdalena,Local,1 - 0,Yuber Quiñones,,F,14,6.9,False,0,0,1,1,9,6%,0,0,0,1,0,0,0,0,0,0.06,True,0.0,0.0,6.428571428571428,6.428571428571428,0.0,0.0,2022
match:2022-02-07:local:union_magdalena,2022-02-07_Local_Union_Magdalena.json,2022-02-07,Primera A,Union Magdalena,Local,1 - 0,Álvaro Montero,,G,90,7.7,True,0,0,0,0,22,16%,0,0,0,0,0,0,0,0,0,0.16,True,0.0,0.0,0.0,0.0,0.0,0.0,2022
match:2022-02-13:visitante:deportivo_cali,2022-02-13_Visitante_Deportivo_Cali.json,2022-02-13,Primera A,Deportivo Cali,Visitante,0 - 2,Andrés Llinás,,D,97,7.0,True,0,0,0,0,23,17%,1,4,0,6,4,1,1,0,0,0.17,True,0.0,0.0,0.0,0.0,3.711340206185567,0.9278350515463918,2022
match:2022-02-13:visitante:deportivo_cali,2022-02-13_Visitante_Deportivo_Cali.json,2022-02-13,Primera A,Deportivo Cali,Visitante,0 - 2,Andrés Murillo,,D,13,6.3,False,0,0,0,0,3,2%,0,0,0,0,0,0,0,0,0,0.02,True,0.0,0.0,0.0,0.0,0.0,0.0,2022
match:2022-02-13:visitante:deportivo_cali,2022-02-13_Visitante_Deportivo_Cali.json,2022-02-13,Primera A,Deportivo Cali,Visitante,0 - 2,Andrés Román,,M,97,7.0,True,0,0,1,0,6,5%,1,1,0,6,3,1,0,0,0,0.05,True,0.0,0.0,0.9278350515463918,0.0,2.783505154639175,0.9278350515463918,2022
match:2022-02-13:visitante:deportivo_cali,2022-02-13_Visitante_Deportivo_Cali.json,2022-02-13,Primera A,Deportivo Cali,Visitante,0 - 2,Daniel Ruiz,,M,84,7.2,True,0,1,1,1,24,18%,1,0,0,8,5,0,3,0,0,0.18,True,0.0,1.0714285714285714,1.0714285714285714,1.0714285714285714,5.357142857142857,0.0,2022
match:2022-02-13:visitante:deportivo_cali,2022-02-13_Visitante_Deportivo_Cali.json,2022-02-13,Primera A,Deportivo Cali,Visitante,0 - 2,Diego Abadia,,F,0,,False,0,0,0,0,0,0%,0,0,0,0,0,0,0,0,0,0.0,False,,,,,,,2022
match:2022-02-13:visitante:deportivo_cali,2022-02-13_Visitante_Deportivo_Cali.json,2022-02-13,Primera A,Deportivo Cali,Visitante,0 - 2,Diego Herazo,,F,76,6.9,True,1,0,1,1,6,5%,0,0,0,3,1,0,1,1,0,0.05,True,1.1842105263157894,0.0,1.1842105263157894,1.1842105263157894,1.1842105263157894,0.0,2022
match:2022-02-13:visitante:deportivo_cali,2022-02-13_Visitante_Deportivo_Cali.json,2022-02-13,Primera A,Deportivo Cali,Visitante,0 - 2,Edgar Guerra,,F,52,6.5,False,0,0,1,0,5,3%,0,1,0,7,1,2,0,0,0,0.03,True,0.0,0.0,1.7307692307692308,0.0,1.7307692307692308,3.4615384615384617,2022
match:2022-02-13:visitante:deportivo_cali,2022-02-13_Visitante_Deportivo_Cali.json,2022-02-13,Primera A,Deportivo Cali,Visitante,0 - 2,Eduardo Sosa,,M,84,7.5,True,1,0,1,1,34,29%,0,0,0,9,6,0,4,0,0,0.29,True,1.0714285714285714,0.0,1.0714285714285714,1.0714285714285714,6.428571428571428,0.0,2022
match:2022-02-13:visitante:deportivo_cali,2022-02-13_Visitante_Deportivo_Cali.json,2022-02-13,Primera A,Deportivo Cali,Visitante,0 - 2,Elvis Perlaza,,D,45,6.3,True,0,0,0,0,14,10%,0,0,0,0,0,0,0,1,0,0.1,True,0.0,0.0,0.0,0.0,0.0,0.0,2022
match:2022-02-13:visitante:deportivo_cali,2022-02-13_Visitante_Deportivo_Cali.json,2022-02-13,Primera A,Deportivo Cali,Visitante,0 - 2,Jader Valencia,,F,21,6.7,False,0,0,0,0,7,5%,0,0,0,6,2,0,0,0,0,0.05,True,0.0,0.0,0.0,0.0,8.571428571428571,0.0,2022
match:2022-02-13:visitante:deportivo_cali,2022-02-13_Visitante_Deportivo_Cali.json,2022-02-13,Primera A,Deportivo Cali,Visitante,0 - 2,Juan Moreno,,G,0,,False,0,0,0,0,0,0%,0,0,0,0,0,0,0,0,0,0.0,False,,,,,,,2022
match:2022-02-13:visitante:deportivo_cali,2022-02-13_Visitante_Deportivo_Cali.json,2022-02-13,Primera A,Deportivo Cali,Visitante,0 - 2,Juan Pablo Vargas,,D,97,7.0,True,0,0,0,0,22,19%,2,1,0,3,2,1,0,0,0,0.19,True,0.0,0.0,0.0,0.0,1.8556701030927836,0.9278350515463918,2022
match:2022-02-13:visitante:deportivo_cali,2022-02-13_Visitante_Deportivo_Cali.json,2022-02-13,Primera A,Deportivo Cali,Visitante,0 - 2,Juan Pereira,,M,14,7.0,False,0,0,1,0,5,4%,0,0,0,2,2,0,0,0,0,0.04,True,0.0,0.0,6.428571428571428,0.0,12.857142857142856,0.0,2022
match:2022-02-13:visitante:deportivo_cali,2022-02-13_Visitante_Deportivo_Cali.json,2022-02-13,Primera A,Deportivo Cali,Visitante,0 - 2,Larry Vásquez,,M,83,6.6,True,0,0,1,1,22,18%,0,1,0,6,2,1,1,0,0,0.18,True,0.0,0.0,1.0843373493975905,1.0843373493975905,2.168674698795181,1.0843373493975905,2022
match:2022-02-13:visitante:deportivo_cali,2022-02-13_Visitante_Deportivo_Cali.json,2022-02-13,Primera A,Deportivo Cali,Visitante,0 - 2,Omar Bertel,,D,97,6.7,True,0,0,0,0,12,9%,2,0,0,6,2,1,0,0,0,0.09,True,0.0,0.0,0.0,0.0,1.8556701030927836,0.9278350515463918,2022
match:2022-02-13:visitante:deportivo_cali,2022-02-13_Visitante_Deportivo_Cali.json,2022-02-13,Primera A,Deportivo Cali,Visitante,0 - 2,Stiven Vega,,M,97,6.3,True,0,0,0,0,29,28%,0,1,0,2,0,1,0,0,0,0.28,True,0.0,0.0,0.0,0.0,0.0,0.9278350515463918,2022
match:2022-02-13:visitante:deportivo_cali,2022-02-13_Visitante_Deportivo_Cali.json,2022-02-13,Primera A,Deportivo Cali,Visitante,0 - 2,Yuber Quiñones,,F,13,6.5,False,0,0,0,0,0,0%,0,0,0,1,0,0,0,0,0,0.0,True,0.0,0.0,0.0,0.0,0.0,0.0,2022
match:2022-02-13:visitante:deportivo_cali,2022-02-13_Visitante_Deportivo_Cali.json,2022-02-13,Primera A,Deportivo Cali,Visitante,0 - 2,Álvaro Montero,,G,97,6.3,True,0,0,0,0,14,11%,0,0,0,1,0,0,0,1,0,0.11,True,0.0,0.0,0.0,0.0,0.0,0.0,2022
match:2022-02-17:local:rionegro_aguilas,2022-02-17_Local_Rionegro_Aguilas.json,2022-02-17,Primera A,Rionegro Aguilas,Local,2 - 0,Andrés Llinás,,D,90,6.9,True,0,0,0,0,51,42%,0,1,1,2,0,0,0,0,0,0.42,True,0.0,0.0,0.0,0.0,0.0,0.0,2022
match:2022-02-17:local:rionegro_aguilas,2022-02-17_Local_Rionegro_Aguilas.json,2022-02-17,Primera A,Rionegro Aguilas,Local,2 - 0,Andrés Murillo,,D,90,7.2,True,0,1,3,1,37,33%,0,1,0,6,2,0,2,0,0,0.33,True,0.0,1.0,3.0,1.0,2.0,0.0,2022
match:2022-02-17:local:rionegro_aguilas,2022-02-17_Local_Rionegro_Aguilas.json,2022-02-17,Primera A,Rionegro Aguilas,Local,2 - 0,Daniel Ruiz,,M,84,8.0,True,1,0,3,2,22,17%,0,3,0,6,5,0,5,0,0,0.17,True,1.0714285714285714,0.0,3.214285714285714,2.142857142857143,5.357142857142857,0.0,2022
match:2022-02-17:local:rionegro_aguilas,2022-02-17_Local_Rionegro_Aguilas.json,2022-02-17,Primera A,Rionegro Aguilas,Local,2 - 0,Diego Abadia,,F,1,,False,0,0,0,0,1,1%,0,0,0,0,0,0,0,0,0,1.0,True,0.0,0.0,0.0,0.0,0.0,0.0,2022
match:2022-02-17:local:rionegro_aguilas,2022-02-17_Local_Rionegro_Aguilas.json,2022-02-17,Primera A,Rionegro Aguilas,Local,2 - 0,Diego Herazo,,F,65,6.2,True,0,0,0,0,5,5%,0,0,0,4,1,0,1,0,0,0.05,True,0.0,0.0,0.0,0.0,1.3846153846153846,0.0,2022
match:2022-02-17:local:rionegro_aguilas,2022-02-17_Local_Rionegro_Aguilas.json,2022-02-17,Primera A,Rionegro Aguilas,Local,2 - 0,Edgar Guerra,,M,89,6.9,True,0,0,0,0,21,18%,0,0,0,3,2,2,1,0,0,0.18,True,0.0,0.0,0.0,0.0,2.0224719101123596,2.0224719101123596,2022
match:2022-02-17:local:rionegro_aguilas,2022-02-17_Local_Rionegro_Aguilas.json,2022-02-17,Primera A,Rionegro Aguilas,Local,2 - 0,Eduardo Sosa,,M,84,7.2,True,0,0,1,1,30,28%,1,2,0,10,6,0,5,0,0,0.28,True,0.0,0.0,1.0714285714285714,1.0714285714285714,6.428571428571428,0.0,2022
match:2022-02-17:local:rionegro_aguilas,2022-02-17_Local_Rionegro_Aguilas.json,2022-02-17,Primera A,Rionegro Aguilas,Local,2 - 0,Elvis Perlaza,,D,89,7.3,True,0,0,0,0,33,27%,2,1,0,4,3,0,1,0,0,0.27,True,0.0,0.0,0.0,0.0,3.033707865168539,0.0,2022
match:2022-02-17:local:rionegro_aguilas,2022-02-17_Local_Rionegro_Aguilas.json,2022-02-17,Primera A,Rionegro Aguilas,Local,2 - 0,Jader Valencia,,F,25,7.7,False,1,0,1,1,7,4%,0,0,0,2,1,1,0,0,0,0.04,True,3.6,0.0,3.6,3.6,3.6,3.6,2022
match:2022-02-17:local:rionegro_aguilas,2022-02-17_Local_Rionegro_Aguilas.json,2022-02-17,Primera A,Rionegro Aguilas,Local,2 - 0,José Cuenú,,D,0,,False,0,0,0,0,0,0%,0,0,0,0,0,0,0,0,0,0.0,False,,,,,,,2022
match:2022-02-17:local:rionegro_aguilas,2022-02-17_Local_Rionegro_Aguilas.json,2022-02-17,Primera A,Rionegro Aguilas,Local,2 - 0,Juan Moreno,,G,0,,False,0,0,0,0,0,0%,0,0,0,0,0,0,0,0,0,0.0,False,,,,,,,2022
match:2022-02-17:local:rionegro_aguilas,2022-02-17_Local_Rionegro_Aguilas.json,2022-02-17,Primera A,Rionegro Aguilas,Local,2 - 0,Juan Pablo Vargas,,D,90,6.9,True,0,0,0,0,64,51%,0,0,0,4,1,0,0,0,0,0.51,True,0.0,0.0,0.0,0.0,1.0,0.0,2022
match:2022-02-17:local:rionegro_aguilas,2022-02-17_Local_Rionegro_Aguilas.json,2022-02-17,Primera A,Rionegro Aguilas,Local,2 - 0,Juan Pereira,,M,9,7.0,False,0,0,1,1,4,4%,1,1,0,1,1,0,0,0,0,0.04,True,0.0,0.0,10.0,10.0,10.0,0.0,2022
match:2022-02-17:local:rionegro_aguilas,2022-02-17_Local_Rionegro_Aguilas.json,2022-02-17,Primera A,Rionegro Aguilas,Local,2 - 0,Larry Vásquez,,M,90,7.3,True,0,1,0,0,43,36%,2,1,0,3,2,0,0,0,0,0.36,True,0.0,1.0,0.0,0.0,2.0,0.0,2022
match:2022-02-17:local:rionegro_aguilas,2022-02-17_Local_Rionegro_Aguilas.json,2022-02-17,Primera A,Rionegro Aguilas,Local,2 - 0,Ricardo Rosales,,D,1,,False,0,0,0,0,1,1%,0,0,0,1,0,1,0,0,0,1.0,True,0.0,0.0,0.0,0.0,0.0,90.0,2022
match:2022-02-17:local:rionegro_aguilas,2022-02-17_Local_Rionegro_Aguilas.json,2022-02-17,Primera A,Rionegro Aguilas,Local,2 - 0,Stiven Vega,,M,90,6.6,True,0,0,0,0,48,42%,2,1,0,11,6,1,2,0,0,0.42,True,0.0,0.0,0.0,0.0,6.0,1.0,2022
match:2022-02-17:local:rionegro_aguilas,2022-02-17_Local_Rionegro_Aguilas.json,2022-02-17,Primera A,Rionegro Aguilas,Local,2 - 0,Yuber Quiñones,,F,9,6.2,False,0,0,0,0,5,4%,0,1,0,3,0,1,0,0,0,0.04,True,0.0,0.0,0.0,0.0,0.0,10.0,2022
match:2022-02-17:local:rionegro_aguilas,2022-02-17_Local_Rionegro_Aguilas.json,2022-02-17,Primera A,Rionegro Aguilas,Local,2 - 0,Álvaro Montero,,G,90,7.3,True,0,0,0,0,24,18%,0,0,0,0,0,0,0,0,0,0.18,True,0.0,0.0,0.0,0.0,0.0,0.0,2022
match:2022-02-20:visitante:jaguares,2022-02-20_Visitante_Jaguares.json,2022-02-20,Primera A,Jaguares,Visitante,1 - 2,Alex Moreno,,D,90,6.2,True,0,0,0,0,21,14%,0,1,0,2,1,0,1,0,0,0.14,True,0.0,0.0,0.0,0.0,1.0,0.0,2022
match:2022-02-20:visitante:jaguares,2022-02-20_Visitante_Jaguares.json,2022-02-20,Primera A,Jaguares,Visitante,1 - 2,Andres Gomez,,M,13,7.0,False,0,0,1,0,4,4%,0,0,0,7,4,1,0,1,0,0.04,True,0.0,0.0,6.923076923076923,0.0,27.692307692307693,6.923076923076923,2022
match:2022-02-20:visitante:jaguares,2022-02-20_Visitante_Jaguares.json,2022-02-20,Primera A,Jaguares,Visitante,1 - 2,Andrés Murillo,,D,90,6.2,True,0,0,0,0,23,15%,0,1,0,9,6,0,0,0,0,0.15,True,0.0,0.0,0.0,0.0,6.0,0.0,2022
match:2022-02-20:visitante:jaguares,2022-02-20_Visitante_Jaguares.json,2022-02-20,Primera A,Jaguares,Visitante,1 - 2,Diego Abadia,,F,0,,False,0,0,0,0,0,0%,0,0,0,0,0,0,0,0,0,0.0,False,,,,,,,2022
match:2022-02-20:visitante:jaguares,2022-02-20_Visitante_Jaguares.json,2022-02-20,Primera A,Jaguares,Visitante,1 - 2,Edgar Guerra,,F,77,7.3,True,1,0,2,2,16,10%,3,0,0,10,6,0,1,0,0,0.1,True,1.168831168831169,0.0,2.337662337662338,2.337662337662338,7.012987012987013,0.0,2022
match:2022-02-20:visitante:jaguares,2022-02-20_Visitante_Jaguares.json,2022-02-20,Primera A,Jaguares,Visitante,1 - 2,Elvis Perlaza,,D,13,6.2,False,0,0,0,0,3,2%,0,0,0,2,0,2,0,1,0,0.02,True,0.0,0.0,0.0,0.0,0.0,13.846153846153847,2022
match:2022-02-20:visitante:jaguares,2022-02-20_Visitante_Jaguares.json,2022-02-20,Primera A,Jaguares,Visitante,1 - 2,Jader Valencia,,F,77,7.5,True,1,0,2,2,15,10%,0,2,0,12,2,3,0,0,0,0.1,True,1.168831168831169,0.0,2.337662337662338,2.337662337662338,2.337662337662338,3.5064935064935066,2022
match:2022-02-20:visitante:jaguares,2022-02-20_Visitante_Jaguares.json,2022-02-20,Primera A,Jaguares,Visitante,1 - 2,José Cuenú,,D,90,7.0,True,0,0,0,0,42,32%,0,2,1,9,4,0,1,0,0,0.32,True,0.0,0.0,0.0,0.0,4.0,0.0,2022
match:2022-02-20:visitante:jaguares,2022-02-20_Visitante_Jaguares.json,2022-02-20,Primera A,Jaguares,Visitante,1 - 2,Juan García,,M,90,6.9,True,0,0,0,0,54,43%,2,1,0,8,3,3,1,0,0,0.43,True,0.0,0.0,0.0,0.0,3.0,3.0,2022
match:2022-02-20:visitante:jaguares,2022-02-20_Visitante_Jaguares.json,2022-02-20,Primera A,Jaguares,Visitante,1 - 2,Juan Moreno,,G,0,,False,0,0,0,0,0,0%,0,0,0,0,0,0,0,0,0,0.0,False,,,,,,,2022
match:2022-02-20:visitante:jaguares,2022-02-20_Visitante_Jaguares.json,2022-02-20,Primera A,Jaguares,Visitante,1 - 2,Juan Pereira,,M,90,6.9,True,0,0,2,1,49,36%,1,0,0,10,3,2,0,0,0,0.36,True,0.0,0.0,2.0,1.0,3.0,2.0,2022
match:2022-02-20:visitante:jaguares,2022-02-20_Visitante_Jaguares.json,2022-02-20,Primera A,Jaguares,Visitante,1 - 2,Oscar Cortés,,F,77,7.2,True,0,1,1,1,38,35%,2,1,0,19,8,3,3,0,0,0.35,True,0.0,1.168831168831169,1.168831168831169,1.168831168831169,9.350649350649352,3.5064935064935066,2022
match:2022-02-20:visitante:jaguares,2022-02-20_Visitante_Jaguares.json,2022-02-20,Primera A,Jaguares,Visitante,1 - 2,Ricardo Márquez,,F,13,6.9,False,0,0,2,1,3,2%,0,0,0,2,1,0,1,0,0,0.02,True,0.0,0.0,13.846153846153847,6.923076923076923,6.923076923076923,0.0,2022
match:2022-02-20:visitante:jaguares,2022-02-20_Visitante_Jaguares.json,2022-02-20,Primera A,Jaguares,Visitante,1 - 2,Ricardo Rosales,,D,77,6.3,True,0,0,0,0,21,12%,2,0,0,5,3,2,0,1,0,0.12,True,0.0,0.0,0.0,0.0,3.5064935064935066,2.337662337662338,2022
match:2022-02-20:visitante:jaguares,2022-02-20_Visitante_Jaguares.json,2022-02-20,Primera A,Jaguares,Visitante,1 - 2,Richard Celis,,F,13,6.7,False,0,0,0,0,2,1%,0,0,0,1,1,0,1,0,0,1.0,True,0.0,0.0,0.0,0.0,6.923076923076923,0.0,2022
match:2022-02-20:visitante:jaguares,2022-02-20_Visitante_Jaguares.json,2022-02-20,Primera A,Jaguares,Visitante,1 - 2,Stiven Vega,,M,8,6.3,False,0,0,0,0,0,0%,0,0,0,0,0,0,0,0,0,0.0,True,0.0,0.0,0.0,0.0,0.0,0.0,2022
match:2022-02-20:visitante:jaguares,2022-02-20_Visitante_Jaguares.json,2022-02-20,Primera A,Jaguares,Visitante,1 - 2,Yuber Quiñones,,M,88,7.2,True,0,1,3,0,14,13%,3,1,0,8,3,1,0,0,0,0.13,True,0.0,1.0227272727272727,3.068181818181818,0.0,3.068181818181818,1.0227272727272727,2022
match:2022-02-20:visitante:jaguares,2022-02-20_Visitante_Jaguares.json,2022-02-20,Primera A,Jaguares,Visitante,1 - 2,Álvaro Montero,,G,90,7.5,True,0,0,0,0,25,11%,0,0,0,1,1,0,0,0,0,0.11,True,0.0,0.0,0.0,0.0,1.0,0.0,2022
match:2022-02-23:local:fluminense,2022-02-23_Local_Fluminense.json,2022-02-23,CONMEBOL Libertadores,Fluminense,Local,1 - 2,Andres Gomez,,M,0,,False,0,0,0,0,0,0%,0,0,0,0,0,0,0,0,0,0.0,False,,,,,,,2022
match:2022-02-23:local:fluminense,2022-02-23_Local_Fluminense.json,2022-02-23,CONMEBOL Libertadores,Fluminense,Local,1 - 2,Andrés Llinás,,D,90,6.3,True,0,0,0,0,37,34%,2,0,0,11,6,2,3,1,0,0.34,True,0.0,0.0,0.0,0.0,6.0,2.0,2022
match:2022-02-23:local:fluminense,2022-02-23_Local_Fluminense.json,2022-02-23,CONMEBOL Libertadores,Fluminense,Local,1 - 2,Andrés Murillo,,D,0,,False,0,0,0,0,0,0%,0,0,0,0,0,0,0,0,0,0.0,False,,,,,,,2022
match:2022-02-23:local:fluminense,2022-02-23_Local_Fluminense.json,2022-02-23,CONMEBOL Libertadores,Fluminense,Local,1 - 2,Andrés Román,,D,89,6.7,True,0,0,0,0,29,23%,2,0,0,5,3,1,0,0,0,0.23,True,0.0,0.0,0.0,0.0,3.033707865168539,1.0112359550561798,2022
match:2022-02-23:local:fluminense,2022-02-23_Local_Fluminense.json,2022-02-23,CONMEBOL Libertadores,Fluminense,Local,1 - 2,Daniel Ruiz,,M,89,6.5,True,0,1,0,0,32,24%,0,0,0,18,6,2,4,0,0,0.24,True,0.0,1.0112359550561798,0.0,0.0,6.067415730337078,2.0224719101123596,2022
match:2022-02-23:local:fluminense,2022-02-23_Local_Fluminense.json,2022-02-23,CONMEBOL Libertadores,Fluminense,Local,1 - 2,David Macalister Silva,,M,89,6.3,True,0,0,1,1,53,39%,1,1,0,8,4,0,1,0,0,0.39,True,0.0,0.0,1.0112359550561798,1.0112359550561798,4.044943820224719,0.0,2022
match:2022-02-23:local:fluminense,2022-02-23_Local_Fluminense.json,2022-02-23,CONMEBOL Libertadores,Fluminense,Local,1 - 2,Diego Herazo,,F,64,6.3,True,0,0,0,0,3,2%,0,0,0,3,0,1,0,0,0,0.02,True,0.0,0.0,0.0,0.0,0.0,1.40625,2022
match:2022-02-23:local:fluminense,2022-02-23_Local_Fluminense.json,2022-02-23,CONMEBOL Libertadores,Fluminense,Local,1 - 2,Edgar Guerra,,F,1,,False,0,0,0,0,0,0%,0,0,0,1,0,1,0,0,0,0.0,True,0.0,0.0,0.0,0.0,0.0,90.0,2022
match:2022-02-23:local:fluminense,2022-02-23_Local_Fluminense.json,2022-02-23,CONMEBOL Libertadores,Fluminense,Local,1 - 2,Eduardo Sosa,,M,19,4.7,True,1,0,1,1,8,5%,0,0,0,3,1,1,1,2,1,0.05,True,4.7368421052631575,0.0,4.7368421052631575,4.7368421052631575,4.7368421052631575,4.7368421052631575,2022
match:2022-02-23:local:fluminense,2022-02-23_Local_Fluminense.json,2022-02-23,CONMEBOL Libertadores,Fluminense,Local,1 - 2,Elvis Perlaza,,D,1,,False,0,0,0,0,1,1%,0,0,0,0,0,0,0,0,0,1.0,True,0.0,0.0,0.0,0.0,0.0,0.0,2022
match:2022-02-23:local:fluminense,2022-02-23_Local_Fluminense.json,2022-02-23,CONMEBOL Libertadores,Fluminense,Local,1 - 2,Jader Valencia,,F,26,6.2,False,0,0,0,0,4,3%,0,0,0,5,0,1,0,0,0,0.03,True,0.0,0.0,0.0,0.0,0.0,3.4615384615384617,2022
match:2022-02-23:local:fluminense,2022-02-23_Local_Fluminense.json,2022-02-23,CONMEBOL Libertadores,Fluminense,Local,1 - 2,José Cuenú,,D,0,,False,0,0,0,0,0,0%,0,0,0,0,0,0,0,0,0,0.0,False,,,,,,,2022
match:2022-02-23:local:fluminense,2022-02-23_Local_Fluminense.json,2022-02-23,CONMEBOL Libertadores,Fluminense,Local,1 - 2,Juan García,,M,0,,False,0,0,0,0,0,0%,0,0,0,0,0,0,0,0,0,0.0,False,,,,,,,2022
match:2022-02-23:local:fluminense,2022-02-23_Local_Fluminense.json,2022-02-23,CONMEBOL Libertadores,Fluminense,Local,1 - 2,Juan Moreno,,G,0,,False,0,0,0,0,0,0%,0,0,0,0,0,0,0,0,0,0.0,False,,,,,,,2022
match:2022-02-23:local:fluminense,2022-02-23_Local_Fluminense.json,2022-02-23,CONMEBOL Libertadores,Fluminense,Local,1 - 2,Juan Pablo Vargas,,D,90,6.7,True,0,0,0,0,50,37%,1,3,0,6,3,1,0,0,0,0.37,True,0.0,0.0,0.0,0.0,3.0,1.0,2022
match:2022-02-23:local:fluminense,2022-02-23_Local_Fluminense.json,2022-02-23,CONMEBOL Libertadores,Fluminense,Local,1 - 2,Juan Pereira,,M,1,,False,0,0,0,0,3,1%,0,0,0,0,0,0,0,0,0,1.0,True,0.0,0.0,0.0,0.0,0.0,0.0,2022
match:2022-02-23:local:fluminense,2022-02-23_Local_Fluminense.json,2022-02-23,CONMEBOL Libertadores,Fluminense,Local,1 - 2,Larry Vásquez,,M,83,6.3,True,0,0,3,1,31,28%,0,0,0,7,1,2,0,0,0,0.28,True,0.0,0.0,3.253012048192771,1.0843373493975905,1.0843373493975905,2.168674698795181,2022
match:2022-02-23:local:fluminense,2022-02-23_Local_Fluminense.json,2022-02-23,CONMEBOL Libertadores,Fluminense,Local,1 - 2,Omar Bertel,,D,90,5.6,True,0,0,0,0,36,26%,0,0,0,4,0,0,0,0,0,0.26,True,0.0,0.0,0.0,0.0,0.0,0.0,2022
match:2022-02-23:local:fluminense,2022-02-23_Local_Fluminense.json,2022-02-23,CONMEBOL Libertadores,Fluminense,Local,1 - 2,Ricardo Márquez,,F,0,,False,0,0,0,0,0,0%,0,0,0,0,0,0,0,0,0,0.0,False,,,,,,,2022
match:2022-02-23:local:fluminense,2022-02-23_Local_Fluminense.json,2022-02-23,CONMEBOL Libertadores,Fluminense,Local,1 - 2,Richard Celis,,F,13,6.3,False,0,0,0,0,2,2%,1,0,0,2,1,0,0,0,0,0.02,True,0.0,0.0,0.0,0.0,6.923076923076923,0.0,2022
match:2022-02-23:local:fluminense,2022-02-23_Local_Fluminense.json,2022-02-23,CONMEBOL Libertadores,Fluminense,Local,1 - 2,Stiven Vega,,M,90,6.9,True,0,0,0,0,46,41%,3,2,0,7,3,2,0,0,0,0.41,True,0.0,0.0,0.0,0.0,3.0,2.0,2022
match:2022-02-23:local:fluminense,2022-02-23_Local_Fluminense.json,2022-02-23,CONMEBOL Libertadores,Fluminense,Local,1 - 2,Yuber Quiñones,,F,0,,False,0,0,0,0,0,0%,0,0,0,0,0,0,0,0,0,0.0,False,,,,,,,2022
match:2022-02-23:local:fluminense,2022-02-23_Local_Fluminense.json,2022-02-23,CONMEBOL Libertadores,Fluminense,Local,1 - 2,Álvaro Montero,,G,90,7.2,True,0,0,0,0,23,15%,0,0,0,0,0,0,0,0,0,0.15,True,0.0,0.0,0.0,0.0,0.0,0.0,2022
match:2022-02-27:local:cortulua,2022-02-27_Local_Cortulua.json,2022-02-27,Primera A,Cortulua,Local,1 - 0,Alex Moreno,,D,0,,False,0,0,0,0,0,0%,0,0,0,0,0,0,0,0,0,0.0,False,,,,,,,2022
match:2022-02-27:local:cortulua,2022-02-27_Local_Cortulua.json,2022-02-27,Primera A,Cortulua,Local,1 - 0,Andres Gomez,,M,49,7.2,False,0,0,1,1,12,7%,1,1,0,5,4,0,0,0,0,0.07,True,0.0,0.0,1.8367346938775508,1.8367346938775508,7.346938775510203,0.0,2022
match:2022-02-27:local:cortulua,2022-02-27_Local_Cortulua.json,2022-02-27,Primera A,Cortulua,Local,1 - 0,Andrés Murillo,,D,94,6.6,True,0,0,0,0,26,17%,2,0,1,3,2,0,0,0,0,0.17,True,0.0,0.0,0.0,0.0,1.9148936170212765,0.0,2022
match:2022-02-27:local:cortulua,2022-02-27_Local_Cortulua.json,2022-02-27,Primera A,Cortulua,Local,1 - 0,Camilo Andrés Romero Jiménez,,G,0,,False,0,0,0,0,0,0%,0,0,0,0,0,0,0,0,0,0.0,False,,,,,,,2022
match:2022-02-27:local:cortulua,2022-02-27_Local_Cortulua.json,2022-02-27,Primera A,Cortulua,Local,1 - 0,Dewar Victoria,,M,0,,False,0,0,0,0,0,0%,0,0,0,0,0,0,0,0,0,0.0,False,,,,,,,2022
match:2022-02-27:local:cortulua,2022-02-27_Local_Cortulua.json,2022-02-27,Primera A,Cortulua,Local,1 - 0,Diego Abadia,,F,14,6.7,False,0,0,1,0,3,2%,0,0,0,2,0,1,0,0,0,0.02,True,0.0,0.0,6.428571428571428,0.0,0.0,6.428571428571428,2022
match:2022-02-27:local:cortulua,2022-02-27_Local_Cortulua.json,2022-02-27,Primera A,Cortulua,Local,1 - 0,Edgar Guerra,,F,45,6.9,True,0,0,1,1,14,12%,1,0,0,4,2,0,1,0,0,0.12,True,0.0,0.0,2.0,2.0,4.0,0.0,2022
match:2022-02-27:local:cortulua,2022-02-27_Local_Cortulua.json,2022-02-27,Primera A,Cortulua,Local,1 - 0,Eduardo Sosa,,M,80,7.3,True,0,0,3,1,46,38%,1,1,0,6,4,0,2,0,0,0.38,True,0.0,0.0,3.375,1.125,4.5,0.0,2022
match:2022-02-27:local:cortulua,2022-02-27_Local_Cortulua.json,2022-02-27,Primera A,Cortulua,Local,1 - 0,Elvis Perlaza,,D,94,7.0,True,0,0,0,0,41,35%,2,1,0,7,3,3,1,1,0,0.35,True,0.0,0.0,0.0,0.0,2.8723404255319145,2.8723404255319145,2022
match:2022-02-27:local:cortulua,2022-02-27_Local_Cortulua.json,2022-02-27,Primera A,Cortulua,Local,1 - 0,Jader Valencia,,F,80,6.9,True,0,0,0,0,24,20%,0,0,0,8,5,1,0,0,0,0.2,True,0.0,0.0,0.0,0.0,5.625,1.125,2022
match:2022-02-27:local:cortulua,2022-02-27_Local_Cortulua.json,2022-02-27,Primera A,Cortulua,Local,1 - 0,José Cuenú,,D,94,7.5,True,0,0,0,0,50,45%,0,3,2,2,1,0,0,0,0,0.45,True,0.0,0.0,0.0,0.0,0.9574468085106382,0.0,2022
match:2022-02-27:local:cortulua,2022-02-27_Local_Cortulua.json,2022-02-27,Primera A,Cortulua,Local,1 - 0,Juan García,,M,94,6.7,True,0,0,0,0,56,51%,2,1,0,9,2,3,0,0,0,0.51,True,0.0,0.0,0.0,0.0,1.9148936170212765,2.8723404255319145,2022
match:2022-02-27:local:cortulua,2022-02-27_Local_Cortulua.json,2022-02-27,Primera A,Cortulua,Local,1 - 0,Juan Pablo Vargas,,D,94,7.7,True,0,0,2,0,43,34%,3,2,0,6,5,0,0,0,0,0.34,True,0.0,0.0,1.9148936170212765,0.0,4.787234042553192,0.0,2022
match:2022-02-27:local:cortulua,2022-02-27_Local_Cortulua.json,2022-02-27,Primera A,Cortulua,Local,1 - 0,Juan Pereira,,M,94,7.9,True,1,0,2,1,54,47%,3,4,0,7,4,1,0,0,0,0.47,True,0.9574468085106382,0.0,1.9148936170212765,0.9574468085106382,3.829787234042553,0.9574468085106382,2022
match:2022-02-27:local:cortulua,2022-02-27_Local_Cortulua.json,2022-02-27,Primera A,Cortulua,Local,1 - 0,Ricardo Márquez,,F,14,6.7,False,0,0,0,0,0,0%,0,0,1,3,0,1,0,1,0,0.0,True,0.0,0.0,0.0,0.0,0.0,6.428571428571428,2022
match:2022-02-27:local:cortulua,2022-02-27_Local_Cortulua.json,2022-02-27,Primera A,Cortulua,Local,1 - 0,Richard Celis,,F,45,6.9,True,0,0,1,0,21,20%,2,0,0,9,3,2,1,1,0,0.2,True,0.0,0.0,2.0,0.0,6.0,4.0,2022
match:2022-02-27:local:cortulua,2022-02-27_Local_Cortulua.json,2022-02-27,Primera A,Cortulua,Local,1 - 0,Yuber Quiñones,,F,49,6.6,False,0,0,0,0,9,7%,1,2,0,2,1,1,0,0,0,0.07,True,0.0,0.0,0.0,0.0,1.8367346938775508,1.8367346938775508,2022
match:2022-02-27:local:cortulua,2022-02-27_Local_Cortulua.json,2022-02-27,Primera A,Cortulua,Local,1 - 0,Álvaro Montero,,G,94,7.7,True,0,0,0,0,18,14%,0,0,0,0,0,0,0,0,0,0.14,True,0.0,0.0,0.0,0.0,0.0,0.0,2022
match:2022-03-02:visitante:fluminense,2022-03-02_Visitante_Fluminense.json,2022-03-02,CONMEBOL Libertadores,Fluminense,Visitante,2 - 0,Andres Gomez,,M,24,6.2,False,0,0,0,0,4,4%,0,1,0,3,0,0,0,0,0,0.04,True,0.0,0.0,0.0,0.0,0.0,0.0,2022
match:2022-03-02:visitante:fluminense,2022-03-02_Visitante_Fluminense.json,2022-03-02,CONMEBOL Libertadores,Fluminense,Visitante,2 - 0,Andrés Llinás,,D,90,6.3,True,0,0,0,0,48,39%,1,2,1,12,5,2,0,0,0,0.39,True,0.0,0.0,0.0,0.0,5.0,2.0,2022
match:2022-03-02:visitante:fluminense,2022-03-02_Visitante_Fluminense.json,2022-03-02,CONMEBOL Libertadores,Fluminense,Visitante,2 - 0,Andrés Murillo,,D,0,,False,0,0,0,0,0,0%,0,0,0,0,0,0,0,0,0,0.0,False,,,,,,,2022
match:2022-03-02:visitante:fluminense,2022-03-02_Visitante_Fluminense.json,2022-03-02,CONMEBOL Libertadores,Fluminense,Visitante,2 - 0,Andrés Román,,D,90,7.0,True,0,0,0,0,39,34%,5,1,1,14,8,3,1,0,0,0.34,True,0.0,0.0,0.0,0.0,8.0,3.0,2022
match:2022-03-02:visitante:fluminense,2022-03-02_Visitante_Fluminense.json,2022-03-02,CONMEBOL Libertadores,Fluminense,Visitante,2 - 0,Daniel Ruiz,,M,86,6.9,True,0,0,1,1,33,30%,0,0,0,5,2,0,2,0,0,0.3,True,0.0,0.0,1.0465116279069768,1.0465116279069768,2.0930232558139537,0.0,2022
match:2022-03-02:visitante:fluminense,2022-03-02_Visitante_Fluminense.json,2022-03-02,CONMEBOL Libertadores,Fluminense,Visitante,2 - 0,David Macalister Silva,,M,85,6.9,True,0,0,0,0,59,51%,1,1,0,4,2,0,1,0,0,0.51,True,0.0,0.0,0.0,0.0,2.1176470588235294,0.0,2022
match:2022-03-02:visitante:fluminense,2022-03-02_Visitante_Fluminense.json,2022-03-02,CONMEBOL Libertadores,Fluminense,Visitante,2 - 0,Diego Herazo,,F,45,6.6,True,0,0,2,1,3,1%,0,0,0,5,2,1,0,1,0,1.0,True,0.0,0.0,4.0,2.0,4.0,2.0,2022
match:2022-03-02:visitante:fluminense,2022-03-02_Visitante_Fluminense.json,2022-03-02,CONMEBOL Libertadores,Fluminense,Visitante,2 - 0,Elvis Perlaza,,D,0,,False,0,0,0,0,0,0%,0,0,0,0,0,0,0,0,0,0.0,False,,,,,,,2022
match:2022-03-02:visitante:fluminense,2022-03-02_Visitante_Fluminense.json,2022-03-02,CONMEBOL Libertadores,Fluminense,Visitante,2 - 0,Jader Valencia,,F,45,6.3,False,0,0,1,0,5,4%,0,1,0,4,0,0,0,0,0,0.04,True,0.0,0.0,2.0,0.0,0.0,0.0,2022
match:2022-03-02:visitante:fluminense,2022-03-02_Visitante_Fluminense.json,2022-03-02,CONMEBOL Libertadores,Fluminense,Visitante,2 - 0,José Cuenú,,D,0,,False,0,0,0,0,0,0%,0,0,0,0,0,0,0,0,0,0.0,False,,,,,,,2022
match:2022-03-02:visitante:fluminense,2022-03-02_Visitante_Fluminense.json,2022-03-02,CONMEBOL Libertadores,Fluminense,Visitante,2 - 0,Juan García,,M,0,,False,0,0,0,0,0,0%,0,0,0,0,0,0,0,0,0,0.0,False,,,,,,,2022
match:2022-03-02:visitante:fluminense,2022-03-02_Visitante_Fluminense.json,2022-03-02,CONMEBOL Libertadores,Fluminense,Visitante,2 - 0,Juan Moreno,,G,0,,False,0,0,0,0,0,0%,0,0,0,0,0,0,0,0,0,0.0,False,,,,,,,2022
match:2022-03-02:visitante:fluminense,2022-03-02_Visitante_Fluminense.json,2022-03-02,CONMEBOL Libertadores,Fluminense,Visitante,2 - 0,Juan Pablo Vargas,,D,90,6.6,True,0,0,1,1,41,37%,1,1,0,8,5,2,1,1,0,0.37,True,0.0,0.0,1.0,1.0,5.0,2.0,2022
match:2022-03-02:visitante:fluminense,2022-03-02_Visitante_Fluminense.json,2022-03-02,CONMEBOL Libertadores,Fluminense,Visitante,2 - 0,Juan Pereira,,M,10,6.9,False,0,0,0,0,6,2%,2,0,0,2,2,0,0,0,0,0.02,True,0.0,0.0,0.0,0.0,18.0,0.0,2022
match:2022-03-02:visitante:fluminense,2022-03-02_Visitante_Fluminense.json,2022-03-02,CONMEBOL Libertadores,Fluminense,Visitante,2 - 0,Larry Vásquez,,M,67,6.6,True,0,0,0,0,36,32%,1,2,0,7,3,0,0,0,0,0.32,True,0.0,0.0,0.0,0.0,4.029850746268656,0.0,2022
match:2022-03-02:visitante:fluminense,2022-03-02_Visitante_Fluminense.json,2022-03-02,CONMEBOL Libertadores,Fluminense,Visitante,2 - 0,Omar Bertel,,D,90,7.5,True,0,0,1,1,38,32%,3,0,0,12,8,2,1,0,0,0.32,True,0.0,0.0,1.0,1.0,8.0,2.0,2022
match:2022-03-02:visitante:fluminense,2022-03-02_Visitante_Fluminense.json,2022-03-02,CONMEBOL Libertadores,Fluminense,Visitante,2 - 0,Ricardo Márquez,,F,23,6.5,False,0,0,1,1,2,2%,0,0,0,6,1,2,0,1,0,0.02,True,0.0,0.0,3.9130434782608696,3.9130434782608696,3.9130434782608696,7.826086956521739,2022
match:2022-03-02:visitante:fluminense,2022-03-02_Visitante_Fluminense.json,2022-03-02,CONMEBOL Libertadores,Fluminense,Visitante,2 - 0,Richard Celis,,M,66,6.2,True,0,0,0,0,22,18%,1,0,0,17,6,5,0,0,0,0.18,True,0.0,0.0,0.0,0.0,8.181818181818182,6.818181818181818,2022
match:2022-03-02:visitante:fluminense,2022-03-02_Visitante_Fluminense.json,2022-03-02,CONMEBOL Libertadores,Fluminense,Visitante,2 - 0,Stiven Vega,,M,90,7.0,True,0,0,1,1,53,50%,5,2,0,15,8,3,1,0,0,0.5,True,0.0,0.0,1.0,1.0,8.0,3.0,2022
match:2022-03-02:visitante:fluminense,2022-03-02_Visitante_Fluminense.json,2022-03-02,CONMEBOL Libertadores,Fluminense,Visitante,2 - 0,Yuber Quiñones,,F,9,6.6,False,0,0,0,0,1,1%,0,0,0,1,0,0,0,0,0,1.0,True,0.0,0.0,0.0,0.0,0.0,0.0,2022
match:2022-03-02:visitante:fluminense,2022-03-02_Visitante_Fluminense.json,2022-03-02,CONMEBOL Libertadores,Fluminense,Visitante,2 - 0,Álvaro Montero,,G,90,6.6,True,0,0,0,0,21,15%,0,0,0,0,0,0,0,0,0,0.15,True,0.0,0.0,0.0,0.0,0.0,0.0,2022
match:2022-03-07:visitante:santa_fe,2022-03-07_Visitante_Santa_Fe.json,2022-03-07,Primera A,Santa Fe,Visitante,0 - 3,Andrés Llinás,,D,92,6.7,True,0,0,0,0,39,36%,0,4,0,5,0,1,0,1,0,0.36,True,0.0,0.0,0.0,0.0,0.0,0.9782608695652174,2022
match:2022-03-07:visitante:santa_fe,2022-03-07_Visitante_Santa_Fe.json,2022-03-07,Primera A,Santa Fe,Visitante,0 - 3,Andrés Murillo,,D,0,,False,0,0,0,0,0,0%,0,0,0,0,0,0,0,0,0,0.0,False,,,,,,,2022
match:2022-03-07:visitante:santa_fe,2022-03-07_Visitante_Santa_Fe.json,2022-03-07,Primera A,Santa Fe,Visitante,0 - 3,Daniel Ruiz,,M,72,7.6,True,0,0,0,0,33,22%,5,0,0,8,7,0,1,0,0,0.22,True,0.0,0.0,0.0,0.0,8.75,0.0,2022
match:2022-03-07:visitante:santa_fe,2022-03-07_Visitante_Santa_Fe.json,2022-03-07,Primera A,Santa Fe,Visitante,0 - 3,David Macalister Silva,,M,92,6.7,True,0,0,2,0,44,33%,1,0,0,5,3,0,1,0,0,0.33,True,0.0,0.0,1.9565217391304348,0.0,2.934782608695652,0.0,2022
match:2022-03-07:visitante:santa_fe,2022-03-07_Visitante_Santa_Fe.json,2022-03-07,Primera A,Santa Fe,Visitante,0 - 3,Diego Herazo,,F,56,7.3,False,1,0,3,3,4,2%,0,0,0,3,1,0,1,0,0,0.02,True,1.607142857142857,0.0,4.821428571428571,4.821428571428571,1.607142857142857,0.0,2022
match:2022-03-07:visitante:santa_fe,2022-03-07_Visitante_Santa_Fe.json,2022-03-07,Primera A,Santa Fe,Visitante,0 - 3,Edgar Guerra,,F,20,7.3,False,1,0,1,1,13,11%,0,0,0,4,3,1,1,0,0,0.11,True,4.5,0.0,4.5,4.5,13.5,4.5,2022
match:2022-03-07:visitante:santa_fe,2022-03-07_Visitante_Santa_Fe.json,2022-03-07,Primera A,Santa Fe,Visitante,0 - 3,Eduardo Sosa,,M,72,6.6,True,0,0,3,1,31,24%,0,0,0,3,2,0,2,0,0,0.24,True,0.0,0.0,3.75,1.25,2.5,0.0,2022
match:2022-03-07:visitante:santa_fe,2022-03-07_Visitante_Santa_Fe.json,2022-03-07,Primera A,Santa Fe,Visitante,0 - 3,Elvis Perlaza,,D,57,6.7,True,0,0,0,0,33,26%,1,2,0,4,1,0,0,1,0,0.26,True,0.0,0.0,0.0,0.0,1.5789473684210527,0.0,2022
match:2022-03-07:visitante:santa_fe,2022-03-07_Visitante_Santa_Fe.json,2022-03-07,Primera A,Santa Fe,Visitante,0 - 3,Jader Valencia,,F,36,6.5,True,0,0,0,0,8,6%,0,0,0,4,0,1,0,0,0,0.06,True,0.0,0.0,0.0,0.0,0.0,2.5,2022
match:2022-03-07:visitante:santa_fe,2022-03-07_Visitante_Santa_Fe.json,2022-03-07,Primera A,Santa Fe,Visitante,0 - 3,Juan Moreno,,G,0,,False,0,0,0,0,0,0%,0,0,0,0,0,0,0,0,0,0.0,False,,,,,,,2022
match:2022-03-07:visitante:santa_fe,2022-03-07_Visitante_Santa_Fe.json,2022-03-07,Primera A,Santa Fe,Visitante,0 - 3,Juan Pablo Vargas,,D,92,6.9,True,0,0,0,0,48,42%,0,2,0,1,1,0,0,0,0,0.42,True,0.0,0.0,0.0,0.0,0.9782608695652174,0.0,2022
match:2022-03-07:visitante:santa_fe,2022-03-07_Visitante_Santa_Fe.json,2022-03-07,Primera A,Santa Fe,Visitante,0 - 3,Juan Pereira,,M,35,6.7,False,0,0,0,0,17,16%,0,0,0,4,2,2,2,0,0,0.16,True,0.0,0.0,0.0,0.0,5.142857142857142,5.142857142857142,2022
match:2022-03-07:visitante:santa_fe,2022-03-07_Visitante_Santa_Fe.json,2022-03-07,Primera A,Santa Fe,Visitante,0 - 3,Larry Vásquez,,M,92,8.3,True,1,0,1,1,60,56%,3,0,0,4,4,0,0,0,0,0.56,True,0.9782608695652174,0.0,0.9782608695652174,0.9782608695652174,3.9130434782608696,0.0,2022
match:2022-03-07:visitante:santa_fe,2022-03-07_Visitante_Santa_Fe.json,2022-03-07,Primera A,Santa Fe,Visitante,0 - 3,Omar Bertel,,D,92,6.9,True,0,0,0,0,46,38%,1,1,0,4,2,0,0,0,0,0.38,True,0.0,0.0,0.0,0.0,1.9565217391304348,0.0,2022
match:2022-03-07:visitante:santa_fe,2022-03-07_Visitante_Santa_Fe.json,2022-03-07,Primera A,Santa Fe,Visitante,0 - 3,Oscar Cortés,,M,0,,False,0,0,0,0,0,0%,0,0,0,0,0,0,0,0,0,0.0,False,,,,,,,2022
match:2022-03-07:visitante:santa_fe,2022-03-07_Visitante_Santa_Fe.json,2022-03-07,Primera A,Santa Fe,Visitante,0 - 3,Richard Celis,,F,20,7.6,False,0,1,1,1,7,6%,1,1,0,5,5,0,3,0,0,0.06,True,0.0,4.5,4.5,4.5,22.5,0.0,2022
match:2022-03-07:visitante:santa_fe,2022-03-07_Visitante_Santa_Fe.json,2022-03-07,Primera A,Santa Fe,Visitante,0 - 3,Stiven Vega,,M,92,6.9,True,0,0,1,0,41,38%,0,2,0,6,3,1,0,0,0,0.38,True,0.0,0.0,0.9782608695652174,0.0,2.934782608695652,0.9782608695652174,2022
match:2022-03-07:visitante:santa_fe,2022-03-07_Visitante_Santa_Fe.json,2022-03-07,Primera A,Santa Fe,Visitante,0 - 3,Álvaro Montero,,G,92,7.2,True,0,0,0,0,33,27%,0,0,0,0,0,0,0,0,0,0.27,True,0.0,0.0,0.0,0.0,0.0,0.0,2022
match:2022-03-19:local:once_caldas,2022-03-19_Local_Once_Caldas.json,2022-03-19,Primera A,Once Caldas,Local,1 - 0,Andrés Llinás,,D,71,7.3,True,0,0,1,0,51,45%,2,2,0,7,5,0,0,0,0,0.45,True,0.0,0.0,1.267605633802817,0.0,6.338028169014085,0.0,2022
match:2022-03-19:local:once_caldas,2022-03-19_Local_Once_Caldas.json,2022-03-19,Primera A,Once Caldas,Local,1 - 0,Andrés Murillo,,D,71,6.9,True,0,0,1,0,25,18%,2,0,0,8,5,1,1,0,0,0.18,True,0.0,0.0,1.267605633802817,0.0,6.338028169014085,1.267605633802817,2022
match:2022-03-19:local:once_caldas,2022-03-19_Local_Once_Caldas.json,2022-03-19,Primera A,Once Caldas,Local,1 - 0,Daniel Ruiz,,M,96,8.0,True,1,0,2,1,41,34%,0,0,0,11,4,0,2,0,0,0.34,True,0.9375,0.0,1.875,0.9375,3.75,0.0,2022
match:2022-03-19:local:once_caldas,2022-03-19_Local_Once_Caldas.json,2022-03-19,Primera A,Once Caldas,Local,1 - 0,Diego Herazo,,F,45,6.9,True,0,0,1,0,7,5%,1,0,0,1,1,0,0,0,0,0.05,True,0.0,0.0,2.0,0.0,2.0,0.0,2022
match:2022-03-19:local:once_caldas,2022-03-19_Local_Once_Caldas.json,2022-03-19,Primera A,Once Caldas,Local,1 - 0,Edgar Guerra,,F,24,6.3,False,0,0,1,1,5,4%,0,1,0,6,1,2,1,1,0,0.04,True,0.0,0.0,3.75,3.75,3.75,7.5,2022
match:2022-03-19:local:once_caldas,2022-03-19_Local_Once_Caldas.json,2022-03-19,Primera A,Once Caldas,Local,1 - 0,Eduardo Sosa,,M,83,7.3,True,0,0,2,1,39,31%,1,0,1,12,7,0,2,0,0,0.31,True,0.0,0.0,2.168674698795181,1.0843373493975905,7.590361445783132,0.0,2022
match:2022-03-19:local:once_caldas,2022-03-19_Local_Once_Caldas.json,2022-03-19,Primera A,Once Caldas,Local,1 - 0,Elvis Perlaza,,D,96,7.0,True,0,0,0,0,37,27%,2,1,0,7,4,2,1,0,0,0.27,True,0.0,0.0,0.0,0.0,3.75,1.875,2022
match:2022-03-19:local:once_caldas,2022-03-19_Local_Once_Caldas.json,2022-03-19,Primera A,Once Caldas,Local,1 - 0,Jader Valencia,,F,51,6.0,False,0,0,1,0,9,7%,0,0,0,8,2,1,1,0,0,0.07,True,0.0,0.0,1.7647058823529411,0.0,3.5294117647058822,1.7647058823529411,2022
match:2022-03-19:local:once_caldas,2022-03-19_Local_Once_Caldas.json,2022-03-19,Primera A,Once Caldas,Local,1 - 0,José Cuenú,,D,25,6.9,False,0,0,0,0,3,3%,0,1,1,1,0,0,0,0,0,0.03,True,0.0,0.0,0.0,0.0,0.0,0.0,2022
match:2022-03-19:local:once_caldas,2022-03-19_Local_Once_Caldas.json,2022-03-19,Primera A,Once Caldas,Local,1 - 0,Juan Moreno,,G,0,,False,0,0,0,0,0,0%,0,0,0,0,0,0,0,0,0,0.0,False,,,,,,,2022
match:2022-03-19:local:once_caldas,2022-03-19_Local_Once_Caldas.json,2022-03-19,Primera A,Once Caldas,Local,1 - 0,Juan Pablo Vargas,,D,96,7.2,True,0,0,0,0,53,42%,2,0,1,5,4,0,0,0,0,0.42,True,0.0,0.0,0.0,0.0,3.75,0.0,2022
match:2022-03-19:local:once_caldas,2022-03-19_Local_Once_Caldas.json,2022-03-19,Primera A,Once Caldas,Local,1 - 0,Juan Pereira,,M,13,6.7,False,0,0,0,0,6,5%,0,0,0,1,1,0,0,0,0,0.05,True,0.0,0.0,0.0,0.0,6.923076923076923,0.0,2022
match:2022-03-19:local:once_caldas,2022-03-19_Local_Once_Caldas.json,2022-03-19,Primera A,Once Caldas,Local,1 - 0,Larry Vásquez,,M,96,7.3,True,0,0,2,1,54,47%,3,1,0,13,8,3,0,0,0,0.47,True,0.0,0.0,1.875,0.9375,7.5,2.8125,2022
match:2022-03-19:local:once_caldas,2022-03-19_Local_Once_Caldas.json,2022-03-19,Primera A,Once Caldas,Local,1 - 0,Oscar Cortés,,M,0,,False,0,0,0,0,0,0%,0,0,0,0,0,0,0,0,0,0.0,False,,,,,,,2022
match:2022-03-19:local:once_caldas,2022-03-19_Local_Once_Caldas.json,2022-03-19,Primera A,Once Caldas,Local,1 - 0,Ricardo Rosales,,D,25,6.3,False,0,0,0,0,2,1%,0,1,0,2,0,2,0,0,0,1.0,True,0.0,0.0,0.0,0.0,0.0,7.2,2022
match:2022-03-19:local:once_caldas,2022-03-19_Local_Once_Caldas.json,2022-03-19,Primera A,Once Caldas,Local,1 - 0,Richard Celis,,M,72,6.7,True,0,0,2,1,23,19%,1,0,0,5,1,0,0,0,0,0.19,True,0.0,0.0,2.5,1.25,1.25,0.0,2022
match:2022-03-19:local:once_caldas,2022-03-19_Local_Once_Caldas.json,2022-03-19,Primera A,Once Caldas,Local,1 - 0,Stiven Vega,,M,96,6.3,True,0,0,0,0,49,43%,2,1,0,9,3,0,0,0,0,0.43,True,0.0,0.0,0.0,0.0,2.8125,0.0,2022
match:2022-03-19:local:once_caldas,2022-03-19_Local_Once_Caldas.json,2022-03-19,Primera A,Once Caldas,Local,1 - 0,Álvaro Montero,,G,96,6.6,True,0,0,0,0,30,21%,0,0,0,0,0,0,0,0,0,0.21,True,0.0,0.0,0.0,0.0,0.0,0.0,2022
match:2022-03-24:visitante:independiente_medellin,2022-03-24_Visitante_Independiente_Medellin.json,2022-03-24,Primera A,Independiente Medellin,Visitante,1 - 0,Andrés Llinás,,D,90,7.2,True,0,0,0,0,53,49%,1,2,1,7,5,1,0,0,0,0.49,True,0.0,0.0,0.0,0.0,5.0,1.0,2022
match:2022-03-24:visitante:independiente_medellin,2022-03-24_Visitante_Independiente_Medellin.json,2022-03-24,Primera A,Independiente Medellin,Visitante,1 - 0,Andrés Murillo,,D,90,7.2,True,0,0,0,0,42,35%,2,1,0,9,8,1,2,0,0,0.35,True,0.0,0.0,0.0,0.0,8.0,1.0,2022
match:2022-03-24:visitante:independiente_medellin,2022-03-24_Visitante_Independiente_Medellin.json,2022-03-24,Primera A,Independiente Medellin,Visitante,1 - 0,Camilo Andrés Romero Jiménez,,G,0,,False,0,0,0,0,0,0%,0,0,0,0,0,0,0,0,0,0.0,False,,,,,,,2022
match:2022-03-24:visitante:independiente_medellin,2022-03-24_Visitante_Independiente_Medellin.json,2022-03-24,Primera A,Independiente Medellin,Visitante,1 - 0,Daniel Ruiz,,M,90,7.9,True,0,0,1,1,52,42%,1,0,0,11,9,1,6,0,0,0.42,True,0.0,0.0,1.0,1.0,9.0,1.0,2022
match:2022-03-24:visitante:independiente_medellin,2022-03-24_Visitante_Independiente_Medellin.json,2022-03-24,Primera A,Independiente Medellin,Visitante,1 - 0,David Macalister Silva,,M,52,7.2,False,0,0,1,0,56,44%,0,0,0,1,0,0,0,0,0,0.44,True,0.0,0.0,1.7307692307692308,0.0,0.0,0.0,2022
match:2022-03-24:visitante:independiente_medellin,2022-03-24_Visitante_Independiente_Medellin.json,2022-03-24,Primera A,Independiente Medellin,Visitante,1 - 0,Diego Herazo,,F,45,6.9,False,0,0,2,0,6,6%,0,0,0,5,2,0,0,0,0,0.06,True,0.0,0.0,4.0,0.0,4.0,0.0,2022
match:2022-03-24:visitante:independiente_medellin,2022-03-24_Visitante_Independiente_Medellin.json,2022-03-24,Primera A,Independiente Medellin,Visitante,1 - 0,Edgar Guerra,,F,26,6.3,False,0,0,1,0,7,7%,0,0,0,1,0,0,0,1,0,0.07,True,0.0,0.0,3.4615384615384617,0.0,0.0,0.0,2022
match:2022-03-24:visitante:independiente_medellin,2022-03-24_Visitante_Independiente_Medellin.json,2022-03-24,Primera A,Independiente Medellin,Visitante,1 - 0,Eduardo Sosa,,M,45,6.3,True,0,0,1,0,13,10%,1,0,0,7,3,1,1,0,0,0.1,True,0.0,0.0,2.0,0.0,6.0,2.0,2022
match:2022-03-24:visitante:independiente_medellin,2022-03-24_Visitante_Independiente_Medellin.json,2022-03-24,Primera A,Independiente Medellin,Visitante,1 - 0,Elvis Perlaza,,D,90,6.9,True,0,0,1,0,44,41%,0,0,0,7,3,2,2,0,0,0.41,True,0.0,0.0,1.0,0.0,3.0,2.0,2022
match:2022-03-24:visitante:independiente_medellin,2022-03-24_Visitante_Independiente_Medellin.json,2022-03-24,Primera A,Independiente Medellin,Visitante,1 - 0,Jader Valencia,,F,71,6.7,True,0,0,1,0,13,8%,0,0,0,5,2,3,1,0,0,0.08,True,0.0,0.0,1.267605633802817,0.0,2.535211267605634,3.8028169014084505,2022
match:2022-03-24:visitante:independiente_medellin,2022-03-24_Visitante_Independiente_Medellin.json,2022-03-24,Primera A,Independiente Medellin,Visitante,1 - 0,José Cuenú,,D,38,6.3,True,0,0,0,0,14,11%,0,0,0,1,0,1,0,1,0,0.11,True,0.0,0.0,0.0,0.0,0.0,2.3684210526315788,2022
match:2022-03-24:visitante:independiente_medellin,2022-03-24_Visitante_Independiente_Medellin.json,2022-03-24,Primera A,Independiente Medellin,Visitante,1 - 0,Juan Moreno,,G,90,5.6,True,0,0,0,0,13,13%,0,0,0,2,0,1,0,1,0,0.13,True,0.0,0.0,0.0,0.0,0.0,1.0,2022
match:2022-03-24:visitante:independiente_medellin,2022-03-24_Visitante_Independiente_Medellin.json,2022-03-24,Primera A,Independiente Medellin,Visitante,1 - 0,Juan Pereira,,M,19,6.3,False,0,0,0,0,20,19%,0,0,0,1,0,0,0,0,0,0.19,True,0.0,0.0,0.0,0.0,0.0,0.0,2022
match:2022-03-24:visitante:independiente_medellin,2022-03-24_Visitante_Independiente_Medellin.json,2022-03-24,Primera A,Independiente Medellin,Visitante,1 - 0,Larry Vásquez,,M,90,7.2,True,0,0,2,1,60,50%,3,1,0,10,6,0,0,0,0,0.5,True,0.0,0.0,2.0,1.0,6.0,0.0,2022
match:2022-03-24:visitante:independiente_medellin,2022-03-24_Visitante_Independiente_Medellin.json,2022-03-24,Primera A,Independiente Medellin,Visitante,1 - 0,Ricardo Márquez,,F,19,6.9,False,0,0,2,2,1,0%,0,0,0,1,0,0,0,0,0,0.0,True,0.0,0.0,9.473684210526315,9.473684210526315,0.0,0.0,2022
match:2022-03-24:visitante:independiente_medellin,2022-03-24_Visitante_Independiente_Medellin.json,2022-03-24,Primera A,Independiente Medellin,Visitante,1 - 0,Ricardo Rosales,,D,0,,False,0,0,0,0,0,0%,0,0,0,0,0,0,0,0,0,0.0,False,,,,,,,2022
match:2022-03-24:visitante:independiente_medellin,2022-03-24_Visitante_Independiente_Medellin.json,2022-03-24,Primera A,Independiente Medellin,Visitante,1 - 0,Richard Celis,,M,45,6.7,True,0,0,4,1,11,8%,0,0,0,6,1,0,1,0,0,0.08,True,0.0,0.0,8.0,2.0,2.0,0.0,2022
match:2022-03-24:visitante:independiente_medellin,2022-03-24_Visitante_Independiente_Medellin.json,2022-03-24,Primera A,Independiente Medellin,Visitante,1 - 0,Stiven Vega,,M,90,7.2,True,0,0,0,0,61,56%,1,1,0,5,3,1,0,1,0,0.56,True,0.0,0.0,0.0,0.0,3.0,1.0,2022
match:2022-03-31:local:junior,2022-03-31_Local_Junior.json,2022-03-31,Primera A,Junior,Local,1 - 0,Andrés Llinás,,D,90,6.3,True,0,0,0,0,48,42%,0,0,0,5,0,1,0,0,0,0.42,True,0.0,0.0,0.0,0.0,0.0,1.0,2022
match:2022-03-31:local:junior,2022-03-31_Local_Junior.json,2022-03-31,Primera A,Junior,Local,1 - 0,Andrés Murillo,,D,90,7.3,True,0,0,1,0,42,35%,0,1,1,7,4,1,0,1,0,0.35,True,0.0,0.0,1.0,0.0,4.0,1.0,2022
match:2022-03-31:local:junior,2022-03-31_Local_Junior.json,2022-03-31,Primera A,Junior,Local,1 - 0,Andrés Román,,D,90,6.9,True,0,0,1,0,39,27%,0,3,0,3,1,0,1,0,0,0.27,True,0.0,0.0,1.0,0.0,1.0,0.0,2022
match:2022-03-31:local:junior,2022-03-31_Local_Junior.json,2022-03-31,Primera A,Junior,Local,1 - 0,Daniel Ruiz,,M,90,7.0,True,0,0,1,0,56,45%,1,0,0,10,5,0,2,0,0,0.45,True,0.0,0.0,1.0,0.0,5.0,0.0,2022
match:2022-03-31:local:junior,2022-03-31_Local_Junior.json,2022-03-31,Primera A,Junior,Local,1 - 0,David Macalister Silva,,M,68,6.9,True,0,0,0,0,44,36%,0,1,0,2,1,0,1,0,0,0.36,True,0.0,0.0,0.0,0.0,1.3235294117647058,0.0,2022
match:2022-03-31:local:junior,2022-03-31_Local_Junior.json,2022-03-31,Primera A,Junior,Local,1 - 0,Diego Herazo,,F,12,6.7,False,0,0,1,0,2,1%,0,0,0,2,0,0,0,0,0,1.0,True,0.0,0.0,7.5,0.0,0.0,0.0,2022
match:2022-03-31:local:junior,2022-03-31_Local_Junior.json,2022-03-31,Primera A,Junior,Local,1 - 0,Eduardo Sosa,,M,89,7.2,True,0,0,2,1,41,37%,0,0,0,11,7,2,2,0,0,0.37,True,0.0,0.0,2.0224719101123596,1.0112359550561798,7.078651685393258,2.0224719101123596,2022
match:2022-03-31:local:junior,2022-03-31_Local_Junior.json,2022-03-31,Primera A,Junior,Local,1 - 0,Elvis Perlaza,,D,90,7.2,True,0,0,1,0,46,39%,1,0,0,9,5,0,2,0,0,0.39,True,0.0,0.0,1.0,0.0,5.0,0.0,2022
match:2022-03-31:local:junior,2022-03-31_Local_Junior.json,2022-03-31,Primera A,Junior,Local,1 - 0,Jader Valencia,,F,78,6.6,True,0,0,2,0,11,6%,1,0,0,12,4,2,1,0,0,0.06,True,0.0,0.0,2.3076923076923075,0.0,4.615384615384615,2.3076923076923075,2022
match:2022-03-31:local:junior,2022-03-31_Local_Junior.json,2022-03-31,Primera A,Junior,Local,1 - 0,José Cuenú,,D,0,,False,0,0,0,0,0,0%,0,0,0,0,0,0,0,0,0,0.0,False,,,,,,,2022
match:2022-03-31:local:junior,2022-03-31_Local_Junior.json,2022-03-31,Primera A,Junior,Local,1 - 0,Juan Moreno,,G,0,,False,0,0,0,0,0,0%,0,0,0,0,0,0,0,0,0,0.0,False,,,,,,,2022
match:2022-03-31:local:junior,2022-03-31_Local_Junior.json,2022-03-31,Primera A,Junior,Local,1 - 0,Juan Pereira,,M,0,,False,0,0,0,0,0,0%,0,0,0,0,0,0,0,0,0,0.0,False,,,,,,,2022
match:2022-03-31:local:junior,2022-03-31_Local_Junior.json,2022-03-31,Primera A,Junior,Local,1 - 0,Larry Vásquez,,M,90,7.2,True,0,0,2,1,68,59%,3,1,0,14,9,3,1,0,0,0.59,True,0.0,0.0,2.0,1.0,9.0,3.0,2022
match:2022-03-31:local:junior,2022-03-31_Local_Junior.json,2022-03-31,Primera A,Junior,Local,1 - 0,Ricardo Márquez,,F,0,,False,0,0,0,0,0,0%,0,0,0,0,0,0,0,0,0,0.0,False,,,,,,,2022
match:2022-03-31:local:junior,2022-03-31_Local_Junior.json,2022-03-31,Primera A,Junior,Local,1 - 0,Richard Celis,,F,22,6.9,False,1,0,1,1,7,5%,0,0,0,4,0,1,0,1,0,0.05,True,4.090909090909091,0.0,4.090909090909091,4.090909090909091,0.0,4.090909090909091,2022
match:2022-03-31:local:junior,2022-03-31_Local_Junior.json,2022-03-31,Primera A,Junior,Local,1 - 0,Stiven Vega,,M,90,6.6,True,0,0,0,0,73,70%,0,4,0,5,0,1,0,0,0,0.7,True,0.0,0.0,0.0,0.0,0.0,1.0,2022
match:2022-03-31:local:junior,2022-03-31_Local_Junior.json,2022-03-31,Primera A,Junior,Local,1 - 0,Yuber Quiñones,,F,1,,False,0,0,0,0,0,0%,0,0,0,0,0,0,0,0,0,0.0,True,0.0,0.0,0.0,0.0,0.0,0.0,2022
match:2022-03-31:local:junior,2022-03-31_Local_Junior.json,2022-03-31,Primera A,Junior,Local,1 - 0,Álvaro Montero,,G,90,7.6,True,0,0,0,0,23,15%,0,0,0,1,1,0,0,0,0,0.15,True,0.0,0.0,0.0,0.0,1.0,0.0,2022
match:2022-04-03:visitante:america_de_cali,2022-04-03_Visitante_America_de_Cali.json,2022-04-03,Primera A,America de Cali,Visitante,3 - 2,Andres Gomez,,M,14,6.2,False,0,0,0,0,3,2%,0,0,0,3,1,0,1,0,0,0.02,True,0.0,0.0,0.0,0.0,6.428571428571428,0.0,2022
match:2022-04-03:visitante:america_de_cali,2022-04-03_Visitante_America_de_Cali.json,2022-04-03,Primera A,America de Cali,Visitante,3 - 2,Andrés Llinás,,D,90,6.0,True,0,0,0,0,49,36%,1,0,0,9,5,0,0,0,0,0.36,True,0.0,0.0,0.0,0.0,5.0,0.0,2022
match:2022-04-03:visitante:america_de_cali,2022-04-03_Visitante_America_de_Cali.json,2022-04-03,Primera A,America de Cali,Visitante,3 - 2,Andrés Murillo,,D,45,6.2,False,0,0,1,0,16,14%,0,1,0,1,0,0,0,0,0,0.14,True,0.0,0.0,2.0,0.0,0.0,0.0,2022
match:2022-04-03:visitante:america_de_cali,2022-04-03_Visitante_America_de_Cali.json,2022-04-03,Primera A,America de Cali,Visitante,3 - 2,Andrés Román,,D,45,6.7,True,0,0,0,0,18,12%,2,0,0,2,2,0,0,0,0,0.12,True,0.0,0.0,0.0,0.0,4.0,0.0,2022
match:2022-04-03:visitante:america_de_cali,2022-04-03_Visitante_America_de_Cali.json,2022-04-03,Primera A,America de Cali,Visitante,3 - 2,Daniel Ruiz,,M,90,7.9,True,1,0,3,3,44,33%,2,1,0,8,5,1,2,1,0,0.33,True,1.0,0.0,3.0,3.0,5.0,1.0,2022
match:2022-04-03:visitante:america_de_cali,2022-04-03_Visitante_America_de_Cali.json,2022-04-03,Primera A,America de Cali,Visitante,3 - 2,David Macalister Silva,,M,45,6.7,False,0,0,0,0,39,31%,0,0,0,4,1,0,0,0,0,0.31,True,0.0,0.0,0.0,0.0,2.0,0.0,2022
match:2022-04-03:visitante:america_de_cali,2022-04-03_Visitante_America_de_Cali.json,2022-04-03,Primera A,America de Cali,Visitante,3 - 2,Eduardo Sosa,,M,76,7.2,True,0,0,3,0,30,21%,1,0,0,6,6,0,3,0,0,0.21,True,0.0,0.0,3.552631578947368,0.0,7.105263157894736,0.0,2022
match:2022-04-03:visitante:america_de_cali,2022-04-03_Visitante_America_de_Cali.json,2022-04-03,Primera A,America de Cali,Visitante,3 - 2,Elvis Perlaza,,D,45,6.3,True,0,0,0,0,23,21%,0,0,0,5,2,2,0,1,0,0.21,True,0.0,0.0,0.0,0.0,4.0,4.0,2022
match:2022-04-03:visitante:america_de_cali,2022-04-03_Visitante_America_de_Cali.json,2022-04-03,Primera A,America de Cali,Visitante,3 - 2,Jader Valencia,,F,66,6.2,True,0,0,0,0,12,7%,0,0,0,6,3,0,2,0,0,0.07,True,0.0,0.0,0.0,0.0,4.090909090909091,0.0,2022
match:2022-04-03:visitante:america_de_cali,2022-04-03_Visitante_America_de_Cali.json,2022-04-03,Primera A,America de Cali,Visitante,3 - 2,Juan García,,M,0,,False,0,0,0,0,0,0%,0,0,0,0,0,0,0,0,0,0.0,False,,,,,,,2022
match:2022-04-03:visitante:america_de_cali,2022-04-03_Visitante_America_de_Cali.json,2022-04-03,Primera A,America de Cali,Visitante,3 - 2,Juan Moreno,,G,0,,False,0,0,0,0,0,0%,0,0,0,0,0,0,0,0,0,0.0,False,,,,,,,2022
match:2022-04-03:visitante:america_de_cali,2022-04-03_Visitante_America_de_Cali.json,2022-04-03,Primera A,America de Cali,Visitante,3 - 2,Juan Pablo Vargas,,D,90,7.3,True,1,0,3,2,62,51%,1,1,0,7,6,0,0,0,0,0.51,True,1.0,0.0,3.0,2.0,6.0,0.0,2022
match:2022-04-03:visitante:america_de_cali,2022-04-03_Visitante_America_de_Cali.json,2022-04-03,Primera A,America de Cali,Visitante,3 - 2,Juan Pereira,,M,0,,False,0,0,0,0,0,0%,0,0,0,0,0,0,0,0,0,0.0,False,,,,,,,2022
match:2022-04-03:visitante:america_de_cali,2022-04-03_Visitante_America_de_Cali.json,2022-04-03,Primera A,America de Cali,Visitante,3 - 2,Larry Vásquez,,M,90,6.9,True,0,0,2,0,51,45%,2,0,1,10,6,1,2,0,0,0.45,True,0.0,0.0,2.0,0.0,6.0,1.0,2022
match:2022-04-03:visitante:america_de_cali,2022-04-03_Visitante_America_de_Cali.json,2022-04-03,Primera A,America de Cali,Visitante,3 - 2,Ricardo Márquez,,F,24,6.7,False,0,0,2,0,2,1%,0,0,0,3,1,1,0,0,0,1.0,True,0.0,0.0,7.5,0.0,3.75,3.75,2022
match:2022-04-03:visitante:america_de_cali,2022-04-03_Visitante_America_de_Cali.json,2022-04-03,Primera A,America de Cali,Visitante,3 - 2,Richard Celis,,M,90,6.0,True,0,0,1,0,38,27%,3,0,0,21,7,3,1,1,0,0.27,True,0.0,0.0,1.0,0.0,7.0,3.0,2022
match:2022-04-03:visitante:america_de_cali,2022-04-03_Visitante_America_de_Cali.json,2022-04-03,Primera A,America de Cali,Visitante,3 - 2,Stiven Vega,,M,90,7.2,True,0,0,0,0,45,36%,4,1,2,8,6,1,0,0,0,0.36,True,0.0,0.0,0.0,0.0,6.0,1.0,2022
match:2022-04-03:visitante:america_de_cali,2022-04-03_Visitante_America_de_Cali.json,2022-04-03,Primera A,America de Cali,Visitante,3 - 2,Álvaro Montero,,G,90,6.5,True,0,0,0,0,23,20%,0,0,0,0,0,0,0,0,0,0.2,True,0.0,0.0,0.0,0.0,0.0,0.0,2022
match:2022-04-09:local:la_equidad,2022-04-09_Local_La_Equidad.json,2022-04-09,Primera A,La Equidad,Local,2 - 1,Andres Gomez,,M,11,6.3,False,0,0,0,0,2,2%,2,0,0,6,3,0,0,0,0,0.02,True,0.0,0.0,0.0,0.0,24.545454545454543,0.0,2022
match:2022-04-09:local:la_equidad,2022-04-09_Local_La_Equidad.json,2022-04-09,Primera A,La Equidad,Local,2 - 1,Andrés Llinás,,D,90,6.9,True,0,0,1,0,67,56%,0,1,1,5,3,0,0,0,0,0.56,True,0.0,0.0,1.0,0.0,3.0,0.0,2022
match:2022-04-09:local:la_equidad,2022-04-09_Local_La_Equidad.json,2022-04-09,Primera A,La Equidad,Local,2 - 1,Andrés Murillo,,D,90,6.2,True,0,0,0,0,24,18%,0,2,0,4,1,0,0,0,0,0.18,True,0.0,0.0,0.0,0.0,1.0,0.0,2022
match:2022-04-09:local:la_equidad,2022-04-09_Local_La_Equidad.json,2022-04-09,Primera A,La Equidad,Local,2 - 1,Daniel Ruiz,,M,89,6.0,True,0,0,1,0,45,32%,2,0,0,10,2,0,0,0,0,0.32,True,0.0,0.0,1.0112359550561798,0.0,2.0224719101123596,0.0,2022
match:2022-04-09:local:la_equidad,2022-04-09_Local_La_Equidad.json,2022-04-09,Primera A,La Equidad,Local,2 - 1,David Macalister Silva,,M,84,8.2,True,1,0,2,1,69,54%,2,0,0,6,4,1,2,0,0,0.54,True,1.0714285714285714,0.0,2.142857142857143,1.0714285714285714,4.285714285714286,1.0714285714285714,2022
match:2022-04-09:local:la_equidad,2022-04-09_Local_La_Equidad.json,2022-04-09,Primera A,La Equidad,Local,2 - 1,Diego Herazo,,F,29,6.7,False,0,0,1,0,9,8%,0,0,0,1,0,1,0,0,0,0.08,True,0.0,0.0,3.103448275862069,0.0,0.0,3.103448275862069,2022
match:2022-04-09:local:la_equidad,2022-04-09_Local_La_Equidad.json,2022-04-09,Primera A,La Equidad,Local,2 - 1,Eduardo Sosa,,M,29,6.3,False,0,0,0,0,14,11%,0,0,0,5,3,0,1,0,0,0.11,True,0.0,0.0,0.0,0.0,9.310344827586206,0.0,2022
match:2022-04-09:local:la_equidad,2022-04-09_Local_La_Equidad.json,2022-04-09,Primera A,La Equidad,Local,2 - 1,Jader Valencia,,F,61,6.7,True,0,0,0,0,16,11%,0,0,1,6,2,3,1,0,0,0.11,True,0.0,0.0,0.0,0.0,2.9508196721311477,4.426229508196721,2022
match:2022-04-09:local:la_equidad,2022-04-09_Local_La_Equidad.json,2022-04-09,Primera A,La Equidad,Local,2 - 1,José Cuenú,,D,1,,False,0,0,0,0,0,0%,0,0,0,0,0,0,0,0,0,0.0,True,0.0,0.0,0.0,0.0,0.0,0.0,2022
match:2022-04-09:local:la_equidad,2022-04-09_Local_La_Equidad.json,2022-04-09,Primera A,La Equidad,Local,2 - 1,Juan García,,M,29,7.0,False,0,0,0,0,24,20%,5,0,0,9,6,2,1,0,0,0.2,True,0.0,0.0,0.0,0.0,18.620689655172413,6.206896551724138,2022
match:2022-04-09:local:la_equidad,2022-04-09_Local_La_Equidad.json,2022-04-09,Primera A,La Equidad,Local,2 - 1,Juan Moreno,,G,0,,False,0,0,0,0,0,0%,0,0,0,0,0,0,0,0,0,0.0,False,,,,,,,2022
match:2022-04-09:local:la_equidad,2022-04-09_Local_La_Equidad.json,2022-04-09,Primera A,La Equidad,Local,2 - 1,Juan Pablo Vargas,,D,90,7.2,True,0,0,0,0,62,51%,1,2,2,6,3,0,0,0,0,0.51,True,0.0,0.0,0.0,0.0,3.0,0.0,2022
match:2022-04-09:local:la_equidad,2022-04-09_Local_La_Equidad.json,2022-04-09,Primera A,La Equidad,Local,2 - 1,Larry Vásquez,,M,90,7.2,True,0,1,0,0,46,42%,2,0,0,8,4,0,1,0,0,0.42,True,0.0,1.0,0.0,0.0,4.0,0.0,2022
match:2022-04-09:local:la_equidad,2022-04-09_Local_La_Equidad.json,2022-04-09,Primera A,La Equidad,Local,2 - 1,Ricardo Márquez,,F,0,,False,0,0,0,0,0,0%,0,0,0,0,0,0,0,0,0,0.0,False,,,,,,,2022
match:2022-04-09:local:la_equidad,2022-04-09_Local_La_Equidad.json,2022-04-09,Primera A,La Equidad,Local,2 - 1,Ricardo Rosales,,D,61,6.2,True,0,0,0,0,20,14%,0,0,0,3,1,0,0,0,0,0.14,True,0.0,0.0,0.0,0.0,1.4754098360655739,0.0,2022
match:2022-04-09:local:la_equidad,2022-04-09_Local_La_Equidad.json,2022-04-09,Primera A,La Equidad,Local,2 - 1,Richard Celis,,M,61,6.7,True,0,0,1,0,21,16%,0,0,0,5,3,0,2,0,0,0.16,True,0.0,0.0,1.4754098360655739,0.0,4.426229508196721,0.0,2022
match:2022-04-09:local:la_equidad,2022-04-09_Local_La_Equidad.json,2022-04-09,Primera A,La Equidad,Local,2 - 1,Stiven Vega,,M,90,7.2,True,0,0,1,1,61,58%,0,0,0,7,4,1,2,0,0,0.58,True,0.0,0.0,1.0,1.0,4.0,1.0,2022
match:2022-04-09:local:la_equidad,2022-04-09_Local_La_Equidad.json,2022-04-09,Primera A,La Equidad,Local,2 - 1,Álvaro Montero,,G,90,7.2,True,0,0,0,0,24,16%,0,0,0,1,1,0,0,0,0,0.16,True,0.0,0.0,0.0,0.0,1.0,0.0,2022
match:2022-04-17:visitante:deportivo_pereira,2022-04-17_Visitante_Deportivo_Pereira.json,2022-04-17,Primera A,Deportivo Pereira,Visitante,1 - 0,Andrés Llinás,,D,0,,False,0,0,0,0,0,0%,0,0,0,0,0,0,0,0,0,0.0,False,,,,,,,2022
match:2022-04-17:visitante:deportivo_pereira,2022-04-17_Visitante_Deportivo_Pereira.json,2022-04-17,Primera A,Deportivo Pereira,Visitante,1 - 0,Daniel Ruiz,,M,28,6.9,False,0,0,0,0,10,9%,0,0,0,1,0,0,0,0,0,0.09,True,0.0,0.0,0.0,0.0,0.0,0.0,2022
match:2022-04-17:visitante:deportivo_pereira,2022-04-17_Visitante_Deportivo_Pereira.json,2022-04-17,Primera A,Deportivo Pereira,Visitante,1 - 0,David Macalister Silva,,M,29,6.3,False,0,0,0,0,15,15%,0,0,0,2,0,1,0,0,0,0.15,True,0.0,0.0,0.0,0.0,0.0,3.103448275862069,2022
match:2022-04-17:visitante:deportivo_pereira,2022-04-17_Visitante_Deportivo_Pereira.json,2022-04-17,Primera A,Deportivo Pereira,Visitante,1 - 0,Diego Abadia,,F,16,6.2,False,0,0,1,1,5,5%,0,0,0,2,0,1,0,0,0,0.05,True,0.0,0.0,5.625,5.625,0.0,5.625,2022
match:2022-04-17:visitante:deportivo_pereira,2022-04-17_Visitante_Deportivo_Pereira.json,2022-04-17,Primera A,Deportivo Pereira,Visitante,1 - 0,Diego Herazo,,F,29,6.3,False,0,0,2,1,4,3%,0,0,1,2,2,0,0,0,0,0.03,True,0.0,0.0,6.206896551724138,3.103448275862069,6.206896551724138,0.0,2022
match:2022-04-17:visitante:deportivo_pereira,2022-04-17_Visitante_Deportivo_Pereira.json,2022-04-17,Primera A,Deportivo Pereira,Visitante,1 - 0,Eduardo Sosa,,M,79,7.0,True,0,0,3,2,40,36%,0,0,0,7,3,3,1,1,0,0.36,True,0.0,0.0,3.4177215189873418,2.278481012658228,3.4177215189873418,3.4177215189873418,2022
match:2022-04-17:visitante:deportivo_pereira,2022-04-17_Visitante_Deportivo_Pereira.json,2022-04-17,Primera A,Deportivo Pereira,Visitante,1 - 0,José Cuenú,,D,95,6.3,True,0,0,0,0,46,38%,0,1,0,5,2,1,0,0,0,0.38,True,0.0,0.0,0.0,0.0,1.894736842105263,0.9473684210526315,2022
match:2022-04-17:visitante:deportivo_pereira,2022-04-17_Visitante_Deportivo_Pereira.json,2022-04-17,Primera A,Deportivo Pereira,Visitante,1 - 0,Juan Moreno,,G,0,,False,0,0,0,0,0,0%,0,0,0,0,0,0,0,0,0,0.0,False,,,,,,,2022
match:2022-04-17:visitante:deportivo_pereira,2022-04-17_Visitante_Deportivo_Pereira.json,2022-04-17,Primera A,Deportivo Pereira,Visitante,1 - 0,Juan Pablo Vargas,,D,95,7.9,True,0,0,1,1,59,52%,2,2,1,8,6,1,0,0,0,0.52,True,0.0,0.0,0.9473684210526315,0.9473684210526315,5.684210526315789,0.9473684210526315,2022
match:2022-04-17:visitante:deportivo_pereira,2022-04-17_Visitante_Deportivo_Pereira.json,2022-04-17,Primera A,Deportivo Pereira,Visitante,1 - 0,Juan Pereira,,M,95,7.3,True,0,0,2,2,57,50%,1,4,1,11,4,2,1,1,0,0.5,True,0.0,0.0,1.894736842105263,1.894736842105263,3.789473684210526,1.894736842105263,2022
match:2022-04-17:visitante:deportivo_pereira,2022-04-17_Visitante_Deportivo_Pereira.json,2022-04-17,Primera A,Deportivo Pereira,Visitante,1 - 0,Larry Vásquez,,M,71,7.0,False,0,0,1,0,51,47%,1,0,0,3,2,1,1,0,0,0.47,True,0.0,0.0,1.267605633802817,0.0,2.535211267605634,1.267605633802817,2022
match:2022-04-17:visitante:deportivo_pereira,2022-04-17_Visitante_Deportivo_Pereira.json,2022-04-17,Primera A,Deportivo Pereira,Visitante,1 - 0,Omar Bertel,,D,95,7.3,True,0,0,0,0,41,30%,1,3,0,6,4,0,1,0,0,0.3,True,0.0,0.0,0.0,0.0,3.789473684210526,0.0,2022
match:2022-04-17:visitante:deportivo_pereira,2022-04-17_Visitante_Deportivo_Pereira.json,2022-04-17,Primera A,Deportivo Pereira,Visitante,1 - 0,Ricardo Márquez,,F,66,6.9,True,0,0,1,1,8,2%,0,0,0,10,7,1,2,1,0,0.02,True,0.0,0.0,1.3636363636363638,1.3636363636363638,9.545454545454545,1.3636363636363638,2022
match:2022-04-17:visitante:deportivo_pereira,2022-04-17_Visitante_Deportivo_Pereira.json,2022-04-17,Primera A,Deportivo Pereira,Visitante,1 - 0,Ricardo Rosales,,D,95,6.9,True,0,0,0,0,21,19%,2,1,1,7,4,3,1,0,0,0.19,True,0.0,0.0,0.0,0.0,3.789473684210526,2.8421052631578947,2022
match:2022-04-17:visitante:deportivo_pereira,2022-04-17_Visitante_Deportivo_Pereira.json,2022-04-17,Primera A,Deportivo Pereira,Visitante,1 - 0,Richard Celis,,M,66,7.2,True,0,0,0,0,27,23%,2,2,0,8,4,3,2,0,0,0.23,True,0.0,0.0,0.0,0.0,5.454545454545455,4.090909090909091,2022
match:2022-04-17:visitante:deportivo_pereira,2022-04-17_Visitante_Deportivo_Pereira.json,2022-04-17,Primera A,Deportivo Pereira,Visitante,1 - 0,Stiven Vega,,M,24,6.7,True,0,0,0,0,15,14%,0,0,0,1,0,1,0,0,0,0.14,True,0.0,0.0,0.0,0.0,0.0,3.75,2022
match:2022-04-17:visitante:deportivo_pereira,2022-04-17_Visitante_Deportivo_Pereira.json,2022-04-17,Primera A,Deportivo Pereira,Visitante,1 - 0,Yuber Quiñones,,M,67,6.9,True,0,0,0,0,21,16%,0,0,0,7,3,2,1,0,0,0.16,True,0.0,0.0,0.0,0.0,4.029850746268656,2.6865671641791042,2022
match:2022-04-17:visitante:deportivo_pereira,2022-04-17_Visitante_Deportivo_Pereira.json,2022-04-17,Primera A,Deportivo Pereira,Visitante,1 - 0,Álvaro Montero,,G,95,7.0,True,0,0,0,0,27,23%,0,0,0,0,0,0,0,0,0,0.23,True,0.0,0.0,0.0,0.0,0.0,0.0,2022
match:2022-04-25:local:santa_fe,2022-04-25_Local_Santa_Fe.json,2022-04-25,Primera A,Santa Fe,Local,2 - 1,Andres Gomez,,M,84,6.2,True,0,0,1,0,25,21%,3,1,0,11,4,1,0,0,0,0.21,True,0.0,0.0,1.0714285714285714,0.0,4.285714285714286,1.0714285714285714,2022
match:2022-04-25:local:santa_fe,2022-04-25_Local_Santa_Fe.json,2022-04-25,Primera A,Santa Fe,Local,2 - 1,Andrés Llinás,,D,90,7.3,True,0,0,0,0,46,40%,2,7,0,10,5,0,0,0,0,0.4,True,0.0,0.0,0.0,0.0,5.0,0.0,2022
match:2022-04-25:local:santa_fe,2022-04-25_Local_Santa_Fe.json,2022-04-25,Primera A,Santa Fe,Local,2 - 1,Andrés Murillo,,D,0,,False,0,0,0,0,0,0%,0,0,0,0,0,0,0,0,0,0.0,False,,,,,,,2022
match:2022-04-25:local:santa_fe,2022-04-25_Local_Santa_Fe.json,2022-04-25,Primera A,Santa Fe,Local,2 - 1,Daniel Ruiz,,M,89,7.3,True,0,0,3,2,45,32%,2,0,0,8,4,0,2,0,0,0.32,True,0.0,0.0,3.033707865168539,2.0224719101123596,4.044943820224719,0.0,2022
match:2022-04-25:local:santa_fe,2022-04-25_Local_Santa_Fe.json,2022-04-25,Primera A,Santa Fe,Local,2 - 1,David Macalister Silva,,M,88,6.9,True,0,0,1,0,68,48%,1,1,0,3,1,1,0,0,0,0.48,True,0.0,0.0,1.0227272727272727,0.0,1.0227272727272727,1.0227272727272727,2022
match:2022-04-25:local:santa_fe,2022-04-25_Local_Santa_Fe.json,2022-04-25,Primera A,Santa Fe,Local,2 - 1,Diego Herazo,,F,84,7.9,True,1,0,2,1,9,5%,2,0,0,4,3,0,0,0,0,0.05,True,1.0714285714285714,0.0,2.142857142857143,1.0714285714285714,3.214285714285714,0.0,2022
match:2022-04-25:local:santa_fe,2022-04-25_Local_Santa_Fe.json,2022-04-25,Primera A,Santa Fe,Local,2 - 1,Edgar Guerra,,F,45,6.6,False,0,0,0,0,31,26%,2,0,0,3,3,0,1,0,0,0.26,True,0.0,0.0,0.0,0.0,6.0,0.0,2022
match:2022-04-25:local:santa_fe,2022-04-25_Local_Santa_Fe.json,2022-04-25,Primera A,Santa Fe,Local,2 - 1,Eduardo Sosa,,M,9,6.3,False,0,0,0,0,6,6%,1,0,0,2,1,1,0,0,0,0.06,True,0.0,0.0,0.0,0.0,10.0,10.0,2022
match:2022-04-25:local:santa_fe,2022-04-25_Local_Santa_Fe.json,2022-04-25,Primera A,Santa Fe,Local,2 - 1,Jader Valencia,,F,13,6.6,False,0,0,1,0,2,2%,0,0,0,1,1,0,0,0,0,0.02,True,0.0,0.0,6.923076923076923,0.0,6.923076923076923,0.0,2022
match:2022-04-25:local:santa_fe,2022-04-25_Local_Santa_Fe.json,2022-04-25,Primera A,Santa Fe,Local,2 - 1,Juan García,,M,1,,False,0,0,0,0,0,0%,0,0,0,2,1,0,0,0,0,0.0,True,0.0,0.0,0.0,0.0,90.0,0.0,2022
match:2022-04-25:local:santa_fe,2022-04-25_Local_Santa_Fe.json,2022-04-25,Primera A,Santa Fe,Local,2 - 1,Juan Moreno,,G,0,,False,0,0,0,0,0,0%,0,0,0,0,0,0,0,0,0,0.0,False,,,,,,,2022
match:2022-04-25:local:santa_fe,2022-04-25_Local_Santa_Fe.json,2022-04-25,Primera A,Santa Fe,Local,2 - 1,Juan Pablo Vargas,,D,90,7.2,True,0,0,0,0,53,40%,4,0,0,10,7,1,1,0,0,0.4,True,0.0,0.0,0.0,0.0,7.0,1.0,2022
match:2022-04-25:local:santa_fe,2022-04-25_Local_Santa_Fe.json,2022-04-25,Primera A,Santa Fe,Local,2 - 1,Juan Pereira,,M,90,7.5,True,0,0,1,0,73,66%,0,6,0,1,1,0,0,0,0,0.66,True,0.0,0.0,1.0,0.0,1.0,0.0,2022
match:2022-04-25:local:santa_fe,2022-04-25_Local_Santa_Fe.json,2022-04-25,Primera A,Santa Fe,Local,2 - 1,Larry Vásquez,,M,90,7.2,True,0,0,0,0,72,66%,0,4,1,7,1,1,0,0,0,0.66,True,0.0,0.0,0.0,0.0,1.0,1.0,2022
match:2022-04-25:local:santa_fe,2022-04-25_Local_Santa_Fe.json,2022-04-25,Primera A,Santa Fe,Local,2 - 1,Omar Bertel,,D,90,7.2,True,0,0,0,0,41,34%,2,0,0,6,5,1,0,0,0,0.34,True,0.0,0.0,0.0,0.0,5.0,1.0,2022
match:2022-04-25:local:santa_fe,2022-04-25_Local_Santa_Fe.json,2022-04-25,Primera A,Santa Fe,Local,2 - 1,Ricardo Rosales,,D,45,6.9,True,0,0,1,0,21,16%,3,2,0,7,4,3,0,1,0,0.16,True,0.0,0.0,2.0,0.0,8.0,6.0,2022
match:2022-04-25:local:santa_fe,2022-04-25_Local_Santa_Fe.json,2022-04-25,Primera A,Santa Fe,Local,2 - 1,Yuber Quiñones,,F,13,6.6,False,0,0,1,0,5,5%,0,0,0,1,1,0,0,0,0,0.05,True,0.0,0.0,6.923076923076923,0.0,6.923076923076923,0.0,2022
match:2022-04-25:local:santa_fe,2022-04-25_Local_Santa_Fe.json,2022-04-25,Primera A,Santa Fe,Local,2 - 1,Álvaro Montero,,G,90,6.3,True,0,0,0,0,21,13%,0,0,0,0,0,0,0,0,0,0.13,True,0.0,0.0,0.0,0.0,0.0,0.0,2022
match:2022-05-01:visitante:patriotas,2022-05-01_Visitante_Patriotas.json,2022-05-01,Primera A,Patriotas,Visitante,1 - 2,Andres Gomez,,M,74,7.2,True,1,0,2,1,22,17%,1,1,0,4,2,1,1,1,0,0.17,True,1.2162162162162162,0.0,2.4324324324324325,1.2162162162162162,2.4324324324324325,1.2162162162162162,2022
match:2022-05-01:visitante:patriotas,2022-05-01_Visitante_Patriotas.json,2022-05-01,Primera A,Patriotas,Visitante,1 - 2,Andrés Llinás,,D,96,7.2,True,0,0,1,0,71,63%,3,2,2,5,3,0,0,1,0,0.63,True,0.0,0.0,0.9375,0.0,2.8125,0.0,2022
match:2022-05-01:visitante:patriotas,2022-05-01_Visitante_Patriotas.json,2022-05-01,Primera A,Patriotas,Visitante,1 - 2,Andrés Murillo,,D,4,,False,0,0,0,0,1,1%,0,0,0,0,0,0,0,0,0,1.0,True,0.0,0.0,0.0,0.0,0.0,0.0,2022
match:2022-05-01:visitante:patriotas,2022-05-01_Visitante_Patriotas.json,2022-05-01,Primera A,Patriotas,Visitante,1 - 2,Daniel Ruiz,,M,74,6.9,True,0,1,1,1,46,38%,0,0,0,5,0,0,0,0,0,0.38,True,0.0,1.2162162162162162,1.2162162162162162,1.2162162162162162,0.0,0.0,2022
match:2022-05-01:visitante:patriotas,2022-05-01_Visitante_Patriotas.json,2022-05-01,Primera A,Patriotas,Visitante,1 - 2,David Macalister Silva,,M,92,6.9,True,0,0,2,1,47,44%,2,0,0,6,2,1,0,0,0,0.44,True,0.0,0.0,1.9565217391304348,0.9782608695652174,1.9565217391304348,0.9782608695652174,2022
match:2022-05-01:visitante:patriotas,2022-05-01_Visitante_Patriotas.json,2022-05-01,Primera A,Patriotas,Visitante,1 - 2,Diego Herazo,,F,74,6.9,True,1,0,2,2,12,10%,0,0,0,2,1,0,1,0,0,0.1,True,1.2162162162162162,0.0,2.4324324324324325,2.4324324324324325,1.2162162162162162,0.0,2022
match:2022-05-01:visitante:patriotas,2022-05-01_Visitante_Patriotas.json,2022-05-01,Primera A,Patriotas,Visitante,1 - 2,Edgar Guerra,,F,40,6.6,False,0,0,0,0,9,4%,4,1,0,8,6,0,2,0,0,0.04,True,0.0,0.0,0.0,0.0,13.5,0.0,2022
match:2022-05-01:visitante:patriotas,2022-05-01_Visitante_Patriotas.json,2022-05-01,Primera A,Patriotas,Visitante,1 - 2,Eduardo Sosa,,M,22,6.6,False,0,0,0,0,7,5%,0,0,0,4,2,1,2,1,0,0.05,True,0.0,0.0,0.0,0.0,8.181818181818182,4.090909090909091,2022
match:2022-05-01:visitante:patriotas,2022-05-01_Visitante_Patriotas.json,2022-05-01,Primera A,Patriotas,Visitante,1 - 2,Jader Valencia,,F,22,6.7,False,0,0,1,0,5,2%,0,0,0,4,1,1,0,0,0,0.02,True,0.0,0.0,4.090909090909091,0.0,4.090909090909091,4.090909090909091,2022
match:2022-05-01:visitante:patriotas,2022-05-01_Visitante_Patriotas.json,2022-05-01,Primera A,Patriotas,Visitante,1 - 2,Juan García,,M,0,,False,0,0,0,0,0,0%,0,0,0,0,0,0,0,0,0,0.0,False,,,,,,,2022
match:2022-05-01:visitante:patriotas,2022-05-01_Visitante_Patriotas.json,2022-05-01,Primera A,Patriotas,Visitante,1 - 2,Juan Moreno,,G,0,,False,0,0,0,0,0,0%,0,0,0,0,0,0,0,0,0,0.0,False,,,,,,,2022
match:2022-05-01:visitante:patriotas,2022-05-01_Visitante_Patriotas.json,2022-05-01,Primera A,Patriotas,Visitante,1 - 2,Juan Pablo Vargas,,D,96,7.2,True,0,0,1,0,53,46%,2,6,0,4,3,0,0,0,0,0.46,True,0.0,0.0,0.9375,0.0,2.8125,0.0,2022
match:2022-05-01:visitante:patriotas,2022-05-01_Visitante_Patriotas.json,2022-05-01,Primera A,Patriotas,Visitante,1 - 2,Juan Pereira,,M,96,7.2,True,0,0,1,1,51,41%,1,3,0,3,2,1,1,0,0,0.41,True,0.0,0.0,0.9375,0.9375,1.875,0.9375,2022
match:2022-05-01:visitante:patriotas,2022-05-01_Visitante_Patriotas.json,2022-05-01,Primera A,Patriotas,Visitante,1 - 2,Larry Vásquez,,M,96,6.9,True,0,0,0,0,72,66%,4,2,0,10,4,1,0,0,0,0.66,True,0.0,0.0,0.0,0.0,3.75,0.9375,2022
match:2022-05-01:visitante:patriotas,2022-05-01_Visitante_Patriotas.json,2022-05-01,Primera A,Patriotas,Visitante,1 - 2,Omar Bertel,,D,96,6.9,True,0,0,0,0,34,24%,3,0,0,7,5,1,0,0,0,0.24,True,0.0,0.0,0.0,0.0,4.6875,0.9375,2022
match:2022-05-01:visitante:patriotas,2022-05-01_Visitante_Patriotas.json,2022-05-01,Primera A,Patriotas,Visitante,1 - 2,Ricardo Márquez,,F,22,6.5,False,0,0,0,0,2,1%,0,0,0,3,0,0,0,0,0,1.0,True,0.0,0.0,0.0,0.0,0.0,0.0,2022
match:2022-05-01:visitante:patriotas,2022-05-01_Visitante_Patriotas.json,2022-05-01,Primera A,Patriotas,Visitante,1 - 2,Ricardo Rosales,,D,56,6.3,True,0,0,0,0,26,21%,2,0,0,7,3,0,1,0,0,0.21,True,0.0,0.0,0.0,0.0,4.821428571428571,0.0,2022
match:2022-05-01:visitante:patriotas,2022-05-01_Visitante_Patriotas.json,2022-05-01,Primera A,Patriotas,Visitante,1 - 2,Álvaro Montero,,G,96,6.3,True,0,0,0,0,20,12%,0,0,0,0,0,0,0,0,0,0.12,True,0.0,0.0,0.0,0.0,0.0,0.0,2022
match:2022-05-09:local:deportes_tolima,2022-05-09_Local_Deportes_Tolima.json,2022-05-09,Primera A,Deportes Tolima,Local,0 - 0,Andres Gomez,,M,90,7.0,True,0,0,3,0,18,15%,2,0,0,9,4,1,0,0,0,0.15,True,0.0,0.0,3.0,0.0,4.0,1.0,2022
match:2022-05-09:local:deportes_tolima,2022-05-09_Local_Deportes_Tolima.json,2022-05-09,Primera A,Deportes Tolima,Local,0 - 0,Andrés Llinás,,D,94,6.9,True,0,0,1,0,45,39%,1,5,0,10,5,2,1,0,0,0.39,True,0.0,0.0,0.9574468085106382,0.0,4.787234042553192,1.9148936170212765,2022
match:2022-05-09:local:deportes_tolima,2022-05-09_Local_Deportes_Tolima.json,2022-05-09,Primera A,Deportes Tolima,Local,0 - 0,Andrés Murillo,,D,0,,False,0,0,0,0,0,0%,0,0,0,0,0,0,0,0,0,0.0,False,,,,,,,2022
match:2022-05-09:local:deportes_tolima,2022-05-09_Local_Deportes_Tolima.json,2022-05-09,Primera A,Deportes Tolima,Local,0 - 0,Daniel Ruiz,,M,72,7.0,True,0,0,4,2,36,30%,1,0,0,9,4,1,2,1,0,0.3,True,0.0,0.0,5.0,2.5,5.0,1.25,2022
match:2022-05-09:local:deportes_tolima,2022-05-09_Local_Deportes_Tolima.json,2022-05-09,Primera A,Deportes Tolima,Local,0 - 0,Diego Herazo,,F,80,6.6,True,0,0,1,1,14,11%,0,0,0,5,2,0,1,0,0,0.11,True,0.0,0.0,1.125,1.125,2.25,0.0,2022
match:2022-05-09:local:deportes_tolima,2022-05-09_Local_Deportes_Tolima.json,2022-05-09,Primera A,Deportes Tolima,Local,0 - 0,Edgar Guerra,,F,4,,False,0,0,0,0,3,2%,0,0,0,1,0,0,0,0,0,0.02,True,0.0,0.0,0.0,0.0,0.0,0.0,2022
match:2022-05-09:local:deportes_tolima,2022-05-09_Local_Deportes_Tolima.json,2022-05-09,Primera A,Deportes Tolima,Local,0 - 0,Jader Valencia,,F,14,6.3,False,0,0,0,0,5,5%,0,0,0,1,0,0,0,0,0,0.05,True,0.0,0.0,0.0,0.0,0.0,0.0,2022
match:2022-05-09:local:deportes_tolima,2022-05-09_Local_Deportes_Tolima.json,2022-05-09,Primera A,Deportes Tolima,Local,0 - 0,Juan García,,M,0,,False,0,0,0,0,0,0%,0,0,0,0,0,0,0,0,0,0.0,False,,,,,,,2022
match:2022-05-09:local:deportes_tolima,2022-05-09_Local_Deportes_Tolima.json,2022-05-09,Primera A,Deportes Tolima,Local,0 - 0,Juan Moreno,,G,0,,False,0,0,0,0,0,0%,0,0,0,0,0,0,0,0,0,0.0,False,,,,,,,2022
match:2022-05-09:local:deportes_tolima,2022-05-09_Local_Deportes_Tolima.json,2022-05-09,Primera A,Deportes Tolima,Local,0 - 0,Juan Pablo Vargas,,D,94,7.0,True,0,0,0,0,40,35%,2,2,0,5,3,0,0,0,0,0.35,True,0.0,0.0,0.0,0.0,2.8723404255319145,0.0,2022
match:2022-05-09:local:deportes_tolima,2022-05-09_Local_Deportes_Tolima.json,2022-05-09,Primera A,Deportes Tolima,Local,0 - 0,Juan Pereira,,M,94,7.2,True,0,0,2,0,63,55%,2,1,0,14,6,1,0,0,0,0.55,True,0.0,0.0,1.9148936170212765,0.0,5.744680851063829,0.9574468085106382,2022
match:2022-05-09:local:deportes_tolima,2022-05-09_Local_Deportes_Tolima.json,2022-05-09,Primera A,Deportes Tolima,Local,0 - 0,Larry Vásquez,,M,94,7.0,True,0,0,1,0,76,71%,1,1,0,11,5,3,0,1,0,0.71,True,0.0,0.0,0.9574468085106382,0.0,4.787234042553192,2.8723404255319145,2022
match:2022-05-09:local:deportes_tolima,2022-05-09_Local_Deportes_Tolima.json,2022-05-09,Primera A,Deportes Tolima,Local,0 - 0,Omar Bertel,,D,94,7.7,True,0,0,2,2,37,29%,3,0,0,4,4,1,0,0,0,0.29,True,0.0,0.0,1.9148936170212765,1.9148936170212765,3.829787234042553,0.9574468085106382,2022
match:2022-05-09:local:deportes_tolima,2022-05-09_Local_Deportes_Tolima.json,2022-05-09,Primera A,Deportes Tolima,Local,0 - 0,Oscar Cortés,,M,22,6.6,False,0,0,0,0,18,13%,0,0,0,0,0,0,0,0,0,0.13,True,0.0,0.0,0.0,0.0,0.0,0.0,2022
match:2022-05-09:local:deportes_tolima,2022-05-09_Local_Deportes_Tolima.json,2022-05-09,Primera A,Deportes Tolima,Local,0 - 0,Ricardo Márquez,,F,14,6.3,False,0,0,0,0,2,2%,0,0,0,1,0,0,0,0,0,0.02,True,0.0,0.0,0.0,0.0,0.0,0.0,2022
match:2022-05-09:local:deportes_tolima,2022-05-09_Local_Deportes_Tolima.json,2022-05-09,Primera A,Deportes Tolima,Local,0 - 0,Ricardo Rosales,,D,94,6.6,True,0,0,0,0,34,30%,2,0,0,9,4,2,0,0,0,0.3,True,0.0,0.0,0.0,0.0,3.829787234042553,1.9148936170212765,2022
match:2022-05-09:local:deportes_tolima,2022-05-09_Local_Deportes_Tolima.json,2022-05-09,Primera A,Deportes Tolima,Local,0 - 0,Richard Celis,,M,80,7.0,True,0,0,1,0,29,25%,2,1,0,11,3,4,0,0,0,0.25,True,0.0,0.0,1.125,0.0,3.375,4.5,2022
match:2022-05-09:local:deportes_tolima,2022-05-09_Local_Deportes_Tolima.json,2022-05-09,Primera A,Deportes Tolima,Local,0 - 0,Álvaro Montero,,G,94,6.7,True,0,0,0,0,23,20%,0,0,0,0,0,0,0,0,0,0.2,True,0.0,0.0,0.0,0.0,0.0,0.0,2022
match:2022-05-14:local:alianza_petrolera,2022-05-14_Local_Alianza_Petrolera.json,2022-05-14,Primera A,Alianza Petrolera,Local,1 - 0,Andres Gomez,,M,16,7.2,False,0,0,2,1,10,10%,0,0,0,0,0,0,0,0,0,0.1,True,0.0,0.0,11.25,5.625,0.0,0.0,2022
match:2022-05-14:local:alianza_petrolera,2022-05-14_Local_Alianza_Petrolera.json,2022-05-14,Primera A,Alianza Petrolera,Local,1 - 0,Andrés Murillo,,D,0,,False,0,0,0,0,0,0%,0,0,0,0,0,0,0,0,0,0.0,False,,,,,,,2022
match:2022-05-14:local:alianza_petrolera,2022-05-14_Local_Alianza_Petrolera.json,2022-05-14,Primera A,Alianza Petrolera,Local,1 - 0,Daniel Ruiz,,M,90,6.9,True,0,0,1,1,53,47%,0,0,0,3,0,0,0,0,0,0.47,True,0.0,0.0,1.0,1.0,0.0,0.0,2022
match:2022-05-14:local:alianza_petrolera,2022-05-14_Local_Alianza_Petrolera.json,2022-05-14,Primera A,Alianza Petrolera,Local,1 - 0,David Macalister Silva,,M,77,6.9,True,0,0,0,0,54,47%,1,0,0,7,2,1,0,0,0,0.47,True,0.0,0.0,0.0,0.0,2.337662337662338,1.168831168831169,2022
match:2022-05-14:local:alianza_petrolera,2022-05-14_Local_Alianza_Petrolera.json,2022-05-14,Primera A,Alianza Petrolera,Local,1 - 0,Diego Herazo,,F,74,6.3,True,0,0,1,1,6,6%,1,0,0,4,1,0,0,0,0,0.06,True,0.0,0.0,1.2162162162162162,1.2162162162162162,1.2162162162162162,0.0,2022
match:2022-05-14:local:alianza_petrolera,2022-05-14_Local_Alianza_Petrolera.json,2022-05-14,Primera A,Alianza Petrolera,Local,1 - 0,Edgar Guerra,,F,17,6.3,False,0,0,0,0,8,8%,0,0,0,0,0,0,0,0,0,0.08,True,0.0,0.0,0.0,0.0,0.0,0.0,2022
match:2022-05-14:local:alianza_petrolera,2022-05-14_Local_Alianza_Petrolera.json,2022-05-14,Primera A,Alianza Petrolera,Local,1 - 0,Eduardo Sosa,,M,74,7.0,True,1,0,2,1,22,21%,0,0,0,5,1,0,0,0,0,0.21,True,1.2162162162162162,0.0,2.4324324324324325,1.2162162162162162,1.2162162162162162,0.0,2022
match:2022-05-14:local:alianza_petrolera,2022-05-14_Local_Alianza_Petrolera.json,2022-05-14,Primera A,Alianza Petrolera,Local,1 - 0,Jader Valencia,,F,16,6.9,False,0,0,1,0,3,3%,1,0,0,1,1,0,0,0,0,0.03,True,0.0,0.0,5.625,0.0,5.625,0.0,2022
match:2022-05-14:local:alianza_petrolera,2022-05-14_Local_Alianza_Petrolera.json,2022-05-14,Primera A,Alianza Petrolera,Local,1 - 0,José Cuenú,,D,90,7.2,True,0,0,0,0,69,65%,1,0,1,6,3,0,0,0,0,0.65,True,0.0,0.0,0.0,0.0,3.0,0.0,2022
match:2022-05-14:local:alianza_petrolera,2022-05-14_Local_Alianza_Petrolera.json,2022-05-14,Primera A,Alianza Petrolera,Local,1 - 0,Juan García,,M,10,6.6,False,0,0,0,0,14,13%,0,0,0,0,0,0,0,0,0,0.13,True,0.0,0.0,0.0,0.0,0.0,0.0,2022
match:2022-05-14:local:alianza_petrolera,2022-05-14_Local_Alianza_Petrolera.json,2022-05-14,Primera A,Alianza Petrolera,Local,1 - 0,Juan Moreno,,G,0,,False,0,0,0,0,0,0%,0,0,0,0,0,0,0,0,0,0.0,False,,,,,,,2022
match:2022-05-14:local:alianza_petrolera,2022-05-14_Local_Alianza_Petrolera.json,2022-05-14,Primera A,Alianza Petrolera,Local,1 - 0,Juan Pablo Vargas,,D,90,7.0,True,0,0,0,0,71,64%,0,2,0,6,2,0,0,0,0,0.64,True,0.0,0.0,0.0,0.0,2.0,0.0,2022
match:2022-05-14:local:alianza_petrolera,2022-05-14_Local_Alianza_Petrolera.json,2022-05-14,Primera A,Alianza Petrolera,Local,1 - 0,Juan Pereira,,M,90,7.9,True,0,1,2,0,67,63%,5,0,0,9,7,0,1,0,0,0.63,True,0.0,1.0,2.0,0.0,7.0,0.0,2022
match:2022-05-14:local:alianza_petrolera,2022-05-14_Local_Alianza_Petrolera.json,2022-05-14,Primera A,Alianza Petrolera,Local,1 - 0,Larry Vásquez,,M,80,7.2,True,0,0,1,1,52,49%,3,0,0,6,5,0,2,0,0,0.49,True,0.0,0.0,1.125,1.125,5.625,0.0,2022
match:2022-05-14:local:alianza_petrolera,2022-05-14_Local_Alianza_Petrolera.json,2022-05-14,Primera A,Alianza Petrolera,Local,1 - 0,Omar Bertel,,D,90,7.2,True,0,0,2,0,45,40%,3,0,0,6,3,1,0,0,0,0.4,True,0.0,0.0,2.0,0.0,3.0,1.0,2022
match:2022-05-14:local:alianza_petrolera,2022-05-14_Local_Alianza_Petrolera.json,2022-05-14,Primera A,Alianza Petrolera,Local,1 - 0,Oscar Cortés,,M,13,6.7,False,0,0,0,0,4,4%,0,0,0,1,1,0,1,0,0,0.04,True,0.0,0.0,0.0,0.0,6.923076923076923,0.0,2022
match:2022-05-14:local:alianza_petrolera,2022-05-14_Local_Alianza_Petrolera.json,2022-05-14,Primera A,Alianza Petrolera,Local,1 - 0,Ricardo Rosales,,D,73,6.2,True,0,0,0,0,39,32%,1,1,0,8,1,2,0,1,0,0.32,True,0.0,0.0,0.0,0.0,1.2328767123287672,2.4657534246575343,2022
match:2022-05-14:local:alianza_petrolera,2022-05-14_Local_Alianza_Petrolera.json,2022-05-14,Primera A,Alianza Petrolera,Local,1 - 0,Álvaro Montero,,G,90,7.2,True,0,0,0,0,13,11%,0,0,0,0,0,0,0,0,0,0.11,True,0.0,0.0,0.0,0.0,0.0,0.0,2022
match:2022-05-22:local:bucaramanga,2022-05-22_Local_Bucaramanga.json,2022-05-22,Primera A,Bucaramanga,Local,1 - 0,Andres Gomez,,M,22,7.2,False,0,0,2,2,9,7%,0,0,0,3,3,0,0,0,0,0.07,True,0.0,0.0,8.181818181818182,8.181818181818182,12.272727272727272,0.0,2022
match:2022-05-22:local:bucaramanga,2022-05-22_Local_Bucaramanga.json,2022-05-22,Primera A,Bucaramanga,Local,1 - 0,Andrés Llinás,,D,68,6.7,True,0,0,0,0,39,33%,0,0,0,3,1,0,0,0,0,0.33,True,0.0,0.0,0.0,0.0,1.3235294117647058,0.0,2022
match:2022-05-22:local:bucaramanga,2022-05-22_Local_Bucaramanga.json,2022-05-22,Primera A,Bucaramanga,Local,1 - 0,Daniel Ruiz,,M,90,7.9,True,0,0,1,1,78,64%,0,0,0,14,5,3,1,0,0,0.64,True,0.0,0.0,1.0,1.0,5.0,3.0,2022
match:2022-05-22:local:bucaramanga,2022-05-22_Local_Bucaramanga.json,2022-05-22,Primera A,Bucaramanga,Local,1 - 0,David Macalister Silva,,M,90,7.3,True,0,0,3,2,98,84%,0,0,0,5,2,0,1,0,0,0.84,True,0.0,0.0,3.0,2.0,2.0,0.0,2022
match:2022-05-22:local:bucaramanga,2022-05-22_Local_Bucaramanga.json,2022-05-22,Primera A,Bucaramanga,Local,1 - 0,Diego Herazo,,F,79,6.7,True,1,0,3,1,11,7%,0,1,0,5,1,0,0,0,0,0.07,True,1.139240506329114,0.0,3.4177215189873418,1.139240506329114,1.139240506329114,0.0,2022
match:2022-05-22:local:bucaramanga,2022-05-22_Local_Bucaramanga.json,2022-05-22,Primera A,Bucaramanga,Local,1 - 0,Eduardo Sosa,,M,68,6.3,True,0,0,2,1,40,35%,0,1,0,6,1,0,1,0,0,0.35,True,0.0,0.0,2.6470588235294117,1.3235294117647058,1.3235294117647058,0.0,2022
match:2022-05-22:local:bucaramanga,2022-05-22_Local_Bucaramanga.json,2022-05-22,Primera A,Bucaramanga,Local,1 - 0,Elvis Perlaza,,D,11,6.9,False,0,0,0,0,10,9%,1,0,0,2,2,0,0,0,0,0.09,True,0.0,0.0,0.0,0.0,16.363636363636363,0.0,2022
match:2022-05-22:local:bucaramanga,2022-05-22_Local_Bucaramanga.json,2022-05-22,Primera A,Bucaramanga,Local,1 - 0,Jader Valencia,,F,11,6.9,False,0,0,1,0,8,7%,0,0,0,2,1,0,0,0,0,0.07,True,0.0,0.0,8.181818181818182,0.0,8.181818181818182,0.0,2022
match:2022-05-22:local:bucaramanga,2022-05-22_Local_Bucaramanga.json,2022-05-22,Primera A,Bucaramanga,Local,1 - 0,José Cuenú,,D,22,6.7,False,0,0,0,0,10,8%,0,0,0,0,0,0,0,0,0,0.08,True,0.0,0.0,0.0,0.0,0.0,0.0,2022
match:2022-05-22:local:bucaramanga,2022-05-22_Local_Bucaramanga.json,2022-05-22,Primera A,Bucaramanga,Local,1 - 0,Juan García,,M,0,,False,0,0,0,0,0,0%,0,0,0,0,0,0,0,0,0,0.0,False,,,,,,,2022
match:2022-05-22:local:bucaramanga,2022-05-22_Local_Bucaramanga.json,2022-05-22,Primera A,Bucaramanga,Local,1 - 0,Juan Moreno,,G,0,,False,0,0,0,0,0,0%,0,0,0,0,0,0,0,0,0,0.0,False,,,,,,,2022
match:2022-05-22:local:bucaramanga,2022-05-22_Local_Bucaramanga.json,2022-05-22,Primera A,Bucaramanga,Local,1 - 0,Juan Pablo Vargas,,D,90,6.9,True,0,0,0,0,45,37%,0,2,0,1,1,0,0,0,0,0.37,True,0.0,0.0,0.0,0.0,1.0,0.0,2022
match:2022-05-22:local:bucaramanga,2022-05-22_Local_Bucaramanga.json,2022-05-22,Primera A,Bucaramanga,Local,1 - 0,Juan Pereira,,M,90,7.5,True,0,0,0,0,77,72%,1,4,0,11,4,1,0,0,0,0.72,True,0.0,0.0,0.0,0.0,4.0,1.0,2022
match:2022-05-22:local:bucaramanga,2022-05-22_Local_Bucaramanga.json,2022-05-22,Primera A,Bucaramanga,Local,1 - 0,Larry Vásquez,,M,90,7.3,True,0,0,1,1,86,82%,3,4,0,11,5,2,0,1,0,0.82,True,0.0,0.0,1.0,1.0,5.0,2.0,2022
match:2022-05-22:local:bucaramanga,2022-05-22_Local_Bucaramanga.json,2022-05-22,Primera A,Bucaramanga,Local,1 - 0,Omar Bertel,,D,90,7.9,True,0,0,0,0,41,37%,3,1,0,7,7,0,0,0,0,0.37,True,0.0,0.0,0.0,0.0,7.0,0.0,2022
match:2022-05-22:local:bucaramanga,2022-05-22_Local_Bucaramanga.json,2022-05-22,Primera A,Bucaramanga,Local,1 - 0,Ricardo Márquez,,F,0,,False,0,0,0,0,0,0%,0,0,0,0,0,0,0,0,0,0.0,False,,,,,,,2022
match:2022-05-22:local:bucaramanga,2022-05-22_Local_Bucaramanga.json,2022-05-22,Primera A,Bucaramanga,Local,1 - 0,Ricardo Rosales,,D,79,6.6,True,0,0,0,0,37,23%,2,1,0,6,4,0,0,0,0,0.23,True,0.0,0.0,0.0,0.0,4.556962025316456,0.0,2022
match:2022-05-22:local:bucaramanga,2022-05-22_Local_Bucaramanga.json,2022-05-22,Primera A,Bucaramanga,Local,1 - 0,Álvaro Montero,,G,90,7.2,True,0,0,0,0,24,18%,0,0,0,0,0,0,0,0,0,0.18,True,0.0,0.0,0.0,0.0,0.0,0.0,2022
match:2022-06-01:visitante:atletico_nacional,2022-06-01_Visitante_Atletico_Nacional.json,2022-06-01,Primera A,Atletico Nacional,Visitante,2 - 2,Andres Gomez,,M,74,6.6,True,0,0,3,0,28,21%,0,1,0,3,1,0,0,0,0,0.21,True,0.0,0.0,3.6486486486486487,0.0,1.2162162162162162,0.0,2022
match:2022-06-01:visitante:atletico_nacional,2022-06-01_Visitante_Atletico_Nacional.json,2022-06-01,Primera A,Atletico Nacional,Visitante,2 - 2,Andrés Llinás,,D,90,7.2,True,0,0,0,0,40,29%,2,4,3,8,5,1,0,1,0,0.29,True,0.0,0.0,0.0,0.0,5.0,1.0,2022
match:2022-06-01:visitante:atletico_nacional,2022-06-01_Visitante_Atletico_Nacional.json,2022-06-01,Primera A,Atletico Nacional,Visitante,2 - 2,Andrés Murillo,,D,90,7.2,True,0,0,0,0,31,28%,2,4,1,4,3,0,1,0,0,0.28,True,0.0,0.0,0.0,0.0,3.0,0.0,2022
match:2022-06-01:visitante:atletico_nacional,2022-06-01_Visitante_Atletico_Nacional.json,2022-06-01,Primera A,Atletico Nacional,Visitante,2 - 2,Daniel Ruiz,,M,89,7.9,True,1,0,3,3,42,31%,0,0,0,8,7,0,5,0,0,0.31,True,1.0112359550561798,0.0,3.033707865168539,3.033707865168539,7.078651685393258,0.0,2022
match:2022-06-01:visitante:atletico_nacional,2022-06-01_Visitante_Atletico_Nacional.json,2022-06-01,Primera A,Atletico Nacional,Visitante,2 - 2,David Macalister Silva,,M,82,7.2,True,0,1,1,0,66,55%,0,0,0,7,3,0,2,0,0,0.55,True,0.0,1.0975609756097562,1.0975609756097562,0.0,3.292682926829268,0.0,2022
match:2022-06-01:visitante:atletico_nacional,2022-06-01_Visitante_Atletico_Nacional.json,2022-06-01,Primera A,Atletico Nacional,Visitante,2 - 2,Diego Herazo,,F,45,6.2,True,0,0,1,1,5,3%,0,0,1,0,0,0,0,0,0,0.03,True,0.0,0.0,2.0,2.0,0.0,0.0,2022
match:2022-06-01:visitante:atletico_nacional,2022-06-01_Visitante_Atletico_Nacional.json,2022-06-01,Primera A,Atletico Nacional,Visitante,2 - 2,Eduardo Sosa,,M,16,6.3,False,0,0,0,0,8,4%,1,0,0,3,1,0,0,0,0,0.04,True,0.0,0.0,0.0,0.0,5.625,0.0,2022
match:2022-06-01:visitante:atletico_nacional,2022-06-01_Visitante_Atletico_Nacional.json,2022-06-01,Primera A,Atletico Nacional,Visitante,2 - 2,Elvis Perlaza,,D,90,6.3,True,0,0,0,0,50,40%,0,0,0,4,0,2,0,1,0,0.4,True,0.0,0.0,0.0,0.0,0.0,2.0,2022
match:2022-06-01:visitante:atletico_nacional,2022-06-01_Visitante_Atletico_Nacional.json,2022-06-01,Primera A,Atletico Nacional,Visitante,2 - 2,Jader Valencia,,F,45,6.7,False,0,0,1,0,12,11%,0,0,0,2,1,0,0,0,0,0.11,True,0.0,0.0,2.0,0.0,2.0,0.0,2022
match:2022-06-01:visitante:atletico_nacional,2022-06-01_Visitante_Atletico_Nacional.json,2022-06-01,Primera A,Atletico Nacional,Visitante,2 - 2,José Cuenú,,D,8,6.3,False,0,0,0,0,4,4%,0,0,0,2,0,0,0,0,0,0.04,True,0.0,0.0,0.0,0.0,0.0,0.0,2022
match:2022-06-01:visitante:atletico_nacional,2022-06-01_Visitante_Atletico_Nacional.json,2022-06-01,Primera A,Atletico Nacional,Visitante,2 - 2,Juan García,,M,0,,False,0,0,0,0,0,0%,0,0,0,0,0,0,0,0,0,0.0,False,,,,,,,2022
match:2022-06-01:visitante:atletico_nacional,2022-06-01_Visitante_Atletico_Nacional.json,2022-06-01,Primera A,Atletico Nacional,Visitante,2 - 2,Juan Moreno,,G,0,,False,0,0,0,0,0,0%,0,0,0,0,0,0,0,0,0,0.0,False,,,,,,,2022
match:2022-06-01:visitante:atletico_nacional,2022-06-01_Visitante_Atletico_Nacional.json,2022-06-01,Primera A,Atletico Nacional,Visitante,2 - 2,Juan Pereira,,M,90,6.9,True,0,0,1,0,61,52%,2,3,0,9,5,1,1,0,0,0.52,True,0.0,0.0,1.0,0.0,5.0,1.0,2022
match:2022-06-01:visitante:atletico_nacional,2022-06-01_Visitante_Atletico_Nacional.json,2022-06-01,Primera A,Atletico Nacional,Visitante,2 - 2,Larry Vásquez,,M,90,6.6,True,0,0,1,0,72,68%,2,1,0,13,5,1,0,0,0,0.68,True,0.0,0.0,1.0,0.0,5.0,1.0,2022
match:2022-06-01:visitante:atletico_nacional,2022-06-01_Visitante_Atletico_Nacional.json,2022-06-01,Primera A,Atletico Nacional,Visitante,2 - 2,Omar Bertel,,D,90,6.3,True,0,0,0,0,38,35%,1,2,0,6,3,1,0,0,0,0.35,True,0.0,0.0,0.0,0.0,3.0,1.0,2022
match:2022-06-01:visitante:atletico_nacional,2022-06-01_Visitante_Atletico_Nacional.json,2022-06-01,Primera A,Atletico Nacional,Visitante,2 - 2,Ricardo Márquez,,F,1,,False,0,0,0,0,0,0%,0,0,0,1,0,0,0,0,0,0.0,True,0.0,0.0,0.0,0.0,0.0,0.0,2022
match:2022-06-01:visitante:atletico_nacional,2022-06-01_Visitante_Atletico_Nacional.json,2022-06-01,Primera A,Atletico Nacional,Visitante,2 - 2,Ricardo Rosales,,D,0,,False,0,0,0,0,0,0%,0,0,0,0,0,0,0,0,0,0.0,False,,,,,,,2022
match:2022-06-01:visitante:atletico_nacional,2022-06-01_Visitante_Atletico_Nacional.json,2022-06-01,Primera A,Atletico Nacional,Visitante,2 - 2,Álvaro Montero,,G,90,6.5,True,0,0,0,0,30,17%,0,0,0,1,1,0,1,1,0,0.17,True,0.0,0.0,0.0,0.0,1.0,0.0,2022
match:2022-06-05:visitante:junior,2022-06-05_Visitante_Junior.json,2022-06-05,Primera A,Junior,Visitante,2 - 1,Andres Gomez,,M,56,6.3,True,0,0,1,1,11,7%,1,0,0,2,1,1,0,1,0,0.07,True,0.0,0.0,1.607142857142857,1.607142857142857,1.607142857142857,1.607142857142857,2022
match:2022-06-05:visitante:junior,2022-06-05_Visitante_Junior.json,2022-06-05,Primera A,Junior,Visitante,2 - 1,Andrés Llinás,,D,74,6.9,True,0,0,0,0,50,45%,2,2,0,7,5,0,1,0,0,0.45,True,0.0,0.0,0.0,0.0,6.081081081081082,0.0,2022
match:2022-06-05:visitante:junior,2022-06-05_Visitante_Junior.json,2022-06-05,Primera A,Junior,Visitante,2 - 1,Andrés Murillo,,D,90,6.6,True,0,0,0,0,55,43%,1,0,1,5,5,0,2,0,0,0.43,True,0.0,0.0,0.0,0.0,5.0,0.0,2022
match:2022-06-05:visitante:junior,2022-06-05_Visitante_Junior.json,2022-06-05,Primera A,Junior,Visitante,2 - 1,Daniel Ruiz,,M,90,6.6,True,0,0,1,0,37,28%,1,0,0,5,3,0,1,0,0,0.28,True,0.0,0.0,1.0,0.0,3.0,0.0,2022
match:2022-06-05:visitante:junior,2022-06-05_Visitante_Junior.json,2022-06-05,Primera A,Junior,Visitante,2 - 1,David Macalister Silva,,M,90,6.7,True,0,0,0,0,41,30%,0,0,0,7,3,0,1,0,0,0.3,True,0.0,0.0,0.0,0.0,3.0,0.0,2022
match:2022-06-05:visitante:junior,2022-06-05_Visitante_Junior.json,2022-06-05,Primera A,Junior,Visitante,2 - 1,Diego Herazo,,F,45,6.5,True,0,0,0,0,5,4%,0,0,0,2,0,1,0,0,0,0.04,True,0.0,0.0,0.0,0.0,0.0,2.0,2022
match:2022-06-05:visitante:junior,2022-06-05_Visitante_Junior.json,2022-06-05,Primera A,Junior,Visitante,2 - 1,Edgar Guerra,,F,16,6.5,False,0,0,0,0,12,9%,0,0,0,0,0,0,0,0,0,0.09,True,0.0,0.0,0.0,0.0,0.0,0.0,2022
match:2022-06-05:visitante:junior,2022-06-05_Visitante_Junior.json,2022-06-05,Primera A,Junior,Visitante,2 - 1,Elvis Perlaza,,D,74,6.7,True,0,0,0,0,44,39%,2,1,0,5,2,2,0,1,0,0.39,True,0.0,0.0,0.0,0.0,2.4324324324324325,2.4324324324324325,2022
match:2022-06-05:visitante:junior,2022-06-05_Visitante_Junior.json,2022-06-05,Primera A,Junior,Visitante,2 - 1,Jader Valencia,,F,45,6.9,False,1,0,1,1,11,8%,0,0,0,5,0,2,0,1,0,0.08,True,2.0,0.0,2.0,2.0,0.0,4.0,2022
match:2022-06-05:visitante:junior,2022-06-05_Visitante_Junior.json,2022-06-05,Primera A,Junior,Visitante,2 - 1,José Cuenú,,D,16,6.3,False,0,0,0,0,10,8%,0,0,0,3,2,0,1,0,0,0.08,True,0.0,0.0,0.0,0.0,11.25,0.0,2022
match:2022-06-05:visitante:junior,2022-06-05_Visitante_Junior.json,2022-06-05,Primera A,Junior,Visitante,2 - 1,Juan García,,M,0,,False,0,0,0,0,0,0%,0,0,0,0,0,0,0,0,0,0.0,False,,,,,,,2022
match:2022-06-05:visitante:junior,2022-06-05_Visitante_Junior.json,2022-06-05,Primera A,Junior,Visitante,2 - 1,Juan Moreno,,G,0,,False,0,0,0,0,0,0%,0,0,0,0,0,0,0,0,0,0.0,False,,,,,,,2022
match:2022-06-05:visitante:junior,2022-06-05_Visitante_Junior.json,2022-06-05,Primera A,Junior,Visitante,2 - 1,Juan Pereira,,M,90,6.2,True,0,0,0,0,42,31%,1,0,0,7,4,0,1,0,0,0.31,True,0.0,0.0,0.0,0.0,4.0,0.0,2022
match:2022-06-05:visitante:junior,2022-06-05_Visitante_Junior.json,2022-06-05,Primera A,Junior,Visitante,2 - 1,Larry Vásquez,,M,90,7.0,True,0,0,0,0,62,56%,3,3,0,9,5,1,1,0,0,0.56,True,0.0,0.0,0.0,0.0,5.0,1.0,2022
match:2022-06-05:visitante:junior,2022-06-05_Visitante_Junior.json,2022-06-05,Primera A,Junior,Visitante,2 - 1,Omar Bertel,,D,90,6.2,True,0,0,0,0,36,29%,1,0,0,9,2,3,1,1,0,0.29,True,0.0,0.0,0.0,0.0,2.0,3.0,2022
match:2022-06-05:visitante:junior,2022-06-05_Visitante_Junior.json,2022-06-05,Primera A,Junior,Visitante,2 - 1,Oscar Cortés,,M,16,7.2,False,0,1,0,0,8,6%,2,0,0,2,2,0,0,0,0,0.06,True,0.0,5.625,0.0,0.0,11.25,0.0,2022
match:2022-06-05:visitante:junior,2022-06-05_Visitante_Junior.json,2022-06-05,Primera A,Junior,Visitante,2 - 1,Richard Celis,,F,18,6.3,False,0,0,0,0,5,3%,0,0,0,2,0,0,0,1,0,0.03,True,0.0,0.0,0.0,0.0,0.0,0.0,2022
match:2022-06-05:visitante:junior,2022-06-05_Visitante_Junior.json,2022-06-05,Primera A,Junior,Visitante,2 - 1,Álvaro Montero,,G,90,6.9,True,0,0,0,0,30,14%,0,0,0,0,0,0,0,0,0,0.14,True,0.0,0.0,0.0,0.0,0.0,0.0,2022
match:2022-06-08:local:junior,2022-06-08_Local_Junior.json,2022-06-08,Primera A,Junior,Local,0 - 0,Andres Gomez,,M,87,6.2,True,0,0,3,1,15,11%,1,0,0,11,5,1,1,0,0,0.11,True,0.0,0.0,3.103448275862069,1.0344827586206897,5.172413793103448,1.0344827586206897,2022
match:2022-06-08:local:junior,2022-06-08_Local_Junior.json,2022-06-08,Primera A,Junior,Local,0 - 0,Andrés Llinás,,D,97,7.6,True,0,0,0,0,58,54%,3,0,3,12,8,1,1,0,0,0.54,True,0.0,0.0,0.0,0.0,7.422680412371134,0.9278350515463918,2022
match:2022-06-08:local:junior,2022-06-08_Local_Junior.json,2022-06-08,Primera A,Junior,Local,0 - 0,Andrés Murillo,,D,0,,False,0,0,0,0,0,0%,0,0,0,0,0,0,0,0,0,0.0,False,,,,,,,2022
match:2022-06-08:local:junior,2022-06-08_Local_Junior.json,2022-06-08,Primera A,Junior,Local,0 - 0,Daniel Ruiz,,M,97,7.7,True,0,0,4,2,42,32%,1,0,0,14,9,0,5,0,0,0.32,True,0.0,0.0,3.711340206185567,1.8556701030927836,8.350515463917526,0.0,2022
match:2022-06-08:local:junior,2022-06-08_Local_Junior.json,2022-06-08,Primera A,Junior,Local,0 - 0,David Macalister Silva,,M,97,6.9,True,0,0,2,0,61,48%,0,0,0,10,5,1,0,0,0,0.48,True,0.0,0.0,1.8556701030927836,0.0,4.639175257731958,0.9278350515463918,2022
match:2022-06-08:local:junior,2022-06-08_Local_Junior.json,2022-06-08,Primera A,Junior,Local,0 - 0,Eduardo Sosa,,M,33,6.9,False,0,0,1,0,11,8%,0,0,0,6,5,0,3,0,0,0.08,True,0.0,0.0,2.7272727272727275,0.0,13.636363636363637,0.0,2022
match:2022-06-08:local:junior,2022-06-08_Local_Junior.json,2022-06-08,Primera A,Junior,Local,0 - 0,Elvis Perlaza,,D,88,6.7,True,0,0,0,0,45,39%,2,0,0,6,2,0,0,1,0,0.39,True,0.0,0.0,0.0,0.0,2.0454545454545454,0.0,2022
match:2022-06-08:local:junior,2022-06-08_Local_Junior.json,2022-06-08,Primera A,Junior,Local,0 - 0,Jader Valencia,,F,97,6.3,True,0,0,1,1,26,18%,1,1,0,13,3,0,1,0,0,0.18,True,0.0,0.0,0.9278350515463918,0.9278350515463918,2.783505154639175,0.0,2022
match:2022-06-08:local:junior,2022-06-08_Local_Junior.json,2022-06-08,Primera A,Junior,Local,0 - 0,José Cuenú,,D,97,7.2,True,0,0,0,0,75,64%,1,1,0,3,2,1,0,0,0,0.64,True,0.0,0.0,0.0,0.0,1.8556701030927836,0.9278350515463918,2022
match:2022-06-08:local:junior,2022-06-08_Local_Junior.json,2022-06-08,Primera A,Junior,Local,0 - 0,Juan García,,M,0,,False,0,0,0,0,0,0%,0,0,0,0,0,0,0,0,0,0.0,False,,,,,,,2022
match:2022-06-08:local:junior,2022-06-08_Local_Junior.json,2022-06-08,Primera A,Junior,Local,0 - 0,Juan Moreno,,G,0,,False,0,0,0,0,0,0%,0,0,0,0,0,0,0,0,0,0.0,False,,,,,,,2022
match:2022-06-08:local:junior,2022-06-08_Local_Junior.json,2022-06-08,Primera A,Junior,Local,0 - 0,Juan Pereira,,M,64,7.2,True,0,0,0,0,47,41%,2,1,0,8,5,1,1,1,0,0.41,True,0.0,0.0,0.0,0.0,7.03125,1.40625,2022
match:2022-06-08:local:junior,2022-06-08_Local_Junior.json,2022-06-08,Primera A,Junior,Local,0 - 0,Larry Vásquez,,M,97,6.9,True,0,0,2,0,64,60%,1,0,0,10,3,3,1,0,0,0.6,True,0.0,0.0,1.8556701030927836,0.0,2.783505154639175,2.783505154639175,2022
match:2022-06-08:local:junior,2022-06-08_Local_Junior.json,2022-06-08,Primera A,Junior,Local,0 - 0,Omar Bertel,,D,97,7.2,True,0,0,0,0,35,27%,3,1,0,11,7,0,0,0,0,0.27,True,0.0,0.0,0.0,0.0,6.494845360824741,0.0,2022
match:2022-06-08:local:junior,2022-06-08_Local_Junior.json,2022-06-08,Primera A,Junior,Local,0 - 0,Oscar Cortés,,M,0,,False,0,0,0,0,0,0%,0,0,0,0,0,0,0,0,0,0.0,False,,,,,,,2022
match:2022-06-08:local:junior,2022-06-08_Local_Junior.json,2022-06-08,Primera A,Junior,Local,0 - 0,Ricardo Márquez,,F,10,6.3,False,0,0,0,0,0,0%,0,0,0,0,0,0,0,0,0,0.0,True,0.0,0.0,0.0,0.0,0.0,0.0,2022
match:2022-06-08:local:junior,2022-06-08_Local_Junior.json,2022-06-08,Primera A,Junior,Local,0 - 0,Ricardo Rosales,,D,9,6.7,False,0,0,0,0,3,2%,0,0,0,0,0,0,0,0,0,0.02,True,0.0,0.0,0.0,0.0,0.0,0.0,2022
match:2022-06-08:local:junior,2022-06-08_Local_Junior.json,2022-06-08,Primera A,Junior,Local,0 - 0,Álvaro Montero,,G,97,6.9,True,0,0,0,0,23,18%,0,0,0,0,0,0,0,0,0,0.18,True,0.0,0.0,0.0,0.0,0.0,0.0,2022
match:2022-06-12:local:atletico_nacional,2022-06-12_Local_Atletico_Nacional.json,2022-06-12,Primera A,Atletico Nacional,Local,0 - 0,Andres Gomez,,M,90,7.9,True,0,0,4,1,31,23%,4,1,0,11,8,0,1,0,0,0.23,True,0.0,0.0,4.0,1.0,8.0,0.0,2022
match:2022-06-12:local:atletico_nacional,2022-06-12_Local_Atletico_Nacional.json,2022-06-12,Primera A,Atletico Nacional,Local,0 - 0,Andrés Llinás,,D,90,7.2,True,0,0,1,0,50,41%,3,0,0,9,6,0,2,0,0,0.41,True,0.0,0.0,1.0,0.0,6.0,0.0,2022
match:2022-06-12:local:atletico_nacional,2022-06-12_Local_Atletico_Nacional.json,2022-06-12,Primera A,Atletico Nacional,Local,0 - 0,Andrés Murillo,,D,0,,False,0,0,0,0,0,0%,0,0,0,0,0,0,0,0,0,0.0,False,,,,,,,2022
match:2022-06-12:local:atletico_nacional,2022-06-12_Local_Atletico_Nacional.json,2022-06-12,Primera A,Atletico Nacional,Local,0 - 0,Daniel Ruiz,,M,89,7.3,True,0,0,4,2,39,26%,2,0,0,11,6,0,4,0,0,0.26,True,0.0,0.0,4.044943820224719,2.0224719101123596,6.067415730337078,0.0,2022
match:2022-06-12:local:atletico_nacional,2022-06-12_Local_Atletico_Nacional.json,2022-06-12,Primera A,Atletico Nacional,Local,0 - 0,David Macalister Silva,,M,88,6.9,True,0,0,2,1,58,48%,2,0,0,12,2,1,0,0,0,0.48,True,0.0,0.0,2.0454545454545454,1.0227272727272727,2.0454545454545454,1.0227272727272727,2022
match:2022-06-12:local:atletico_nacional,2022-06-12_Local_Atletico_Nacional.json,2022-06-12,Primera A,Atletico Nacional,Local,0 - 0,Diego Abadia,,F,9,6.3,False,0,0,0,0,1,1%,1,0,0,3,1,1,0,0,0,1.0,True,0.0,0.0,0.0,0.0,10.0,10.0,2022
match:2022-06-12:local:atletico_nacional,2022-06-12_Local_Atletico_Nacional.json,2022-06-12,Primera A,Atletico Nacional,Local,0 - 0,Eduardo Sosa,,M,76,6.6,True,0,0,2,0,24,23%,2,0,1,10,4,0,0,1,0,0.23,True,0.0,0.0,2.3684210526315788,0.0,4.7368421052631575,0.0,2022
match:2022-06-12:local:atletico_nacional,2022-06-12_Local_Atletico_Nacional.json,2022-06-12,Primera A,Atletico Nacional,Local,0 - 0,Elvis Perlaza,,D,90,7.6,True,0,0,0,0,33,24%,4,4,0,13,8,2,2,0,0,0.24,True,0.0,0.0,0.0,0.0,8.0,2.0,2022
match:2022-06-12:local:atletico_nacional,2022-06-12_Local_Atletico_Nacional.json,2022-06-12,Primera A,Atletico Nacional,Local,0 - 0,Jader Valencia,,F,90,7.2,True,0,0,3,2,21,15%,1,0,0,7,3,2,0,1,0,0.15,True,0.0,0.0,3.0,2.0,3.0,2.0,2022
match:2022-06-12:local:atletico_nacional,2022-06-12_Local_Atletico_Nacional.json,2022-06-12,Primera A,Atletico Nacional,Local,0 - 0,José Cuenú,,D,90,7.3,True,0,0,4,0,48,42%,2,1,2,7,4,0,1,0,0,0.42,True,0.0,0.0,4.0,0.0,4.0,0.0,2022
match:2022-06-12:local:atletico_nacional,2022-06-12_Local_Atletico_Nacional.json,2022-06-12,Primera A,Atletico Nacional,Local,0 - 0,Juan García,,M,0,,False,0,0,0,0,0,0%,0,0,0,0,0,0,0,0,0,0.0,False,,,,,,,2022
match:2022-06-12:local:atletico_nacional,2022-06-12_Local_Atletico_Nacional.json,2022-06-12,Primera A,Atletico Nacional,Local,0 - 0,Juan Moreno,,G,0,,False,0,0,0,0,0,0%,0,0,0,0,0,0,0,0,0,0.0,False,,,,,,,2022
match:2022-06-12:local:atletico_nacional,2022-06-12_Local_Atletico_Nacional.json,2022-06-12,Primera A,Atletico Nacional,Local,0 - 0,Larry Vásquez,,M,90,7.2,True,0,0,0,0,63,55%,0,0,0,1,1,0,0,0,0,0.55,True,0.0,0.0,0.0,0.0,1.0,0.0,2022
match:2022-06-12:local:atletico_nacional,2022-06-12_Local_Atletico_Nacional.json,2022-06-12,Primera A,Atletico Nacional,Local,0 - 0,Omar Bertel,,D,90,7.5,True,0,0,0,0,32,28%,2,1,0,5,5,0,0,0,0,0.28,True,0.0,0.0,0.0,0.0,5.0,0.0,2022
match:2022-06-12:local:atletico_nacional,2022-06-12_Local_Atletico_Nacional.json,2022-06-12,Primera A,Atletico Nacional,Local,0 - 0,Oscar Cortés,,M,14,6.9,False,0,0,0,0,13,11%,1,0,0,2,1,1,0,0,0,0.11,True,0.0,0.0,0.0,0.0,6.428571428571428,6.428571428571428,2022
match:2022-06-12:local:atletico_nacional,2022-06-12_Local_Atletico_Nacional.json,2022-06-12,Primera A,Atletico Nacional,Local,0 - 0,Ricardo Rosales,,D,0,,False,0,0,0,0,0,0%,0,0,0,0,0,0,0,0,0,0.0,False,,,,,,,2022
match:2022-06-12:local:atletico_nacional,2022-06-12_Local_Atletico_Nacional.json,2022-06-12,Primera A,Atletico Nacional,Local,0 - 0,Richard Celis,,F,8,6.5,False,0,0,0,0,3,2%,0,0,0,1,0,0,0,0,0,0.02,True,0.0,0.0,0.0,0.0,0.0,0.0,2022
match:2022-06-12:local:atletico_nacional,2022-06-12_Local_Atletico_Nacional.json,2022-06-12,Primera A,Atletico Nacional,Local,0 - 0,Álvaro Montero,,G,90,7.3,True,0,0,0,0,21,16%,0,0,0,0,0,0,0,0,0,0.16,True,0.0,0.0,0.0,0.0,0.0,0.0,2022
match:2022-06-15:visitante:bucaramanga,2022-06-15_Visitante_Bucaramanga.json,2022-06-15,Primera A,Bucaramanga,Visitante,2 - 1,Andres Gomez,,M,89,6.6,True,1,0,2,2,20,13%,2,1,0,14,5,1,0,0,0,0.13,True,1.0112359550561798,0.0,2.0224719101123596,2.0224719101123596,5.056179775280898,1.0112359550561798,2022
match:2022-06-15:visitante:bucaramanga,2022-06-15_Visitante_Bucaramanga.json,2022-06-15,Primera A,Bucaramanga,Visitante,2 - 1,Andrés Llinás,,D,94,6.6,True,0,0,0,0,57,53%,1,0,0,6,4,1,0,0,0,0.53,True,0.0,0.0,0.0,0.0,3.829787234042553,0.9574468085106382,2022
match:2022-06-15:visitante:bucaramanga,2022-06-15_Visitante_Bucaramanga.json,2022-06-15,Primera A,Bucaramanga,Visitante,2 - 1,Andrés Murillo,,D,0,,False,0,0,0,0,0,0%,0,0,0,0,0,0,0,0,0,0.0,False,,,,,,,2022
match:2022-06-15:visitante:bucaramanga,2022-06-15_Visitante_Bucaramanga.json,2022-06-15,Primera A,Bucaramanga,Visitante,2 - 1,Daniel Ruiz,,M,89,6.9,True,0,0,0,0,45,32%,0,0,0,4,2,0,2,0,0,0.32,True,0.0,0.0,0.0,0.0,2.0224719101123596,0.0,2022
match:2022-06-15:visitante:bucaramanga,2022-06-15_Visitante_Bucaramanga.json,2022-06-15,Primera A,Bucaramanga,Visitante,2 - 1,David Macalister Silva,,M,89,6.6,True,0,0,0,0,58,48%,1,0,0,8,4,1,3,0,0,0.48,True,0.0,0.0,0.0,0.0,4.044943820224719,1.0112359550561798,2022
match:2022-06-15:visitante:bucaramanga,2022-06-15_Visitante_Bucaramanga.json,2022-06-15,Primera A,Bucaramanga,Visitante,2 - 1,Dewar Victoria,,M,5,,False,0,0,0,0,9,7%,0,0,0,1,1,0,0,0,0,0.07,True,0.0,0.0,0.0,0.0,18.0,0.0,2022
match:2022-06-15:visitante:bucaramanga,2022-06-15_Visitante_Bucaramanga.json,2022-06-15,Primera A,Bucaramanga,Visitante,2 - 1,Diego Abadia,,F,33,6.7,False,0,0,2,0,7,6%,1,0,0,3,3,0,1,0,0,0.06,True,0.0,0.0,5.454545454545455,0.0,8.181818181818182,0.0,2022
match:2022-06-15:visitante:bucaramanga,2022-06-15_Visitante_Bucaramanga.json,2022-06-15,Primera A,Bucaramanga,Visitante,2 - 1,Edgar Guerra,,F,5,,False,0,0,0,0,3,3%,0,0,0,0,0,0,0,0,0,0.03,True,0.0,0.0,0.0,0.0,0.0,0.0,2022
match:2022-06-15:visitante:bucaramanga,2022-06-15_Visitante_Bucaramanga.json,2022-06-15,Primera A,Bucaramanga,Visitante,2 - 1,Elvis Perlaza,,D,94,6.9,True,0,0,0,0,58,50%,5,1,0,12,8,1,0,0,0,0.5,True,0.0,0.0,0.0,0.0,7.659574468085106,0.9574468085106382,2022
match:2022-06-15:visitante:bucaramanga,2022-06-15_Visitante_Bucaramanga.json,2022-06-15,Primera A,Bucaramanga,Visitante,2 - 1,Jader Valencia,,F,61,6.6,True,0,0,1,0,17,12%,1,0,0,8,4,2,1,0,0,0.12,True,0.0,0.0,1.4754098360655739,0.0,5.901639344262295,2.9508196721311477,2022
match:2022-06-15:visitante:bucaramanga,2022-06-15_Visitante_Bucaramanga.json,2022-06-15,Primera A,Bucaramanga,Visitante,2 - 1,José Cuenú,,D,94,7.0,True,0,0,2,1,46,40%,2,0,1,7,5,2,0,1,0,0.4,True,0.0,0.0,1.9148936170212765,0.9574468085106382,4.787234042553192,1.9148936170212765,2022
match:2022-06-15:visitante:bucaramanga,2022-06-15_Visitante_Bucaramanga.json,2022-06-15,Primera A,Bucaramanga,Visitante,2 - 1,Juan García,,M,67,6.7,True,0,0,0,0,53,48%,0,1,0,3,1,1,0,0,0,0.48,True,0.0,0.0,0.0,0.0,1.3432835820895521,1.3432835820895521,2022
match:2022-06-15:visitante:bucaramanga,2022-06-15_Visitante_Bucaramanga.json,2022-06-15,Primera A,Bucaramanga,Visitante,2 - 1,Juan Moreno,,G,0,,False,0,0,0,0,0,0%,0,0,0,0,0,0,0,0,0,0.0,False,,,,,,,2022
match:2022-06-15:visitante:bucaramanga,2022-06-15_Visitante_Bucaramanga.json,2022-06-15,Primera A,Bucaramanga,Visitante,2 - 1,Larry Vásquez,,M,94,6.9,True,0,0,1,0,75,65%,2,0,0,7,4,1,0,0,0,0.65,True,0.0,0.0,0.9574468085106382,0.0,3.829787234042553,0.9574468085106382,2022
match:2022-06-15:visitante:bucaramanga,2022-06-15_Visitante_Bucaramanga.json,2022-06-15,Primera A,Bucaramanga,Visitante,2 - 1,Omar Bertel,,D,94,6.3,True,0,0,1,0,43,37%,1,2,0,7,3,2,0,1,0,0.37,True,0.0,0.0,0.9574468085106382,0.0,2.8723404255319145,1.9148936170212765,2022
match:2022-06-15:visitante:bucaramanga,2022-06-15_Visitante_Bucaramanga.json,2022-06-15,Primera A,Bucaramanga,Visitante,2 - 1,Oscar Cortés,,M,27,6.5,False,0,0,0,0,15,15%,0,0,0,2,0,0,0,0,0,0.15,True,0.0,0.0,0.0,0.0,0.0,0.0,2022
match:2022-06-15:visitante:bucaramanga,2022-06-15_Visitante_Bucaramanga.json,2022-06-15,Primera A,Bucaramanga,Visitante,2 - 1,Yuber Quiñones,,F,5,,False,0,0,0,0,0,0%,0,0,0,0,0,0,0,0,0,0.0,True,0.0,0.0,0.0,0.0,0.0,0.0,2022
match:2022-06-15:visitante:bucaramanga,2022-06-15_Visitante_Bucaramanga.json,2022-06-15,Primera A,Bucaramanga,Visitante,2 - 1,Álvaro Montero,,G,94,6.5,True,0,0,0,0,18,14%,0,0,0,0,0,0,0,0,0,0.14,True,0.0,0.0,0.0,0.0,0.0,0.0,2022
match:2022-07-09:local:deportivo_pasto,2022-07-09_Local_Deportivo_Pasto.json,2022-07-09,Primera A,Deportivo Pasto,Local,1 - 1,Andres Gomez,,M,76,6.2,True,0,0,2,2,31,25%,0,0,0,8,3,1,0,0,0,0.25,True,0.0,0.0,2.3684210526315788,2.3684210526315788,3.552631578947368,1.1842105263157894,2022
match:2022-07-09:local:deportivo_pasto,2022-07-09_Local_Deportivo_Pasto.json,2022-07-09,Primera A,Deportivo Pasto,Local,1 - 1,Andrés Llinás,,D,90,7.0,True,0,0,2,0,64,58%,2,0,2,12,6,2,0,0,0,0.58,True,0.0,0.0,2.0,0.0,6.0,2.0,2022
match:2022-07-09:local:deportivo_pasto,2022-07-09_Local_Deportivo_Pasto.json,2022-07-09,Primera A,Deportivo Pasto,Local,1 - 1,Daniel Ruiz,,M,78,9.2,True,0,1,2,1,44,34%,4,4,0,8,8,0,4,1,0,0.34,True,0.0,1.1538461538461537,2.3076923076923075,1.1538461538461537,9.23076923076923,0.0,2022
match:2022-07-09:local:deportivo_pasto,2022-07-09_Local_Deportivo_Pasto.json,2022-07-09,Primera A,Deportivo Pasto,Local,1 - 1,David Macalister Silva,,M,90,7.5,True,0,0,2,1,72,70%,0,0,0,8,4,0,2,0,0,0.7,True,0.0,0.0,2.0,1.0,4.0,0.0,2022
match:2022-07-09:local:deportivo_pasto,2022-07-09_Local_Deportivo_Pasto.json,2022-07-09,Primera A,Deportivo Pasto,Local,1 - 1,Diego Herazo,,F,14,6.3,False,0,0,0,0,0,0%,0,0,0,1,1,0,0,0,0,0.0,True,0.0,0.0,0.0,0.0,6.428571428571428,0.0,2022
match:2022-07-09:local:deportivo_pasto,2022-07-09_Local_Deportivo_Pasto.json,2022-07-09,Primera A,Deportivo Pasto,Local,1 - 1,Elvis Perlaza,,D,78,6.9,True,0,0,2,1,49,45%,1,1,0,4,1,1,0,0,0,0.45,True,0.0,0.0,2.3076923076923075,1.1538461538461537,1.1538461538461537,1.1538461538461537,2022
match:2022-07-09:local:deportivo_pasto,2022-07-09_Local_Deportivo_Pasto.json,2022-07-09,Primera A,Deportivo Pasto,Local,1 - 1,Israel Alba,,D,12,6.6,False,0,0,1,1,8,5%,1,0,0,3,1,2,0,0,0,0.05,True,0.0,0.0,7.5,7.5,7.5,15.0,2022
match:2022-07-09:local:deportivo_pasto,2022-07-09_Local_Deportivo_Pasto.json,2022-07-09,Primera A,Deportivo Pasto,Local,1 - 1,Jader Valencia,,F,12,6.6,False,0,0,1,0,3,3%,0,0,0,4,2,2,0,1,0,0.03,True,0.0,0.0,7.5,0.0,15.0,15.0,2022
match:2022-07-09:local:deportivo_pasto,2022-07-09_Local_Deportivo_Pasto.json,2022-07-09,Primera A,Deportivo Pasto,Local,1 - 1,José Cuenú,,D,0,,False,0,0,0,0,0,0%,0,0,0,0,0,0,0,0,0,0.0,False,,,,,,,2022
match:2022-07-09:local:deportivo_pasto,2022-07-09_Local_Deportivo_Pasto.json,2022-07-09,Primera A,Deportivo Pasto,Local,1 - 1,Juan García,,M,0,,False,0,0,0,0,0,0%,0,0,0,0,0,0,0,0,0,0.0,False,,,,,,,2022
match:2022-07-09:local:deportivo_pasto,2022-07-09_Local_Deportivo_Pasto.json,2022-07-09,Primera A,Deportivo Pasto,Local,1 - 1,Juan Moreno,,G,0,,False,0,0,0,0,0,0%,0,0,0,0,0,0,0,1,0,0.0,False,,,,,,,2022
match:2022-07-09:local:deportivo_pasto,2022-07-09_Local_Deportivo_Pasto.json,2022-07-09,Primera A,Deportivo Pasto,Local,1 - 1,Juan Pablo Vargas,,D,90,6.3,True,0,0,0,0,65,53%,2,0,1,5,2,1,0,1,0,0.53,True,0.0,0.0,0.0,0.0,2.0,1.0,2022
match:2022-07-09:local:deportivo_pasto,2022-07-09_Local_Deportivo_Pasto.json,2022-07-09,Primera A,Deportivo Pasto,Local,1 - 1,Juan Pereira,,M,90,7.3,True,0,0,0,0,61,52%,1,1,0,8,6,1,1,0,0,0.52,True,0.0,0.0,0.0,0.0,6.0,1.0,2022
match:2022-07-09:local:deportivo_pasto,2022-07-09_Local_Deportivo_Pasto.json,2022-07-09,Primera A,Deportivo Pasto,Local,1 - 1,Larry Vásquez,,M,90,7.6,True,0,0,0,0,59,54%,5,2,0,12,7,2,0,0,0,0.54,True,0.0,0.0,0.0,0.0,7.0,2.0,2022
match:2022-07-09:local:deportivo_pasto,2022-07-09_Local_Deportivo_Pasto.json,2022-07-09,Primera A,Deportivo Pasto,Local,1 - 1,Luis Carlos Ruiz Morales,,F,90,7.9,True,1,0,6,2,10,8%,1,1,0,7,4,2,2,0,0,0.08,True,1.0,0.0,6.0,2.0,4.0,2.0,2022
match:2022-07-09:local:deportivo_pasto,2022-07-09_Local_Deportivo_Pasto.json,2022-07-09,Primera A,Deportivo Pasto,Local,1 - 1,Omar Bertel,,D,90,6.2,True,0,0,0,0,36,30%,0,1,0,8,2,1,0,0,0,0.3,True,0.0,0.0,0.0,0.0,2.0,1.0,2022
match:2022-07-09:local:deportivo_pasto,2022-07-09_Local_Deportivo_Pasto.json,2022-07-09,Primera A,Deportivo Pasto,Local,1 - 1,Oscar Cortés,,M,0,,False,0,0,0,0,0,0%,0,0,0,0,0,0,0,0,0,0.0,False,,,,,,,2022
match:2022-07-09:local:deportivo_pasto,2022-07-09_Local_Deportivo_Pasto.json,2022-07-09,Primera A,Deportivo Pasto,Local,1 - 1,Álvaro Montero,,G,90,6.9,True,0,0,0,0,25,20%,0,0,0,0,0,0,0,0,0,0.2,True,0.0,0.0,0.0,0.0,0.0,0.0,2022
match:2022-07-13:local:bucaramanga,2022-07-13_Local_Bucaramanga.json,2022-07-13,Primera A,Bucaramanga,Local,0 - 0,Andres Gomez,,M,82,6.6,True,0,0,1,0,26,19%,4,1,0,10,5,0,0,0,0,0.19,True,0.0,0.0,1.0975609756097562,0.0,5.48780487804878,0.0,2022
match:2022-07-13:local:bucaramanga,2022-07-13_Local_Bucaramanga.json,2022-07-13,Primera A,Bucaramanga,Local,0 - 0,Andrés Llinás,,D,90,7.5,True,0,0,3,1,44,42%,0,1,1,7,5,2,0,0,0,0.42,True,0.0,0.0,3.0,1.0,5.0,2.0,2022
match:2022-07-13:local:bucaramanga,2022-07-13_Local_Bucaramanga.json,2022-07-13,Primera A,Bucaramanga,Local,0 - 0,Daniel Ruiz,,M,90,8.2,True,0,0,3,1,48,41%,2,0,0,13,7,1,3,0,0,0.41,True,0.0,0.0,3.0,1.0,7.0,1.0,2022
match:2022-07-13:local:bucaramanga,2022-07-13_Local_Bucaramanga.json,2022-07-13,Primera A,Bucaramanga,Local,0 - 0,David Macalister Silva,,M,70,7.2,True,0,0,2,0,40,35%,1,0,0,6,3,2,1,0,0,0.35,True,0.0,0.0,2.571428571428571,0.0,3.857142857142857,2.571428571428571,2022
match:2022-07-13:local:bucaramanga,2022-07-13_Local_Bucaramanga.json,2022-07-13,Primera A,Bucaramanga,Local,0 - 0,Diego Herazo,,F,8,6.3,False,0,0,0,0,2,2%,0,0,0,1,0,0,0,0,0,0.02,True,0.0,0.0,0.0,0.0,0.0,0.0,2022
match:2022-07-13:local:bucaramanga,2022-07-13_Local_Bucaramanga.json,2022-07-13,Primera A,Bucaramanga,Local,0 - 0,Elvis Perlaza,,D,0,,False,0,0,0,0,0,0%,0,0,0,0,0,0,0,0,0,0.0,False,,,,,,,2022
match:2022-07-13:local:bucaramanga,2022-07-13_Local_Bucaramanga.json,2022-07-13,Primera A,Bucaramanga,Local,0 - 0,Israel Alba,,D,90,7.9,True,0,0,2,0,41,34%,2,4,1,9,6,1,1,0,0,0.34,True,0.0,0.0,2.0,0.0,6.0,1.0,2022
match:2022-07-13:local:bucaramanga,2022-07-13_Local_Bucaramanga.json,2022-07-13,Primera A,Bucaramanga,Local,0 - 0,José Cuenú,,D,0,,False,0,0,0,0,0,0%,0,0,0,0,0,0,0,0,0,0.0,False,,,,,,,2022
match:2022-07-13:local:bucaramanga,2022-07-13_Local_Bucaramanga.json,2022-07-13,Primera A,Bucaramanga,Local,0 - 0,Juan García,,M,8,6.3,False,0,0,0,0,8,6%,0,0,0,0,0,0,0,0,0,0.06,True,0.0,0.0,0.0,0.0,0.0,0.0,2022
match:2022-07-13:local:bucaramanga,2022-07-13_Local_Bucaramanga.json,2022-07-13,Primera A,Bucaramanga,Local,0 - 0,Juan Moreno,,G,0,,False,0,0,0,0,0,0%,0,0,0,0,0,0,0,0,0,0.0,False,,,,,,,2022
match:2022-07-13:local:bucaramanga,2022-07-13_Local_Bucaramanga.json,2022-07-13,Primera A,Bucaramanga,Local,0 - 0,Juan Pablo Vargas,,D,90,7.9,True,0,0,4,1,62,56%,0,0,1,8,8,0,0,0,0,0.56,True,0.0,0.0,4.0,1.0,8.0,0.0,2022
match:2022-07-13:local:bucaramanga,2022-07-13_Local_Bucaramanga.json,2022-07-13,Primera A,Bucaramanga,Local,0 - 0,Juan Pereira,,M,82,6.6,True,0,0,1,0,72,66%,0,1,0,4,2,0,0,0,0,0.66,True,0.0,0.0,1.0975609756097562,0.0,2.1951219512195124,0.0,2022
match:2022-07-13:local:bucaramanga,2022-07-13_Local_Bucaramanga.json,2022-07-13,Primera A,Bucaramanga,Local,0 - 0,Larry Vásquez,,M,90,7.0,True,0,0,1,0,57,51%,0,1,0,6,3,0,1,0,0,0.51,True,0.0,0.0,1.0,0.0,3.0,0.0,2022
match:2022-07-13:local:bucaramanga,2022-07-13_Local_Bucaramanga.json,2022-07-13,Primera A,Bucaramanga,Local,0 - 0,Luis Carlos Ruiz Morales,,F,82,7.2,True,0,0,2,1,18,14%,0,1,0,8,4,1,2,0,0,0.14,True,0.0,0.0,2.1951219512195124,1.0975609756097562,4.390243902439025,1.0975609756097562,2022
match:2022-07-13:local:bucaramanga,2022-07-13_Local_Bucaramanga.json,2022-07-13,Primera A,Bucaramanga,Local,0 - 0,Omar Bertel,,D,90,6.6,True,0,0,1,0,45,40%,1,1,0,10,3,2,0,0,0,0.4,True,0.0,0.0,1.0,0.0,3.0,2.0,2022
match:2022-07-13:local:bucaramanga,2022-07-13_Local_Bucaramanga.json,2022-07-13,Primera A,Bucaramanga,Local,0 - 0,Richard Celis,,F,8,6.3,False,0,0,0,0,6,3%,0,0,0,1,0,0,0,0,0,0.03,True,0.0,0.0,0.0,0.0,0.0,0.0,2022
match:2022-07-13:local:bucaramanga,2022-07-13_Local_Bucaramanga.json,2022-07-13,Primera A,Bucaramanga,Local,0 - 0,Yuber Quiñones,,F,20,6.9,False,0,0,0,0,7,7%,0,0,0,2,1,0,1,0,0,0.07,True,0.0,0.0,0.0,0.0,4.5,0.0,2022
match:2022-07-13:local:bucaramanga,2022-07-13_Local_Bucaramanga.json,2022-07-13,Primera A,Bucaramanga,Local,0 - 0,Álvaro Montero,,G,90,7.3,True,0,0,0,0,15,13%,0,0,0,0,0,0,0,0,0,0.13,True,0.0,0.0,0.0,0.0,0.0,0.0,2022
match:2022-07-16:visitante:atletico_nacional,2022-07-16_Visitante_Atletico_Nacional.json,2022-07-16,Primera A,Atletico Nacional,Visitante,1 - 2,Andres Gomez,,M,91,6.3,True,0,0,0,0,20,13%,1,0,1,10,3,1,1,1,0,0.13,True,0.0,0.0,0.0,0.0,2.967032967032967,0.989010989010989,2022
match:2022-07-16:visitante:atletico_nacional,2022-07-16_Visitante_Atletico_Nacional.json,2022-07-16,Primera A,Atletico Nacional,Visitante,1 - 2,Andrés Llinás,,D,94,7.0,True,0,0,0,0,48,41%,1,1,1,7,5,0,1,0,0,0.41,True,0.0,0.0,0.0,0.0,4.787234042553192,0.0,2022
match:2022-07-16:visitante:atletico_nacional,2022-07-16_Visitante_Atletico_Nacional.json,2022-07-16,Primera A,Atletico Nacional,Visitante,1 - 2,Daniel Cataño,,M,20,6.3,False,0,0,0,0,13,11%,0,1,0,3,1,0,0,0,0,0.11,True,0.0,0.0,0.0,0.0,4.5,0.0,2022
match:2022-07-16:visitante:atletico_nacional,2022-07-16_Visitante_Atletico_Nacional.json,2022-07-16,Primera A,Atletico Nacional,Visitante,1 - 2,Daniel Ruiz,,M,74,8.5,True,1,1,1,1,20,12%,4,0,0,13,9,1,2,0,0,0.12,True,1.2162162162162162,1.2162162162162162,1.2162162162162162,1.2162162162162162,10.945945945945947,1.2162162162162162,2022
match:2022-07-16:visitante:atletico_nacional,2022-07-16_Visitante_Atletico_Nacional.json,2022-07-16,Primera A,Atletico Nacional,Visitante,1 - 2,David Macalister Silva,,M,94,7.3,True,0,0,5,2,43,36%,3,0,0,8,5,1,1,0,0,0.36,True,0.0,0.0,4.787234042553192,1.9148936170212765,4.787234042553192,0.9574468085106382,2022
match:2022-07-16:visitante:atletico_nacional,2022-07-16_Visitante_Atletico_Nacional.json,2022-07-16,Primera A,Atletico Nacional,Visitante,1 - 2,Elvis Perlaza,,D,85,6.6,False,0,0,0,0,45,38%,0,2,0,4,1,3,1,0,0,0.38,True,0.0,0.0,0.0,0.0,1.0588235294117647,3.176470588235294,2022
match:2022-07-16:visitante:atletico_nacional,2022-07-16_Visitante_Atletico_Nacional.json,2022-07-16,Primera A,Atletico Nacional,Visitante,1 - 2,Israel Alba,,D,94,6.3,True,0,0,1,0,31,22%,0,0,1,7,3,1,0,1,0,0.22,True,0.0,0.0,0.9574468085106382,0.0,2.8723404255319145,0.9574468085106382,2022
match:2022-07-16:visitante:atletico_nacional,2022-07-16_Visitante_Atletico_Nacional.json,2022-07-16,Primera A,Atletico Nacional,Visitante,1 - 2,Jader Valencia,,F,4,,False,0,0,0,0,4,3%,1,0,0,2,1,1,0,1,0,0.03,True,0.0,0.0,0.0,0.0,22.5,22.5,2022
match:2022-07-16:visitante:atletico_nacional,2022-07-16_Visitante_Atletico_Nacional.json,2022-07-16,Primera A,Atletico Nacional,Visitante,1 - 2,José Cuenú,,D,0,,False,0,0,0,0,0,0%,0,0,0,0,0,0,0,0,0,0.0,False,,,,,,,2022
match:2022-07-16:visitante:atletico_nacional,2022-07-16_Visitante_Atletico_Nacional.json,2022-07-16,Primera A,Atletico Nacional,Visitante,1 - 2,Juan García,,M,4,,False,0,0,0,0,1,1%,0,0,0,0,0,0,0,0,0,1.0,True,0.0,0.0,0.0,0.0,0.0,0.0,2022
match:2022-07-16:visitante:atletico_nacional,2022-07-16_Visitante_Atletico_Nacional.json,2022-07-16,Primera A,Atletico Nacional,Visitante,1 - 2,Juan Moreno,,G,0,,False,0,0,0,0,0,0%,0,0,0,0,0,0,0,0,0,0.0,False,,,,,,,2022
match:2022-07-16:visitante:atletico_nacional,2022-07-16_Visitante_Atletico_Nacional.json,2022-07-16,Primera A,Atletico Nacional,Visitante,1 - 2,Juan Pablo Vargas,,D,94,7.3,True,0,0,0,0,45,36%,1,1,1,4,3,0,0,0,0,0.36,True,0.0,0.0,0.0,0.0,2.8723404255319145,0.0,2022
match:2022-07-16:visitante:atletico_nacional,2022-07-16_Visitante_Atletico_Nacional.json,2022-07-16,Primera A,Atletico Nacional,Visitante,1 - 2,Juan Pereira,,M,90,7.2,True,0,0,1,0,58,54%,2,0,0,8,5,0,2,0,0,0.54,True,0.0,0.0,1.0,0.0,5.0,0.0,2022
match:2022-07-16:visitante:atletico_nacional,2022-07-16_Visitante_Atletico_Nacional.json,2022-07-16,Primera A,Atletico Nacional,Visitante,1 - 2,Larry Vásquez,,M,94,6.3,True,0,0,1,0,64,58%,0,0,0,9,3,2,1,1,0,0.58,True,0.0,0.0,0.9574468085106382,0.0,2.8723404255319145,1.9148936170212765,2022
match:2022-07-16:visitante:atletico_nacional,2022-07-16_Visitante_Atletico_Nacional.json,2022-07-16,Primera A,Atletico Nacional,Visitante,1 - 2,Luis Carlos Ruiz Morales,,F,90,8.0,True,1,1,5,2,12,10%,1,0,0,11,6,0,2,0,0,0.1,True,1.0,1.0,5.0,2.0,6.0,0.0,2022
match:2022-07-16:visitante:atletico_nacional,2022-07-16_Visitante_Atletico_Nacional.json,2022-07-16,Primera A,Atletico Nacional,Visitante,1 - 2,Omar Bertel,,D,9,6.7,True,0,0,0,0,3,2%,0,1,0,0,0,0,0,0,0,0.02,True,0.0,0.0,0.0,0.0,0.0,0.0,2022
match:2022-07-16:visitante:atletico_nacional,2022-07-16_Visitante_Atletico_Nacional.json,2022-07-16,Primera A,Atletico Nacional,Visitante,1 - 2,Yuber Quiñones,,F,3,,False,0,0,0,0,1,1%,0,0,0,1,0,0,0,0,0,1.0,True,0.0,0.0,0.0,0.0,0.0,0.0,2022
match:2022-07-16:visitante:atletico_nacional,2022-07-16_Visitante_Atletico_Nacional.json,2022-07-16,Primera A,Atletico Nacional,Visitante,1 - 2,Álvaro Montero,,G,94,6.9,True,0,0,0,0,26,18%,0,0,0,1,1,0,0,1,0,0.18,True,0.0,0.0,0.0,0.0,0.9574468085106382,0.0,2022
match:2022-07-23:local:envigado,2022-07-23_Local_Envigado.json,2022-07-23,Primera A,Envigado,Local,1 - 0,Andres Gomez,,M,89,7.0,True,0,1,0,0,24,16%,0,1,0,5,3,0,1,0,0,0.16,True,0.0,1.0112359550561798,0.0,0.0,3.033707865168539,0.0,2022
match:2022-07-23:local:envigado,2022-07-23_Local_Envigado.json,2022-07-23,Primera A,Envigado,Local,1 - 0,Andrés Llinás,,D,90,7.9,True,0,0,1,0,41,36%,2,3,2,11,8,0,2,0,0,0.36,True,0.0,0.0,1.0,0.0,8.0,0.0,2022
match:2022-07-23:local:envigado,2022-07-23_Local_Envigado.json,2022-07-23,Primera A,Envigado,Local,1 - 0,Daniel Cataño,,M,14,6.3,False,0,0,0,0,8,7%,0,0,0,3,1,1,1,0,0,0.07,True,0.0,0.0,0.0,0.0,6.428571428571428,6.428571428571428,2022
match:2022-07-23:local:envigado,2022-07-23_Local_Envigado.json,2022-07-23,Primera A,Envigado,Local,1 - 0,Daniel Ruiz,,M,89,6.6,True,0,0,2,1,40,34%,0,2,0,10,3,1,1,0,0,0.34,True,0.0,0.0,2.0224719101123596,1.0112359550561798,3.033707865168539,1.0112359550561798,2022
match:2022-07-23:local:envigado,2022-07-23_Local_Envigado.json,2022-07-23,Primera A,Envigado,Local,1 - 0,David Macalister Silva,,M,76,7.9,True,1,0,3,1,49,39%,1,1,0,5,2,1,1,0,0,0.39,True,1.1842105263157894,0.0,3.552631578947368,1.1842105263157894,2.3684210526315788,1.1842105263157894,2022
match:2022-07-23:local:envigado,2022-07-23_Local_Envigado.json,2022-07-23,Primera A,Envigado,Local,1 - 0,Diego Herazo,,F,1,,False,0,0,0,0,0,0%,0,0,0,0,0,0,0,0,0,0.0,True,0.0,0.0,0.0,0.0,0.0,0.0,2022
match:2022-07-23:local:envigado,2022-07-23_Local_Envigado.json,2022-07-23,Primera A,Envigado,Local,1 - 0,Elvis Perlaza,,D,90,6.9,True,0,0,0,0,48,39%,2,1,0,11,7,1,0,0,0,0.39,True,0.0,0.0,0.0,0.0,7.0,1.0,2022
match:2022-07-23:local:envigado,2022-07-23_Local_Envigado.json,2022-07-23,Primera A,Envigado,Local,1 - 0,Israel Alba,,D,90,6.7,True,0,0,0,0,31,19%,1,0,0,11,6,2,0,0,0,0.19,True,0.0,0.0,0.0,0.0,6.0,2.0,2022
match:2022-07-23:local:envigado,2022-07-23_Local_Envigado.json,2022-07-23,Primera A,Envigado,Local,1 - 0,José Cuenú,,D,0,,False,0,0,0,0,0,0%,0,0,0,0,0,0,0,0,0,0.0,False,,,,,,,2022
match:2022-07-23:local:envigado,2022-07-23_Local_Envigado.json,2022-07-23,Primera A,Envigado,Local,1 - 0,Juan García,,M,1,,False,0,0,0,0,0,0%,0,0,0,0,0,0,0,0,0,0.0,True,0.0,0.0,0.0,0.0,0.0,0.0,2022
match:2022-07-23:local:envigado,2022-07-23_Local_Envigado.json,2022-07-23,Primera A,Envigado,Local,1 - 0,Juan Moreno,,G,0,,False,0,0,0,0,0,0%,0,0,0,0,0,0,0,0,0,0.0,False,,,,,,,2022
match:2022-07-23:local:envigado,2022-07-23_Local_Envigado.json,2022-07-23,Primera A,Envigado,Local,1 - 0,Juan Pablo Vargas,,D,90,8.3,True,0,0,1,1,63,52%,4,3,4,8,6,1,0,0,0,0.52,True,0.0,0.0,1.0,1.0,6.0,1.0,2022
match:2022-07-23:local:envigado,2022-07-23_Local_Envigado.json,2022-07-23,Primera A,Envigado,Local,1 - 0,Juan Pereira,,M,90,7.2,True,0,0,1,1,39,35%,1,4,1,9,4,2,0,0,0,0.35,True,0.0,0.0,1.0,1.0,4.0,2.0,2022
match:2022-07-23:local:envigado,2022-07-23_Local_Envigado.json,2022-07-23,Primera A,Envigado,Local,1 - 0,Larry Vásquez,,M,90,7.2,True,0,0,0,0,66,59%,3,0,0,11,6,2,0,0,0,0.59,True,0.0,0.0,0.0,0.0,6.0,2.0,2022
match:2022-07-23:local:envigado,2022-07-23_Local_Envigado.json,2022-07-23,Primera A,Envigado,Local,1 - 0,Luis Carlos Ruiz Morales,,F,89,6.9,True,0,0,2,0,15,9%,0,0,0,7,3,2,2,0,0,0.09,True,0.0,0.0,2.0224719101123596,0.0,3.033707865168539,2.0224719101123596,2022
match:2022-07-23:local:envigado,2022-07-23_Local_Envigado.json,2022-07-23,Primera A,Envigado,Local,1 - 0,Ricardo Rosales,,D,0,,False,0,0,0,0,0,0%,0,0,0,0,0,0,0,0,0,0.0,False,,,,,,,2022
match:2022-07-23:local:envigado,2022-07-23_Local_Envigado.json,2022-07-23,Primera A,Envigado,Local,1 - 0,Yuber Quiñones,,F,1,,False,0,0,0,0,1,1%,0,0,0,0,0,0,0,0,0,1.0,True,0.0,0.0,0.0,0.0,0.0,0.0,2022
match:2022-07-23:local:envigado,2022-07-23_Local_Envigado.json,2022-07-23,Primera A,Envigado,Local,1 - 0,Álvaro Montero,,G,90,6.9,True,0,0,0,0,23,19%,0,0,0,0,0,0,0,0,0,0.19,True,0.0,0.0,0.0,0.0,0.0,0.0,2022
match:2022-08-01:visitante:union_magdalena,2022-08-01_Visitante_Union_Magdalena.json,2022-08-01,Primera A,Union Magdalena,Visitante,0 - 2,Andres Gomez,,M,45,6.3,True,0,0,0,0,20,17%,0,0,0,1,0,0,0,0,0,0.17,True,0.0,0.0,0.0,0.0,0.0,0.0,2022
match:2022-08-01:visitante:union_magdalena,2022-08-01_Visitante_Union_Magdalena.json,2022-08-01,Primera A,Union Magdalena,Visitante,0 - 2,Daniel Cataño,,M,45,6.9,False,0,0,1,1,29,25%,0,0,0,4,2,2,2,1,0,0.25,True,0.0,0.0,2.0,2.0,4.0,4.0,2022
match:2022-08-01:visitante:union_magdalena,2022-08-01_Visitante_Union_Magdalena.json,2022-08-01,Primera A,Union Magdalena,Visitante,0 - 2,Daniel Ruiz,,M,87,6.7,True,0,0,1,0,40,33%,0,0,0,5,3,1,3,0,0,0.33,True,0.0,0.0,1.0344827586206897,0.0,3.103448275862069,1.0344827586206897,2022
match:2022-08-01:visitante:union_magdalena,2022-08-01_Visitante_Union_Magdalena.json,2022-08-01,Primera A,Union Magdalena,Visitante,0 - 2,David Macalister Silva,,M,89,7.9,True,0,1,0,0,57,47%,1,0,0,2,1,1,0,0,0,0.47,True,0.0,1.0112359550561798,0.0,0.0,1.0112359550561798,1.0112359550561798,2022
match:2022-08-01:visitante:union_magdalena,2022-08-01_Visitante_Union_Magdalena.json,2022-08-01,Primera A,Union Magdalena,Visitante,0 - 2,Diego Herazo,,F,13,7.2,False,1,0,1,1,1,1%,0,0,0,2,1,1,0,0,0,1.0,True,6.923076923076923,0.0,6.923076923076923,6.923076923076923,6.923076923076923,6.923076923076923,2022
match:2022-08-01:visitante:union_magdalena,2022-08-01_Visitante_Union_Magdalena.json,2022-08-01,Primera A,Union Magdalena,Visitante,0 - 2,Edgar Guerra,,F,45,6.7,False,0,0,0,0,39,36%,0,1,0,5,1,1,1,0,0,0.36,True,0.0,0.0,0.0,0.0,2.0,2.0,2022
match:2022-08-01:visitante:union_magdalena,2022-08-01_Visitante_Union_Magdalena.json,2022-08-01,Primera A,Union Magdalena,Visitante,0 - 2,Elvis Perlaza,,D,90,6.9,True,0,0,0,0,51,47%,2,0,0,8,4,1,1,0,0,0.47,True,0.0,0.0,0.0,0.0,4.0,1.0,2022
match:2022-08-01:visitante:union_magdalena,2022-08-01_Visitante_Union_Magdalena.json,2022-08-01,Primera A,Union Magdalena,Visitante,0 - 2,Israel Alba,,D,45,6.9,True,0,0,0,0,33,30%,0,0,0,1,1,0,1,0,0,0.3,True,0.0,0.0,0.0,0.0,2.0,0.0,2022
match:2022-08-01:visitante:union_magdalena,2022-08-01_Visitante_Union_Magdalena.json,2022-08-01,Primera A,Union Magdalena,Visitante,0 - 2,Jader Valencia,,F,3,,False,0,0,0,0,3,3%,0,0,0,1,0,1,0,0,0,0.03,True,0.0,0.0,0.0,0.0,0.0,30.0,2022
match:2022-08-01:visitante:union_magdalena,2022-08-01_Visitante_Union_Magdalena.json,2022-08-01,Primera A,Union Magdalena,Visitante,0 - 2,José Cuenú,,D,90,7.3,True,0,0,0,0,53,47%,0,0,1,4,3,1,0,1,0,0.47,True,0.0,0.0,0.0,0.0,3.0,1.0,2022
match:2022-08-01:visitante:union_magdalena,2022-08-01_Visitante_Union_Magdalena.json,2022-08-01,Primera A,Union Magdalena,Visitante,0 - 2,Juan García,,M,1,,False,0,0,0,0,2,0%,0,0,0,0,0,0,0,0,0,0.0,True,0.0,0.0,0.0,0.0,0.0,0.0,2022
match:2022-08-01:visitante:union_magdalena,2022-08-01_Visitante_Union_Magdalena.json,2022-08-01,Primera A,Union Magdalena,Visitante,0 - 2,Juan Moreno,,G,0,,False,0,0,0,0,0,0%,0,0,0,0,0,0,0,0,0,0.0,False,,,,,,,2022
match:2022-08-01:visitante:union_magdalena,2022-08-01_Visitante_Union_Magdalena.json,2022-08-01,Primera A,Union Magdalena,Visitante,0 - 2,Juan Pablo Vargas,,D,90,7.3,True,0,0,0,0,65,57%,1,1,0,2,1,1,0,0,0,0.57,True,0.0,0.0,0.0,0.0,1.0,1.0,2022
match:2022-08-01:visitante:union_magdalena,2022-08-01_Visitante_Union_Magdalena.json,2022-08-01,Primera A,Union Magdalena,Visitante,0 - 2,Juan Pereira,,M,90,7.2,True,0,0,1,0,41,37%,2,0,0,5,4,1,1,0,0,0.37,True,0.0,0.0,1.0,0.0,4.0,1.0,2022
match:2022-08-01:visitante:union_magdalena,2022-08-01_Visitante_Union_Magdalena.json,2022-08-01,Primera A,Union Magdalena,Visitante,0 - 2,Larry Vásquez,,M,90,6.3,True,0,0,0,0,61,56%,0,1,0,2,0,1,0,1,0,0.56,True,0.0,0.0,0.0,0.0,0.0,1.0,2022
match:2022-08-01:visitante:union_magdalena,2022-08-01_Visitante_Union_Magdalena.json,2022-08-01,Primera A,Union Magdalena,Visitante,0 - 2,Luis Carlos Ruiz Morales,,F,77,7.5,True,1,0,2,1,21,14%,1,0,0,7,4,1,2,0,0,0.14,True,1.168831168831169,0.0,2.337662337662338,1.168831168831169,4.675324675324676,1.168831168831169,2022
match:2022-08-01:visitante:union_magdalena,2022-08-01_Visitante_Union_Magdalena.json,2022-08-01,Primera A,Union Magdalena,Visitante,0 - 2,Álvaro Montero,,G,90,7.5,True,0,0,0,0,18,16%,0,1,0,0,0,0,0,0,0,0.16,True,0.0,0.0,0.0,0.0,0.0,0.0,2022
match:2022-08-01:visitante:union_magdalena,2022-08-01_Visitante_Union_Magdalena.json,2022-08-01,Primera A,Union Magdalena,Visitante,0 - 2,Óscar Vanegas,,D,0,,False,0,0,0,0,0,0%,0,0,0,0,0,0,0,0,0,0.0,False,,,,,,,2022
match:2022-08-07:local:deportivo_cali,2022-08-07_Local_Deportivo_Cali.json,2022-08-07,Primera A,Deportivo Cali,Local,4 - 2,Andres Gomez,,M,87,6.3,True,0,1,1,1,25,20%,1,0,0,10,1,1,0,0,0,0.2,True,0.0,1.0344827586206897,1.0344827586206897,1.0344827586206897,1.0344827586206897,1.0344827586206897,2022
match:2022-08-07:local:deportivo_cali,2022-08-07_Local_Deportivo_Cali.json,2022-08-07,Primera A,Deportivo Cali,Local,4 - 2,Andrés Llinás,,D,90,6.7,True,0,0,0,0,61,54%,4,1,0,5,4,0,0,0,0,0.54,True,0.0,0.0,0.0,0.0,4.0,0.0,2022
match:2022-08-07:local:deportivo_cali,2022-08-07_Local_Deportivo_Cali.json,2022-08-07,Primera A,Deportivo Cali,Local,4 - 2,Daniel Ruiz,,M,87,7.9,True,0,1,1,0,45,39%,0,0,0,8,4,0,1,0,0,0.39,True,0.0,1.0344827586206897,1.0344827586206897,0.0,4.137931034482759,0.0,2022
match:2022-08-07:local:deportivo_cali,2022-08-07_Local_Deportivo_Cali.json,2022-08-07,Primera A,Deportivo Cali,Local,4 - 2,David Macalister Silva,,M,61,6.3,True,0,0,0,0,26,21%,0,0,0,1,0,0,0,1,0,0.21,True,0.0,0.0,0.0,0.0,0.0,0.0,2022
match:2022-08-07:local:deportivo_cali,2022-08-07_Local_Deportivo_Cali.json,2022-08-07,Primera A,Deportivo Cali,Local,4 - 2,Diego Herazo,,F,9,6.3,False,0,0,2,1,2,2%,0,0,0,0,0,0,0,0,0,0.02,True,0.0,0.0,20.0,10.0,0.0,0.0,2022
match:2022-08-07:local:deportivo_cali,2022-08-07_Local_Deportivo_Cali.json,2022-08-07,Primera A,Deportivo Cali,Local,4 - 2,Edgar Guerra,,F,29,6.7,False,0,0,0,0,20,20%,3,0,0,7,3,2,0,0,0,0.2,True,0.0,0.0,0.0,0.0,9.310344827586206,6.206896551724138,2022
match:2022-08-07:local:deportivo_cali,2022-08-07_Local_Deportivo_Cali.json,2022-08-07,Primera A,Deportivo Cali,Local,4 - 2,Elvis Perlaza,,D,90,6.7,True,0,0,1,1,36,31%,1,0,0,4,1,2,0,0,0,0.31,True,0.0,0.0,1.0,1.0,1.0,2.0,2022
match:2022-08-07:local:deportivo_cali,2022-08-07_Local_Deportivo_Cali.json,2022-08-07,Primera A,Deportivo Cali,Local,4 - 2,José Cuenú,,D,0,,False,0,0,0,0,0,0%,0,0,0,0,0,0,0,0,0,0.0,False,,,,,,,2022
match:2022-08-07:local:deportivo_cali,2022-08-07_Local_Deportivo_Cali.json,2022-08-07,Primera A,Deportivo Cali,Local,4 - 2,Juan García,,M,9,6.2,False,0,0,0,0,6,6%,0,0,1,2,0,1,0,0,0,0.06,True,0.0,0.0,0.0,0.0,0.0,10.0,2022
match:2022-08-07:local:deportivo_cali,2022-08-07_Local_Deportivo_Cali.json,2022-08-07,Primera A,Deportivo Cali,Local,4 - 2,Juan Moreno,,G,0,,False,0,0,0,0,0,0%,0,0,0,0,0,0,0,0,0,0.0,False,,,,,,,2022
match:2022-08-07:local:deportivo_cali,2022-08-07_Local_Deportivo_Cali.json,2022-08-07,Primera A,Deportivo Cali,Local,4 - 2,Juan Pablo Vargas,,D,90,7.5,True,1,0,1,1,41,38%,1,1,0,6,5,1,1,0,0,0.38,True,1.0,0.0,1.0,1.0,5.0,1.0,2022
match:2022-08-07:local:deportivo_cali,2022-08-07_Local_Deportivo_Cali.json,2022-08-07,Primera A,Deportivo Cali,Local,4 - 2,Juan Pereira,,M,81,9.2,True,3,0,3,3,53,48%,2,0,0,8,4,1,0,0,0,0.48,True,3.333333333333333,0.0,3.333333333333333,3.333333333333333,4.444444444444445,1.1111111111111112,2022
match:2022-08-07:local:deportivo_cali,2022-08-07_Local_Deportivo_Cali.json,2022-08-07,Primera A,Deportivo Cali,Local,4 - 2,Larry Vásquez,,M,90,6.9,True,0,0,1,0,85,68%,3,0,0,8,5,1,0,0,0,0.68,True,0.0,0.0,1.0,0.0,5.0,1.0,2022
match:2022-08-07:local:deportivo_cali,2022-08-07_Local_Deportivo_Cali.json,2022-08-07,Primera A,Deportivo Cali,Local,4 - 2,Luis Carlos Ruiz Morales,,F,81,7.3,True,0,2,1,0,23,19%,0,0,0,3,3,1,2,0,0,0.19,True,0.0,2.2222222222222223,1.1111111111111112,0.0,3.333333333333333,1.1111111111111112,2022
match:2022-08-07:local:deportivo_cali,2022-08-07_Local_Deportivo_Cali.json,2022-08-07,Primera A,Deportivo Cali,Local,4 - 2,Ricardo Rosales,,D,58,5.2,True,0,0,0,0,27,22%,0,2,0,3,0,3,0,2,1,0.22,True,0.0,0.0,0.0,0.0,0.0,4.655172413793103,2022
match:2022-08-07:local:deportivo_cali,2022-08-07_Local_Deportivo_Cali.json,2022-08-07,Primera A,Deportivo Cali,Local,4 - 2,Richard Celis,,F,3,,False,0,0,0,0,0,0%,0,0,0,1,0,1,0,0,0,0.0,True,0.0,0.0,0.0,0.0,0.0,30.0,2022
match:2022-08-07:local:deportivo_cali,2022-08-07_Local_Deportivo_Cali.json,2022-08-07,Primera A,Deportivo Cali,Local,4 - 2,Samuel Asprilla,,D,3,,False,0,0,0,0,0,0%,0,0,0,0,0,0,0,0,0,0.0,True,0.0,0.0,0.0,0.0,0.0,0.0,2022
match:2022-08-07:local:deportivo_cali,2022-08-07_Local_Deportivo_Cali.json,2022-08-07,Primera A,Deportivo Cali,Local,4 - 2,Álvaro Montero,,G,90,6.3,True,0,0,0,0,24,19%,0,0,0,1,1,0,0,0,0,0.19,True,0.0,0.0,0.0,0.0,1.0,0.0,2022
match:2022-08-14:visitante:rionegro_aguilas,2022-08-14_Visitante_Rionegro_Aguilas.json,2022-08-14,Primera A,Rionegro Aguilas,Visitante,0 - 0,Andres Gomez,,F,36,6.7,True,0,0,0,0,9,6%,0,0,0,0,0,0,0,0,0,0.06,True,0.0,0.0,0.0,0.0,0.0,0.0,2022
match:2022-08-14:visitante:rionegro_aguilas,2022-08-14_Visitante_Rionegro_Aguilas.json,2022-08-14,Primera A,Rionegro Aguilas,Visitante,0 - 0,Andrés Llinás,,D,90,6.9,True,0,0,0,0,29,23%,4,1,0,12,6,1,1,0,0,0.23,True,0.0,0.0,0.0,0.0,6.0,1.0,2022
match:2022-08-14:visitante:rionegro_aguilas,2022-08-14_Visitante_Rionegro_Aguilas.json,2022-08-14,Primera A,Rionegro Aguilas,Visitante,0 - 0,Daniel Cataño,,M,17,6.3,False,0,0,0,0,4,2%,0,0,0,2,2,0,2,0,0,0.02,True,0.0,0.0,0.0,0.0,10.588235294117647,0.0,2022
match:2022-08-14:visitante:rionegro_aguilas,2022-08-14_Visitante_Rionegro_Aguilas.json,2022-08-14,Primera A,Rionegro Aguilas,Visitante,0 - 0,Daniel Ruiz,,M,73,6.5,True,0,0,0,0,41,31%,0,0,0,5,3,1,2,1,0,0.31,True,0.0,0.0,0.0,0.0,3.698630136986301,1.2328767123287672,2022
match:2022-08-14:visitante:rionegro_aguilas,2022-08-14_Visitante_Rionegro_Aguilas.json,2022-08-14,Primera A,Rionegro Aguilas,Visitante,0 - 0,David Macalister Silva,,M,90,6.3,True,0,0,0,0,45,34%,2,1,0,18,8,3,4,0,0,0.34,True,0.0,0.0,0.0,0.0,8.0,3.0,2022
match:2022-08-14:visitante:rionegro_aguilas,2022-08-14_Visitante_Rionegro_Aguilas.json,2022-08-14,Primera A,Rionegro Aguilas,Visitante,0 - 0,Diego Herazo,,F,17,6.7,False,0,0,0,0,1,1%,1,0,0,5,2,2,1,0,0,1.0,True,0.0,0.0,0.0,0.0,10.588235294117647,10.588235294117647,2022
match:2022-08-14:visitante:rionegro_aguilas,2022-08-14_Visitante_Rionegro_Aguilas.json,2022-08-14,Primera A,Rionegro Aguilas,Visitante,0 - 0,Edgar Guerra,,F,0,,False,0,0,0,0,0,0%,0,0,0,0,0,0,0,0,0,0.0,False,,,,,,,2022
match:2022-08-14:visitante:rionegro_aguilas,2022-08-14_Visitante_Rionegro_Aguilas.json,2022-08-14,Primera A,Rionegro Aguilas,Visitante,0 - 0,Elvis Perlaza,,D,34,5.7,True,0,0,0,0,20,18%,1,1,0,5,3,1,0,0,1,0.18,True,0.0,0.0,0.0,0.0,7.9411764705882355,2.6470588235294117,2022
match:2022-08-14:visitante:rionegro_aguilas,2022-08-14_Visitante_Rionegro_Aguilas.json,2022-08-14,Primera A,Rionegro Aguilas,Visitante,0 - 0,Israel Alba,,D,90,7.3,True,0,0,0,0,39,33%,2,2,2,7,3,0,1,0,0,0.33,True,0.0,0.0,0.0,0.0,3.0,0.0,2022
match:2022-08-14:visitante:rionegro_aguilas,2022-08-14_Visitante_Rionegro_Aguilas.json,2022-08-14,Primera A,Rionegro Aguilas,Visitante,0 - 0,José Cuenú,,D,54,7.0,False,0,0,0,0,14,9%,0,3,1,1,1,0,0,0,0,0.09,True,0.0,0.0,0.0,0.0,1.6666666666666665,0.0,2022
match:2022-08-14:visitante:rionegro_aguilas,2022-08-14_Visitante_Rionegro_Aguilas.json,2022-08-14,Primera A,Rionegro Aguilas,Visitante,0 - 0,Juan Moreno,,G,0,,False,0,0,0,0,0,0%,0,0,0,0,0,0,0,0,0,0.0,False,,,,,,,2022
match:2022-08-14:visitante:rionegro_aguilas,2022-08-14_Visitante_Rionegro_Aguilas.json,2022-08-14,Primera A,Rionegro Aguilas,Visitante,0 - 0,Juan Pablo Vargas,,D,90,7.2,True,0,0,1,0,32,27%,0,3,0,0,0,0,0,0,0,0.27,True,0.0,0.0,1.0,0.0,0.0,0.0,2022
match:2022-08-14:visitante:rionegro_aguilas,2022-08-14_Visitante_Rionegro_Aguilas.json,2022-08-14,Primera A,Rionegro Aguilas,Visitante,0 - 0,Juan Pereira,,M,73,6.6,True,0,0,0,0,39,34%,3,4,0,11,4,1,0,1,0,0.34,True,0.0,0.0,0.0,0.0,4.931506849315069,1.2328767123287672,2022
match:2022-08-14:visitante:rionegro_aguilas,2022-08-14_Visitante_Rionegro_Aguilas.json,2022-08-14,Primera A,Rionegro Aguilas,Visitante,0 - 0,Kliver Moreno,,M,0,,False,0,0,0,0,0,0%,0,0,0,0,0,0,0,0,0,0.0,False,,,,,,,2022
match:2022-08-14:visitante:rionegro_aguilas,2022-08-14_Visitante_Rionegro_Aguilas.json,2022-08-14,Primera A,Rionegro Aguilas,Visitante,0 - 0,Larry Vásquez,,M,90,6.3,True,0,0,0,0,47,36%,1,0,0,6,3,2,0,0,0,0.36,True,0.0,0.0,0.0,0.0,3.0,2.0,2022
match:2022-08-14:visitante:rionegro_aguilas,2022-08-14_Visitante_Rionegro_Aguilas.json,2022-08-14,Primera A,Rionegro Aguilas,Visitante,0 - 0,Luis Carlos Ruiz Morales,,F,73,6.6,True,0,0,0,0,12,9%,1,0,0,12,7,1,6,0,0,0.09,True,0.0,0.0,0.0,0.0,8.63013698630137,1.2328767123287672,2022
match:2022-08-14:visitante:rionegro_aguilas,2022-08-14_Visitante_Rionegro_Aguilas.json,2022-08-14,Primera A,Rionegro Aguilas,Visitante,0 - 0,Richard Celis,,F,17,6.7,False,0,0,0,0,3,1%,2,0,0,5,4,0,2,0,0,1.0,True,0.0,0.0,0.0,0.0,21.176470588235293,0.0,2022
match:2022-08-14:visitante:rionegro_aguilas,2022-08-14_Visitante_Rionegro_Aguilas.json,2022-08-14,Primera A,Rionegro Aguilas,Visitante,0 - 0,Álvaro Montero,,G,90,7.3,True,0,0,0,0,37,21%,0,0,0,0,0,0,0,0,0,0.21,True,0.0,0.0,0.0,0.0,0.0,0.0,2022
match:2022-08-21:local:jaguares,2022-08-21_Local_Jaguares.json,2022-08-21,Primera A,Jaguares,Local,2 - 0,Andres Gomez,,M,87,7.9,True,0,0,5,5,33,30%,2,0,0,10,8,0,3,0,0,0.3,True,0.0,0.0,5.172413793103448,5.172413793103448,8.275862068965518,0.0,2022
match:2022-08-21:local:jaguares,2022-08-21_Local_Jaguares.json,2022-08-21,Primera A,Jaguares,Local,2 - 0,Andrés Llinás,,D,90,7.5,True,0,0,1,1,34,30%,1,3,1,3,1,1,0,0,0,0.3,True,0.0,0.0,1.0,1.0,1.0,1.0,2022
match:2022-08-21:local:jaguares,2022-08-21_Local_Jaguares.json,2022-08-21,Primera A,Jaguares,Local,2 - 0,Daniel Cataño,,M,14,7.0,False,0,0,1,1,7,6%,1,0,0,3,3,0,2,0,0,0.06,True,0.0,0.0,6.428571428571428,6.428571428571428,19.285714285714285,0.0,2022
match:2022-08-21:local:jaguares,2022-08-21_Local_Jaguares.json,2022-08-21,Primera A,Jaguares,Local,2 - 0,Daniel Ruiz,,M,88,7.9,True,0,0,0,0,40,36%,1,0,0,11,8,1,4,0,0,0.36,True,0.0,0.0,0.0,0.0,8.181818181818182,1.0227272727272727,2022
match:2022-08-21:local:jaguares,2022-08-21_Local_Jaguares.json,2022-08-21,Primera A,Jaguares,Local,2 - 0,David Macalister Silva,,M,76,8.2,True,1,0,2,1,46,39%,1,0,0,3,3,0,1,0,0,0.39,True,1.1842105263157894,0.0,2.3684210526315788,1.1842105263157894,3.552631578947368,0.0,2022
match:2022-08-21:local:jaguares,2022-08-21_Local_Jaguares.json,2022-08-21,Primera A,Jaguares,Local,2 - 0,Dewar Victoria,,M,26,6.6,False,0,0,0,0,29,26%,1,0,1,2,1,1,0,1,0,0.26,True,0.0,0.0,0.0,0.0,3.4615384615384617,3.4615384615384617,2022
match:2022-08-21:local:jaguares,2022-08-21_Local_Jaguares.json,2022-08-21,Primera A,Jaguares,Local,2 - 0,Diego Herazo,,F,3,,False,0,0,0,0,1,1%,0,0,0,0,0,0,0,0,0,1.0,True,0.0,0.0,0.0,0.0,0.0,0.0,2022
match:2022-08-21:local:jaguares,2022-08-21_Local_Jaguares.json,2022-08-21,Primera A,Jaguares,Local,2 - 0,Edgar Guerra,,F,3,,False,0,0,0,0,2,1%,0,0,0,1,1,0,0,0,0,1.0,True,0.0,0.0,0.0,0.0,30.0,0.0,2022
match:2022-08-21:local:jaguares,2022-08-21_Local_Jaguares.json,2022-08-21,Primera A,Jaguares,Local,2 - 0,Israel Alba,,D,90,6.9,True,0,0,1,0,43,38%,1,1,0,3,1,0,0,0,0,0.38,True,0.0,0.0,1.0,0.0,1.0,0.0,2022
match:2022-08-21:local:jaguares,2022-08-21_Local_Jaguares.json,2022-08-21,Primera A,Jaguares,Local,2 - 0,José Cuenú,,D,0,,False,0,0,0,0,0,0%,0,0,0,0,0,0,0,0,0,0.0,False,,,,,,,2022
match:2022-08-21:local:jaguares,2022-08-21_Local_Jaguares.json,2022-08-21,Primera A,Jaguares,Local,2 - 0,Juan García,,M,64,6.9,True,0,0,0,0,32,30%,3,0,0,7,3,2,0,1,0,0.3,True,0.0,0.0,0.0,0.0,4.21875,2.8125,2022
match:2022-08-21:local:jaguares,2022-08-21_Local_Jaguares.json,2022-08-21,Primera A,Jaguares,Local,2 - 0,Juan Moreno,,G,0,,False,0,0,0,0,0,0%,0,0,0,0,0,0,0,0,0,0.0,False,,,,,,,2022
match:2022-08-21:local:jaguares,2022-08-21_Local_Jaguares.json,2022-08-21,Primera A,Jaguares,Local,2 - 0,Juan Pablo Vargas,,D,90,7.3,True,0,0,1,1,37,31%,1,1,1,3,2,1,0,0,0,0.31,True,0.0,0.0,1.0,1.0,2.0,1.0,2022
match:2022-08-21:local:jaguares,2022-08-21_Local_Jaguares.json,2022-08-21,Primera A,Jaguares,Local,2 - 0,Juan Pereira,,M,90,7.6,True,0,0,2,2,57,53%,1,1,0,5,2,1,1,0,0,0.53,True,0.0,0.0,2.0,2.0,2.0,1.0,2022
match:2022-08-21:local:jaguares,2022-08-21_Local_Jaguares.json,2022-08-21,Primera A,Jaguares,Local,2 - 0,Luis Carlos Ruiz Morales,,F,87,6.9,True,0,0,2,0,20,12%,1,0,0,6,2,2,0,0,0,0.12,True,0.0,0.0,2.0689655172413794,0.0,2.0689655172413794,2.0689655172413794,2022
match:2022-08-21:local:jaguares,2022-08-21_Local_Jaguares.json,2022-08-21,Primera A,Jaguares,Local,2 - 0,Omar Bertel,,D,90,7.0,True,0,0,1,0,35,29%,2,0,0,4,3,0,0,0,0,0.29,True,0.0,0.0,1.0,0.0,3.0,0.0,2022
match:2022-08-21:local:jaguares,2022-08-21_Local_Jaguares.json,2022-08-21,Primera A,Jaguares,Local,2 - 0,Richard Celis,,F,2,,False,0,0,1,0,5,5%,0,0,0,0,0,0,0,0,0,0.05,True,0.0,0.0,45.0,0.0,0.0,0.0,2022
match:2022-08-21:local:jaguares,2022-08-21_Local_Jaguares.json,2022-08-21,Primera A,Jaguares,Local,2 - 0,Álvaro Montero,,G,90,6.6,True,0,0,0,0,16,12%,0,0,0,1,0,0,0,0,0,0.12,True,0.0,0.0,0.0,0.0,0.0,0.0,2022
match:2022-08-28:visitante:cortulua,2022-08-28_Visitante_Cortulua.json,2022-08-28,Primera A,Cortulua,Visitante,1 - 4,Andres Gomez,,M,90,8.3,True,2,0,4,4,21,14%,3,0,0,6,3,1,0,0,0,0.14,True,2.0,0.0,4.0,4.0,3.0,1.0,2022
match:2022-08-28:visitante:cortulua,2022-08-28_Visitante_Cortulua.json,2022-08-28,Primera A,Cortulua,Visitante,1 - 4,Daniel Cataño,,M,30,6.9,False,0,0,0,0,27,24%,1,0,0,7,4,1,2,0,0,0.24,True,0.0,0.0,0.0,0.0,12.0,3.0,2022
match:2022-08-28:visitante:cortulua,2022-08-28_Visitante_Cortulua.json,2022-08-28,Primera A,Cortulua,Visitante,1 - 4,Daniel Ruiz,,M,79,6.9,True,1,0,2,1,27,17%,0,1,0,8,4,1,2,0,0,0.17,True,1.139240506329114,0.0,2.278481012658228,1.139240506329114,4.556962025316456,1.139240506329114,2022
match:2022-08-28:visitante:cortulua,2022-08-28_Visitante_Cortulua.json,2022-08-28,Primera A,Cortulua,Visitante,1 - 4,David Macalister Silva,,M,60,7.3,True,0,0,0,0,31,24%,2,1,1,6,3,0,1,0,0,0.24,True,0.0,0.0,0.0,0.0,4.5,0.0,2022
match:2022-08-28:visitante:cortulua,2022-08-28_Visitante_Cortulua.json,2022-08-28,Primera A,Cortulua,Visitante,1 - 4,Dewar Victoria,,M,30,7.0,False,0,0,0,0,19,16%,3,1,0,3,3,0,0,0,0,0.16,True,0.0,0.0,0.0,0.0,9.0,0.0,2022
match:2022-08-28:visitante:cortulua,2022-08-28_Visitante_Cortulua.json,2022-08-28,Primera A,Cortulua,Visitante,1 - 4,Diego Herazo,,F,11,6.6,False,0,0,1,1,1,0%,0,0,0,0,0,0,0,0,0,0.0,True,0.0,0.0,8.181818181818182,8.181818181818182,0.0,0.0,2022
match:2022-08-28:visitante:cortulua,2022-08-28_Visitante_Cortulua.json,2022-08-28,Primera A,Cortulua,Visitante,1 - 4,Edgar Guerra,,F,0,,False,0,0,0,0,0,0%,0,0,0,0,0,0,0,0,0,0.0,False,,,,,,,2022
match:2022-08-28:visitante:cortulua,2022-08-28_Visitante_Cortulua.json,2022-08-28,Primera A,Cortulua,Visitante,1 - 4,Israel Alba,,D,90,6.6,True,0,0,0,0,28,21%,4,1,0,9,4,1,0,0,0,0.21,True,0.0,0.0,0.0,0.0,4.0,1.0,2022
match:2022-08-28:visitante:cortulua,2022-08-28_Visitante_Cortulua.json,2022-08-28,Primera A,Cortulua,Visitante,1 - 4,Jader Valencia,,F,11,6.3,False,0,0,0,0,2,1%,0,0,0,1,1,0,0,0,0,1.0,True,0.0,0.0,0.0,0.0,8.181818181818182,0.0,2022
match:2022-08-28:visitante:cortulua,2022-08-28_Visitante_Cortulua.json,2022-08-28,Primera A,Cortulua,Visitante,1 - 4,José Cuenú,,D,90,6.9,True,0,0,0,0,43,30%,3,1,0,12,9,1,0,1,0,0.3,True,0.0,0.0,0.0,0.0,9.0,1.0,2022
match:2022-08-28:visitante:cortulua,2022-08-28_Visitante_Cortulua.json,2022-08-28,Primera A,Cortulua,Visitante,1 - 4,Juan García,,M,60,6.9,True,0,0,0,0,35,33%,3,1,0,6,5,0,0,0,0,0.33,True,0.0,0.0,0.0,0.0,7.5,0.0,2022
match:2022-08-28:visitante:cortulua,2022-08-28_Visitante_Cortulua.json,2022-08-28,Primera A,Cortulua,Visitante,1 - 4,Juan Moreno,,G,0,,False,0,0,0,0,0,0%,0,0,0,0,0,0,0,0,0,0.0,False,,,,,,,2022
match:2022-08-28:visitante:cortulua,2022-08-28_Visitante_Cortulua.json,2022-08-28,Primera A,Cortulua,Visitante,1 - 4,Juan Pablo Vargas,,D,90,7.9,True,0,1,0,0,41,33%,2,0,1,8,6,1,1,0,0,0.33,True,0.0,1.0,0.0,0.0,6.0,1.0,2022
match:2022-08-28:visitante:cortulua,2022-08-28_Visitante_Cortulua.json,2022-08-28,Primera A,Cortulua,Visitante,1 - 4,Larry Vásquez,,M,90,7.3,True,0,1,0,0,58,53%,1,1,3,10,5,3,1,0,0,0.53,True,0.0,1.0,0.0,0.0,5.0,3.0,2022
match:2022-08-28:visitante:cortulua,2022-08-28_Visitante_Cortulua.json,2022-08-28,Primera A,Cortulua,Visitante,1 - 4,Luis Carlos Ruiz Morales,,F,79,7.7,True,1,0,2,1,23,16%,0,1,0,6,3,1,2,0,0,0.16,True,1.139240506329114,0.0,2.278481012658228,1.139240506329114,3.4177215189873418,1.139240506329114,2022
match:2022-08-28:visitante:cortulua,2022-08-28_Visitante_Cortulua.json,2022-08-28,Primera A,Cortulua,Visitante,1 - 4,Omar Bertel,,D,87,6.9,True,0,0,0,0,28,23%,6,1,0,13,8,0,1,0,0,0.23,True,0.0,0.0,0.0,0.0,8.275862068965518,0.0,2022
match:2022-08-28:visitante:cortulua,2022-08-28_Visitante_Cortulua.json,2022-08-28,Primera A,Cortulua,Visitante,1 - 4,Álvaro Montero,,G,90,7.6,True,0,0,0,0,26,19%,0,0,0,0,0,0,0,0,0,0.19,True,0.0,0.0,0.0,0.0,0.0,0.0,2022
match:2022-08-28:visitante:cortulua,2022-08-28_Visitante_Cortulua.json,2022-08-28,Primera A,Cortulua,Visitante,1 - 4,Óscar Vanegas,,D,3,,False,0,0,0,0,2,1%,0,0,0,0,0,0,0,0,0,1.0,True,0.0,0.0,0.0,0.0,0.0,0.0,2022
match:2022-09-04:local:santa_fe,2022-09-04_Local_Santa_Fe.json,2022-09-04,Primera A,Santa Fe,Local,2 - 0,Andres Gomez,,M,90,8.0,True,2,0,4,4,31,23%,2,1,0,13,4,0,2,0,0,0.23,True,2.0,0.0,4.0,4.0,4.0,0.0,2022
match:2022-09-04:local:santa_fe,2022-09-04_Local_Santa_Fe.json,2022-09-04,Primera A,Santa Fe,Local,2 - 0,Andrés Llinás,,D,90,7.7,True,0,0,2,2,53,49%,3,0,2,9,4,3,1,1,0,0.49,True,0.0,0.0,2.0,2.0,4.0,3.0,2022
match:2022-09-04:local:santa_fe,2022-09-04_Local_Santa_Fe.json,2022-09-04,Primera A,Santa Fe,Local,2 - 0,Daniel Cataño,,M,12,6.6,False,0,0,0,0,18,14%,0,0,0,4,3,1,2,0,0,0.14,True,0.0,0.0,0.0,0.0,22.5,7.5,2022
match:2022-09-04:local:santa_fe,2022-09-04_Local_Santa_Fe.json,2022-09-04,Primera A,Santa Fe,Local,2 - 0,Daniel Ruiz,,M,87,6.6,True,0,0,0,0,37,32%,2,0,0,10,3,2,1,0,0,0.32,True,0.0,0.0,0.0,0.0,3.103448275862069,2.0689655172413794,2022
match:2022-09-04:local:santa_fe,2022-09-04_Local_Santa_Fe.json,2022-09-04,Primera A,Santa Fe,Local,2 - 0,David Macalister Silva,,M,78,6.9,True,0,0,2,1,57,46%,0,0,0,8,3,1,1,0,0,0.46,True,0.0,0.0,2.3076923076923075,1.1538461538461537,3.4615384615384617,1.1538461538461537,2022
match:2022-09-04:local:santa_fe,2022-09-04_Local_Santa_Fe.json,2022-09-04,Primera A,Santa Fe,Local,2 - 0,Diego Herazo,,F,12,6.3,False,0,0,0,0,3,1%,0,0,0,1,0,0,0,0,0,1.0,True,0.0,0.0,0.0,0.0,0.0,0.0,2022
match:2022-09-04:local:santa_fe,2022-09-04_Local_Santa_Fe.json,2022-09-04,Primera A,Santa Fe,Local,2 - 0,Elvis Perlaza,,D,0,,False,0,0,0,0,0,0%,0,0,0,0,0,0,0,0,0,0.0,False,,,,,,,2022
match:2022-09-04:local:santa_fe,2022-09-04_Local_Santa_Fe.json,2022-09-04,Primera A,Santa Fe,Local,2 - 0,Israel Alba,,D,90,6.9,True,0,0,0,0,34,24%,6,4,0,14,6,2,0,1,0,0.24,True,0.0,0.0,0.0,0.0,6.0,2.0,2022
match:2022-09-04:local:santa_fe,2022-09-04_Local_Santa_Fe.json,2022-09-04,Primera A,Santa Fe,Local,2 - 0,Jader Valencia,,F,3,,False,0,0,0,0,3,3%,0,0,0,0,0,0,0,0,0,0.03,True,0.0,0.0,0.0,0.0,0.0,0.0,2022
match:2022-09-04:local:santa_fe,2022-09-04_Local_Santa_Fe.json,2022-09-04,Primera A,Santa Fe,Local,2 - 0,José Cuenú,,D,45,7.0,False,0,1,0,0,11,10%,1,0,0,2,1,0,0,0,0,0.1,True,0.0,2.0,0.0,0.0,2.0,0.0,2022
match:2022-09-04:local:santa_fe,2022-09-04_Local_Santa_Fe.json,2022-09-04,Primera A,Santa Fe,Local,2 - 0,Juan García,,M,4,,False,0,0,0,0,13,12%,1,1,0,1,1,0,0,0,0,0.12,True,0.0,0.0,0.0,0.0,22.5,0.0,2022
match:2022-09-04:local:santa_fe,2022-09-04_Local_Santa_Fe.json,2022-09-04,Primera A,Santa Fe,Local,2 - 0,Juan Moreno,,G,0,,False,0,0,0,0,0,0%,0,0,0,0,0,0,0,0,0,0.0,False,,,,,,,2022
match:2022-09-04:local:santa_fe,2022-09-04_Local_Santa_Fe.json,2022-09-04,Primera A,Santa Fe,Local,2 - 0,Juan Pablo Vargas,,D,45,6.9,True,0,0,0,0,37,33%,0,1,1,3,2,0,0,0,0,0.33,True,0.0,0.0,0.0,0.0,4.0,0.0,2022
match:2022-09-04:local:santa_fe,2022-09-04_Local_Santa_Fe.json,2022-09-04,Primera A,Santa Fe,Local,2 - 0,Juan Pereira,,M,86,8.3,True,0,1,3,3,49,40%,5,3,0,7,6,0,0,0,0,0.4,True,0.0,1.0465116279069768,3.13953488372093,3.13953488372093,6.27906976744186,0.0,2022
match:2022-09-04:local:santa_fe,2022-09-04_Local_Santa_Fe.json,2022-09-04,Primera A,Santa Fe,Local,2 - 0,Larry Vásquez,,M,90,7.3,True,0,0,0,0,65,61%,1,3,0,5,3,1,1,0,0,0.61,True,0.0,0.0,0.0,0.0,3.0,1.0,2022
match:2022-09-04:local:santa_fe,2022-09-04_Local_Santa_Fe.json,2022-09-04,Primera A,Santa Fe,Local,2 - 0,Luis Carlos Ruiz Morales,,F,78,6.9,True,0,0,0,0,30,25%,0,0,0,6,2,2,1,0,0,0.25,True,0.0,0.0,0.0,0.0,2.3076923076923075,2.3076923076923075,2022
match:2022-09-04:local:santa_fe,2022-09-04_Local_Santa_Fe.json,2022-09-04,Primera A,Santa Fe,Local,2 - 0,Omar Bertel,,D,90,6.9,True,0,0,0,0,45,35%,1,1,0,3,1,0,0,0,0,0.35,True,0.0,0.0,0.0,0.0,1.0,0.0,2022
match:2022-09-04:local:santa_fe,2022-09-04_Local_Santa_Fe.json,2022-09-04,Primera A,Santa Fe,Local,2 - 0,Álvaro Montero,,G,90,7.3,True,0,0,0,0,25,18%,0,0,0,0,0,0,0,0,0,0.18,True,0.0,0.0,0.0,0.0,0.0,0.0,2022
match:2022-09-11:visitante:once_caldas,2022-09-11_Visitante_Once_Caldas.json,2022-09-11,Primera A,Once Caldas,Visitante,2 - 1,Alex Moreno,,D,0,,False,0,0,0,0,0,0%,0,0,0,0,0,0,0,0,0,0.0,False,,,,,,,2022
match:2022-09-11:visitante:once_caldas,2022-09-11_Visitante_Once_Caldas.json,2022-09-11,Primera A,Once Caldas,Visitante,2 - 1,Andrés Llinás,,D,90,6.9,True,0,0,0,0,34,31%,2,4,2,10,4,2,1,0,0,0.31,True,0.0,0.0,0.0,0.0,4.0,2.0,2022
match:2022-09-11:visitante:once_caldas,2022-09-11_Visitante_Once_Caldas.json,2022-09-11,Primera A,Once Caldas,Visitante,2 - 1,Daniel Cataño,,M,81,7.3,True,0,1,2,1,37,32%,2,1,0,12,5,3,1,0,0,0.32,True,0.0,1.1111111111111112,2.2222222222222223,1.1111111111111112,5.555555555555555,3.333333333333333,2022
match:2022-09-11:visitante:once_caldas,2022-09-11_Visitante_Once_Caldas.json,2022-09-11,Primera A,Once Caldas,Visitante,2 - 1,Daniel Ruiz,,M,9,6.3,False,0,0,0,0,2,2%,0,0,0,2,0,0,0,1,0,0.02,True,0.0,0.0,0.0,0.0,0.0,0.0,2022
match:2022-09-11:visitante:once_caldas,2022-09-11_Visitante_Once_Caldas.json,2022-09-11,Primera A,Once Caldas,Visitante,2 - 1,Diego Herazo,,F,90,7.2,True,1,0,1,1,12,8%,0,0,0,6,1,1,1,0,0,0.08,True,1.0,0.0,1.0,1.0,1.0,1.0,2022
match:2022-09-11:visitante:once_caldas,2022-09-11_Visitante_Once_Caldas.json,2022-09-11,Primera A,Once Caldas,Visitante,2 - 1,Elvis Perlaza,,D,45,6.5,True,0,0,0,0,18,16%,0,0,0,0,0,0,0,1,0,0.16,True,0.0,0.0,0.0,0.0,0.0,0.0,2022
match:2022-09-11:visitante:once_caldas,2022-09-11_Visitante_Once_Caldas.json,2022-09-11,Primera A,Once Caldas,Visitante,2 - 1,Israel Alba,,D,45,6.6,False,0,0,0,0,14,10%,2,1,1,6,4,0,1,0,0,0.1,True,0.0,0.0,0.0,0.0,8.0,0.0,2022
match:2022-09-11:visitante:once_caldas,2022-09-11_Visitante_Once_Caldas.json,2022-09-11,Primera A,Once Caldas,Visitante,2 - 1,Jader Valencia,,F,0,,False,0,0,0,0,0,0%,0,0,0,0,0,0,0,0,0,0.0,False,,,,,,,2022
match:2022-09-11:visitante:once_caldas,2022-09-11_Visitante_Once_Caldas.json,2022-09-11,Primera A,Once Caldas,Visitante,2 - 1,Juan García,,M,45,6.3,True,0,0,0,0,37,34%,1,1,1,6,1,2,0,0,0,0.34,True,0.0,0.0,0.0,0.0,2.0,4.0,2022
match:2022-09-11:visitante:once_caldas,2022-09-11_Visitante_Once_Caldas.json,2022-09-11,Primera A,Once Caldas,Visitante,2 - 1,Juan Moreno,,G,49,6.3,False,0,0,0,0,18,11%,0,0,0,2,2,0,2,0,0,0.11,True,0.0,0.0,0.0,0.0,3.6734693877551017,0.0,2022
match:2022-09-11:visitante:once_caldas,2022-09-11_Visitante_Once_Caldas.json,2022-09-11,Primera A,Once Caldas,Visitante,2 - 1,Juan Pereira,,M,90,6.5,True,0,0,0,0,47,38%,3,0,1,10,4,1,0,0,0,0.38,True,0.0,0.0,0.0,0.0,4.0,1.0,2022
match:2022-09-11:visitante:once_caldas,2022-09-11_Visitante_Once_Caldas.json,2022-09-11,Primera A,Once Caldas,Visitante,2 - 1,Larry Vásquez,,M,45,6.3,False,0,0,0,0,30,26%,1,0,1,8,2,1,0,0,0,0.26,True,0.0,0.0,0.0,0.0,4.0,2.0,2022
match:2022-09-11:visitante:once_caldas,2022-09-11_Visitante_Once_Caldas.json,2022-09-11,Primera A,Once Caldas,Visitante,2 - 1,Omar Bertel,,D,90,6.9,True,0,0,0,0,36,27%,1,4,2,5,2,0,0,0,0,0.27,True,0.0,0.0,0.0,0.0,2.0,0.0,2022
match:2022-09-11:visitante:once_caldas,2022-09-11_Visitante_Once_Caldas.json,2022-09-11,Primera A,Once Caldas,Visitante,2 - 1,Oscar Cortés,,M,45,7.2,False,0,0,1,1,22,14%,2,0,0,8,8,0,2,0,0,0.14,True,0.0,0.0,2.0,2.0,16.0,0.0,2022
match:2022-09-11:visitante:once_caldas,2022-09-11_Visitante_Once_Caldas.json,2022-09-11,Primera A,Once Caldas,Visitante,2 - 1,Richard Celis,,M,45,6.5,True,0,0,0,0,8,5%,3,0,0,8,4,0,1,0,0,0.05,True,0.0,0.0,0.0,0.0,8.0,0.0,2022
match:2022-09-11:visitante:once_caldas,2022-09-11_Visitante_Once_Caldas.json,2022-09-11,Primera A,Once Caldas,Visitante,2 - 1,Yuber Quiñones,,M,41,6.2,True,0,0,0,0,3,3%,0,0,0,5,2,1,1,1,0,0.03,True,0.0,0.0,0.0,0.0,4.390243902439025,2.1951219512195124,2022
match:2022-09-11:visitante:once_caldas,2022-09-11_Visitante_Once_Caldas.json,2022-09-11,Primera A,Once Caldas,Visitante,2 - 1,Álvaro Montero,,G,38,5.3,True,0,0,0,0,16,13%,0,0,0,2,1,1,0,0,1,0.13,True,0.0,0.0,0.0,0.0,2.3684210526315788,2.3684210526315788,2022
match:2022-09-11:visitante:once_caldas,2022-09-11_Visitante_Once_Caldas.json,2022-09-11,Primera A,Once Caldas,Visitante,2 - 1,Óscar Vanegas,,D,90,6.7,True,0,0,1,0,37,25%,0,2,3,5,3,0,0,0,0,0.25,True,0.0,0.0,1.0,0.0,3.0,0.0,2022
match:2022-09-22:visitante:junior,2022-09-22_Visitante_Junior.json,2022-09-22,Primera A,Junior,Visitante,0 - 1,Alex Moreno,,D,0,,False,0,0,0,0,0,0%,0,0,0,0,0,0,0,0,0,0.0,False,,,,,,,2022
match:2022-09-22:visitante:junior,2022-09-22_Visitante_Junior.json,2022-09-22,Primera A,Junior,Visitante,0 - 1,Andres Gomez,,M,90,6.6,True,0,0,6,3,22,18%,2,1,0,14,6,2,2,0,0,0.18,True,0.0,0.0,6.0,3.0,6.0,2.0,2022
match:2022-09-22:visitante:junior,2022-09-22_Visitante_Junior.json,2022-09-22,Primera A,Junior,Visitante,0 - 1,Camilo Andrés Romero Jiménez,,G,0,,False,0,0,0,0,0,0%,0,0,0,0,0,0,0,0,0,0.0,False,,,,,,,2022
match:2022-09-22:visitante:junior,2022-09-22_Visitante_Junior.json,2022-09-22,Primera A,Junior,Visitante,0 - 1,Daniel Cataño,,M,10,6.9,False,0,0,0,0,13,9%,1,0,0,5,2,1,0,0,0,0.09,True,0.0,0.0,0.0,0.0,18.0,9.0,2022
match:2022-09-22:visitante:junior,2022-09-22_Visitante_Junior.json,2022-09-22,Primera A,Junior,Visitante,0 - 1,Daniel Ruiz,,M,84,7.2,True,0,0,2,1,28,23%,2,0,0,10,6,1,3,0,0,0.23,True,0.0,0.0,2.142857142857143,1.0714285714285714,6.428571428571428,1.0714285714285714,2022
match:2022-09-22:visitante:junior,2022-09-22_Visitante_Junior.json,2022-09-22,Primera A,Junior,Visitante,0 - 1,David Macalister Silva,,M,80,6.2,True,0,0,0,0,45,35%,1,0,0,10,2,2,0,0,0,0.35,True,0.0,0.0,0.0,0.0,2.25,2.25,2022
match:2022-09-22:visitante:junior,2022-09-22_Visitante_Junior.json,2022-09-22,Primera A,Junior,Visitante,0 - 1,Dewar Victoria,,M,90,6.9,True,0,0,0,0,33,26%,4,0,0,8,4,2,0,0,0,0.26,True,0.0,0.0,0.0,0.0,4.0,2.0,2022
match:2022-09-22:visitante:junior,2022-09-22_Visitante_Junior.json,2022-09-22,Primera A,Junior,Visitante,0 - 1,Diego Herazo,,F,14,7.0,False,0,1,0,0,0,0%,0,0,0,0,0,0,0,0,0,0.0,True,0.0,6.428571428571428,0.0,0.0,0.0,0.0,2022
match:2022-09-22:visitante:junior,2022-09-22_Visitante_Junior.json,2022-09-22,Primera A,Junior,Visitante,0 - 1,Elvis Perlaza,,D,0,,False,0,0,0,0,0,0%,0,0,0,0,0,0,0,0,0,0.0,False,,,,,,,2022
match:2022-09-22:visitante:junior,2022-09-22_Visitante_Junior.json,2022-09-22,Primera A,Junior,Visitante,0 - 1,Israel Alba,,D,90,6.9,True,0,0,2,1,28,17%,1,2,0,6,3,1,0,0,0,0.17,True,0.0,0.0,2.0,1.0,3.0,1.0,2022
match:2022-09-22:visitante:junior,2022-09-22_Visitante_Junior.json,2022-09-22,Primera A,Junior,Visitante,0 - 1,Jader Valencia,,F,14,8.2,False,1,0,2,2,3,2%,1,0,0,6,6,0,2,0,0,0.02,True,6.428571428571428,0.0,12.857142857142856,12.857142857142856,38.57142857142857,0.0,2022
match:2022-09-22:visitante:junior,2022-09-22_Visitante_Junior.json,2022-09-22,Primera A,Junior,Visitante,0 - 1,José Cuenú,,D,90,6.7,True,0,0,0,0,18,13%,0,1,0,5,1,1,0,0,0,0.13,True,0.0,0.0,0.0,0.0,1.0,1.0,2022
match:2022-09-22:visitante:junior,2022-09-22_Visitante_Junior.json,2022-09-22,Primera A,Junior,Visitante,0 - 1,Juan García,,M,0,,False,0,0,0,0,0,0%,0,0,0,0,0,0,0,0,0,0.0,False,,,,,,,2022
match:2022-09-22:visitante:junior,2022-09-22_Visitante_Junior.json,2022-09-22,Primera A,Junior,Visitante,0 - 1,Juan Moreno,,G,90,8.0,True,0,0,0,0,19,11%,0,0,0,1,1,0,1,0,0,0.11,True,0.0,0.0,0.0,0.0,1.0,0.0,2022
match:2022-09-22:visitante:junior,2022-09-22_Visitante_Junior.json,2022-09-22,Primera A,Junior,Visitante,0 - 1,Juan Pereira,,M,90,6.9,True,0,0,0,0,33,26%,1,4,2,8,2,1,0,0,0,0.26,True,0.0,0.0,0.0,0.0,2.0,1.0,2022
match:2022-09-22:visitante:junior,2022-09-22_Visitante_Junior.json,2022-09-22,Primera A,Junior,Visitante,0 - 1,Luis Carlos Ruiz Morales,,F,84,7.0,True,0,0,0,0,23,18%,4,2,0,11,6,1,1,0,0,0.18,True,0.0,0.0,0.0,0.0,6.428571428571428,1.0714285714285714,2022
match:2022-09-22:visitante:junior,2022-09-22_Visitante_Junior.json,2022-09-22,Primera A,Junior,Visitante,0 - 1,Omar Bertel,,D,90,7.9,True,0,0,0,0,30,25%,3,2,2,6,3,2,0,0,0,0.25,True,0.0,0.0,0.0,0.0,3.0,2.0,2022
match:2022-09-22:visitante:junior,2022-09-22_Visitante_Junior.json,2022-09-22,Primera A,Junior,Visitante,0 - 1,Óscar Vanegas,,D,90,7.2,True,0,0,0,0,26,21%,0,2,1,2,1,0,1,0,0,0.21,True,0.0,0.0,0.0,0.0,1.0,0.0,2022
match:2022-09-24:local:america_de_cali,2022-09-24_Local_America_de_Cali.json,2022-09-24,Primera A,America de Cali,Local,2 - 2,Alex Moreno,,D,0,,False,0,0,0,0,0,0%,0,0,0,0,0,0,0,0,0,0.0,False,,,,,,,2022
match:2022-09-24:local:america_de_cali,2022-09-24_Local_America_de_Cali.json,2022-09-24,Primera A,America de Cali,Local,2 - 2,Andres Gomez,,M,90,7.2,True,1,0,3,1,28,19%,1,1,0,13,4,1,2,0,0,0.19,True,1.0,0.0,3.0,1.0,4.0,1.0,2022
match:2022-09-24:local:america_de_cali,2022-09-24_Local_America_de_Cali.json,2022-09-24,Primera A,America de Cali,Local,2 - 2,Camilo Andrés Romero Jiménez,,G,0,,False,0,0,0,0,0,0%,0,0,0,0,0,0,0,0,0,0.0,False,,,,,,,2022
match:2022-09-24:local:america_de_cali,2022-09-24_Local_America_de_Cali.json,2022-09-24,Primera A,America de Cali,Local,2 - 2,Daniel Cataño,,M,87,7.2,True,0,1,1,0,55,46%,2,0,0,17,9,1,4,0,0,0.46,True,0.0,1.0344827586206897,1.0344827586206897,0.0,9.310344827586206,1.0344827586206897,2022
match:2022-09-24:local:america_de_cali,2022-09-24_Local_America_de_Cali.json,2022-09-24,Primera A,America de Cali,Local,2 - 2,Daniel Ruiz,,M,64,6.2,True,0,0,1,0,22,17%,0,0,0,4,0,0,0,0,0,0.17,True,0.0,0.0,1.40625,0.0,0.0,0.0,2022
match:2022-09-24:local:america_de_cali,2022-09-24_Local_America_de_Cali.json,2022-09-24,Primera A,America de Cali,Local,2 - 2,David Macalister Silva,,M,27,6.5,False,0,0,1,1,17,12%,1,1,0,3,2,0,1,0,0,0.12,True,0.0,0.0,3.333333333333333,3.333333333333333,6.666666666666666,0.0,2022
match:2022-09-24:local:america_de_cali,2022-09-24_Local_America_de_Cali.json,2022-09-24,Primera A,America de Cali,Local,2 - 2,Dewar Victoria,,M,63,6.2,True,0,0,0,0,39,34%,0,0,0,3,0,0,0,0,0,0.34,True,0.0,0.0,0.0,0.0,0.0,0.0,2022
match:2022-09-24:local:america_de_cali,2022-09-24_Local_America_de_Cali.json,2022-09-24,Primera A,America de Cali,Local,2 - 2,Diego Herazo,,F,64,6.9,True,0,0,2,1,13,10%,1,0,0,6,4,1,1,0,0,0.1,True,0.0,0.0,2.8125,1.40625,5.625,1.40625,2022
match:2022-09-24:local:america_de_cali,2022-09-24_Local_America_de_Cali.json,2022-09-24,Primera A,America de Cali,Local,2 - 2,Elvis Perlaza,,D,1,,False,0,0,0,0,2,2%,0,0,0,1,0,0,0,0,0,0.02,True,0.0,0.0,0.0,0.0,0.0,0.0,2022
match:2022-09-24:local:america_de_cali,2022-09-24_Local_America_de_Cali.json,2022-09-24,Primera A,America de Cali,Local,2 - 2,Israel Alba,,D,89,7.7,True,0,0,0,0,42,28%,7,2,0,11,8,0,0,0,0,0.28,True,0.0,0.0,0.0,0.0,8.089887640449438,0.0,2022
match:2022-09-24:local:america_de_cali,2022-09-24_Local_America_de_Cali.json,2022-09-24,Primera A,America de Cali,Local,2 - 2,Jader Valencia,,F,26,7.5,False,1,0,3,2,7,5%,0,0,0,3,2,0,1,0,0,0.05,True,3.4615384615384617,0.0,10.384615384615385,6.923076923076923,6.923076923076923,0.0,2022
match:2022-09-24:local:america_de_cali,2022-09-24_Local_America_de_Cali.json,2022-09-24,Primera A,America de Cali,Local,2 - 2,José Cuenú,,D,90,6.2,True,0,0,1,0,51,39%,1,1,0,5,3,1,0,1,0,0.39,True,0.0,0.0,1.0,0.0,3.0,1.0,2022
match:2022-09-24:local:america_de_cali,2022-09-24_Local_America_de_Cali.json,2022-09-24,Primera A,America de Cali,Local,2 - 2,Juan García,,M,9,6.2,False,0,0,0,0,6,5%,0,0,0,0,0,0,0,0,0,0.05,True,0.0,0.0,0.0,0.0,0.0,0.0,2022
match:2022-09-24:local:america_de_cali,2022-09-24_Local_America_de_Cali.json,2022-09-24,Primera A,America de Cali,Local,2 - 2,Juan Moreno,,G,90,6.5,True,0,0,0,0,12,7%,0,0,0,1,1,0,1,0,0,0.07,True,0.0,0.0,0.0,0.0,1.0,0.0,2022
match:2022-09-24:local:america_de_cali,2022-09-24_Local_America_de_Cali.json,2022-09-24,Primera A,America de Cali,Local,2 - 2,Juan Pereira,,M,90,6.9,True,0,0,0,0,62,55%,2,4,1,10,3,1,0,0,0,0.55,True,0.0,0.0,0.0,0.0,3.0,1.0,2022
match:2022-09-24:local:america_de_cali,2022-09-24_Local_America_de_Cali.json,2022-09-24,Primera A,America de Cali,Local,2 - 2,Luis Carlos Ruiz Morales,,F,26,6.3,False,0,0,0,0,10,9%,1,0,0,4,1,0,0,0,0,0.09,True,0.0,0.0,0.0,0.0,3.4615384615384617,0.0,2022
match:2022-09-24:local:america_de_cali,2022-09-24_Local_America_de_Cali.json,2022-09-24,Primera A,America de Cali,Local,2 - 2,Omar Bertel,,D,90,7.3,True,0,1,0,0,46,40%,1,2,0,4,3,0,0,0,0,0.4,True,0.0,1.0,0.0,0.0,3.0,0.0,2022
match:2022-09-24:local:america_de_cali,2022-09-24_Local_America_de_Cali.json,2022-09-24,Primera A,America de Cali,Local,2 - 2,Óscar Vanegas,,D,90,6.9,True,0,0,0,0,51,42%,0,2,1,4,1,1,0,0,0,0.42,True,0.0,0.0,0.0,0.0,1.0,1.0,2022
match:2022-10-02:visitante:la_equidad,2022-10-02_Visitante_La_Equidad.json,2022-10-02,Primera A,La Equidad,Visitante,1 - 0,Andres Gomez,,M,90,5.6,True,0,0,0,0,21,18%,0,2,0,13,1,2,1,0,0,0.18,True,0.0,0.0,0.0,0.0,1.0,2.0,2022
match:2022-10-02:visitante:la_equidad,2022-10-02_Visitante_La_Equidad.json,2022-10-02,Primera A,La Equidad,Visitante,1 - 0,Andrés Llinás,,D,90,7.3,True,0,0,0,0,77,72%,2,3,1,6,4,2,0,0,0,0.72,True,0.0,0.0,0.0,0.0,4.0,2.0,2022
match:2022-10-02:visitante:la_equidad,2022-10-02_Visitante_La_Equidad.json,2022-10-02,Primera A,La Equidad,Visitante,1 - 0,Daniel Cataño,,M,81,6.6,True,0,0,0,0,55,40%,1,0,0,9,5,1,2,0,0,0.4,True,0.0,0.0,0.0,0.0,5.555555555555555,1.1111111111111112,2022
match:2022-10-02:visitante:la_equidad,2022-10-02_Visitante_La_Equidad.json,2022-10-02,Primera A,La Equidad,Visitante,1 - 0,David Macalister Silva,,M,88,6.7,True,0,0,1,0,65,53%,1,0,0,9,4,3,3,0,0,0.53,True,0.0,0.0,1.0227272727272727,0.0,4.090909090909091,3.068181818181818,2022
match:2022-10-02:visitante:la_equidad,2022-10-02_Visitante_La_Equidad.json,2022-10-02,Primera A,La Equidad,Visitante,1 - 0,Dewar Victoria,,M,64,7.0,True,0,0,0,0,50,47%,2,0,0,7,7,0,3,0,0,0.47,True,0.0,0.0,0.0,0.0,9.84375,0.0,2022
match:2022-10-02:visitante:la_equidad,2022-10-02_Visitante_La_Equidad.json,2022-10-02,Primera A,La Equidad,Visitante,1 - 0,Diego Herazo,,F,9,6.3,False,0,0,0,0,0,0%,0,0,0,0,0,0,0,1,0,0.0,True,0.0,0.0,0.0,0.0,0.0,0.0,2022
match:2022-10-02:visitante:la_equidad,2022-10-02_Visitante_La_Equidad.json,2022-10-02,Primera A,La Equidad,Visitante,1 - 0,Elvis Perlaza,,D,88,6.7,True,0,0,0,0,42,36%,1,1,0,7,3,2,1,0,0,0.36,True,0.0,0.0,0.0,0.0,3.068181818181818,2.0454545454545454,2022
match:2022-10-02:visitante:la_equidad,2022-10-02_Visitante_La_Equidad.json,2022-10-02,Primera A,La Equidad,Visitante,1 - 0,Israel Alba,,D,8,6.6,False,0,0,0,0,4,1%,1,0,0,2,1,0,0,0,0,1.0,True,0.0,0.0,0.0,0.0,11.25,0.0,2022
match:2022-10-02:visitante:la_equidad,2022-10-02_Visitante_La_Equidad.json,2022-10-02,Primera A,La Equidad,Visitante,1 - 0,Juan García,,M,0,,False,0,0,0,0,0,0%,0,0,0,0,0,0,0,0,0,0.0,False,,,,,,,2022
match:2022-10-02:visitante:la_equidad,2022-10-02_Visitante_La_Equidad.json,2022-10-02,Primera A,La Equidad,Visitante,1 - 0,Juan Moreno,,G,0,,False,0,0,0,0,0,0%,0,0,0,0,0,0,0,0,0,0.0,False,,,,,,,2022
match:2022-10-02:visitante:la_equidad,2022-10-02_Visitante_La_Equidad.json,2022-10-02,Primera A,La Equidad,Visitante,1 - 0,Juan Pablo Vargas,,D,90,6.9,True,0,0,1,0,90,72%,0,1,0,8,6,1,0,0,0,0.72,True,0.0,0.0,1.0,0.0,6.0,1.0,2022
match:2022-10-02:visitante:la_equidad,2022-10-02_Visitante_La_Equidad.json,2022-10-02,Primera A,La Equidad,Visitante,1 - 0,Juan Pereira,,M,90,7.0,True,0,0,0,0,84,77%,2,0,0,7,2,1,0,0,0,0.77,True,0.0,0.0,0.0,0.0,2.0,1.0,2022
match:2022-10-02:visitante:la_equidad,2022-10-02_Visitante_La_Equidad.json,2022-10-02,Primera A,La Equidad,Visitante,1 - 0,Luis Carlos Ruiz Morales,,F,90,6.7,True,0,0,0,0,14,8%,0,0,0,7,4,1,4,0,0,0.08,True,0.0,0.0,0.0,0.0,4.0,1.0,2022
match:2022-10-02:visitante:la_equidad,2022-10-02_Visitante_La_Equidad.json,2022-10-02,Primera A,La Equidad,Visitante,1 - 0,Omar Bertel,,D,90,6.7,True,0,0,0,0,37,29%,0,2,0,3,2,0,0,0,0,0.29,True,0.0,0.0,0.0,0.0,2.0,0.0,2022
match:2022-10-02:visitante:la_equidad,2022-10-02_Visitante_La_Equidad.json,2022-10-02,Primera A,La Equidad,Visitante,1 - 0,Richard Celis,,F,8,6.3,False,0,0,0,0,3,1%,0,0,0,1,0,0,0,0,0,1.0,True,0.0,0.0,0.0,0.0,0.0,0.0,2022
match:2022-10-02:visitante:la_equidad,2022-10-02_Visitante_La_Equidad.json,2022-10-02,Primera A,La Equidad,Visitante,1 - 0,Yuber Quiñones,,F,26,7.0,False,0,0,4,2,10,6%,0,0,0,0,0,0,0,0,0,0.06,True,0.0,0.0,13.846153846153847,6.923076923076923,0.0,0.0,2022
match:2022-10-02:visitante:la_equidad,2022-10-02_Visitante_La_Equidad.json,2022-10-02,Primera A,La Equidad,Visitante,1 - 0,Álvaro Montero,,G,90,6.7,True,0,0,0,0,18,17%,0,0,0,0,0,0,0,0,0,0.17,True,0.0,0.0,0.0,0.0,0.0,0.0,2022
match:2022-10-02:visitante:la_equidad,2022-10-02_Visitante_La_Equidad.json,2022-10-02,Primera A,La Equidad,Visitante,1 - 0,Óscar Vanegas,,D,0,,False,0,0,0,0,0,0%,0,0,0,0,0,0,0,0,0,0.0,False,,,,,,,2022
match:2022-10-06:visitante:santa_fe,2022-10-06_Visitante_Santa_Fe.json,2022-10-06,Primera A,Santa Fe,Visitante,3 - 2,Andrés Llinás,,D,95,6.6,True,0,0,0,0,31,30%,3,2,0,6,4,1,0,0,0,0.3,True,0.0,0.0,0.0,0.0,3.789473684210526,0.9473684210526315,2022
match:2022-10-06:visitante:santa_fe,2022-10-06_Visitante_Santa_Fe.json,2022-10-06,Primera A,Santa Fe,Visitante,3 - 2,Daniel Cataño,,M,11,6.5,False,0,0,0,0,5,3%,0,0,0,1,0,1,0,0,0,0.03,True,0.0,0.0,0.0,0.0,0.0,8.181818181818182,2022
match:2022-10-06:visitante:santa_fe,2022-10-06_Visitante_Santa_Fe.json,2022-10-06,Primera A,Santa Fe,Visitante,3 - 2,David Macalister Silva,,M,95,6.6,True,0,0,2,1,43,34%,1,0,0,7,4,0,3,0,0,0.34,True,0.0,0.0,1.894736842105263,0.9473684210526315,3.789473684210526,0.0,2022
match:2022-10-06:visitante:santa_fe,2022-10-06_Visitante_Santa_Fe.json,2022-10-06,Primera A,Santa Fe,Visitante,3 - 2,Dewar Victoria,,M,45,6.6,True,0,0,1,1,21,20%,1,1,0,3,1,1,0,1,0,0.2,True,0.0,0.0,2.0,2.0,2.0,2.0,2022
match:2022-10-06:visitante:santa_fe,2022-10-06_Visitante_Santa_Fe.json,2022-10-06,Primera A,Santa Fe,Visitante,3 - 2,Diego Herazo,,F,11,6.3,False,0,0,0,0,1,0%,0,0,0,0,0,0,0,0,0,0.0,True,0.0,0.0,0.0,0.0,0.0,0.0,2022
match:2022-10-06:visitante:santa_fe,2022-10-06_Visitante_Santa_Fe.json,2022-10-06,Primera A,Santa Fe,Visitante,3 - 2,Edgar Guerra,,F,0,,False,0,0,0,0,0,0%,0,0,0,0,0,0,0,0,0,0.0,False,,,,,,,2022
match:2022-10-06:visitante:santa_fe,2022-10-06_Visitante_Santa_Fe.json,2022-10-06,Primera A,Santa Fe,Visitante,3 - 2,Israel Alba,,D,95,7.0,True,1,0,2,1,22,15%,1,0,0,2,2,0,0,0,0,0.15,True,0.9473684210526315,0.0,1.894736842105263,0.9473684210526315,1.894736842105263,0.0,2022
match:2022-10-06:visitante:santa_fe,2022-10-06_Visitante_Santa_Fe.json,2022-10-06,Primera A,Santa Fe,Visitante,3 - 2,Jorge Rengifo,,F,35,6.5,False,0,0,0,0,7,5%,0,0,0,4,2,0,0,0,0,0.05,True,0.0,0.0,0.0,0.0,5.142857142857142,0.0,2022
match:2022-10-06:visitante:santa_fe,2022-10-06_Visitante_Santa_Fe.json,2022-10-06,Primera A,Santa Fe,Visitante,3 - 2,Juan García,,M,39,6.3,False,0,0,0,0,13,8%,1,0,0,3,1,2,0,0,0,0.08,True,0.0,0.0,0.0,0.0,2.3076923076923075,4.615384615384615,2022
match:2022-10-06:visitante:santa_fe,2022-10-06_Visitante_Santa_Fe.json,2022-10-06,Primera A,Santa Fe,Visitante,3 - 2,Juan Moreno,,G,0,,False,0,0,0,0,0,0%,0,0,0,0,0,0,0,0,0,0.0,False,,,,,,,2022
match:2022-10-06:visitante:santa_fe,2022-10-06_Visitante_Santa_Fe.json,2022-10-06,Primera A,Santa Fe,Visitante,3 - 2,Juan Pablo Vargas,,D,95,6.7,True,0,0,1,0,53,40%,1,1,0,8,6,1,0,0,0,0.4,True,0.0,0.0,0.9473684210526315,0.0,5.684210526315789,0.9473684210526315,2022
match:2022-10-06:visitante:santa_fe,2022-10-06_Visitante_Santa_Fe.json,2022-10-06,Primera A,Santa Fe,Visitante,3 - 2,Juan Pereira,,M,84,6.9,True,0,0,0,0,30,26%,3,2,0,9,5,3,1,1,0,0.26,True,0.0,0.0,0.0,0.0,5.357142857142857,3.214285714285714,2022
match:2022-10-06:visitante:santa_fe,2022-10-06_Visitante_Santa_Fe.json,2022-10-06,Primera A,Santa Fe,Visitante,3 - 2,Luis Carlos Ruiz Morales,,F,95,6.9,True,0,0,2,1,22,14%,0,0,0,3,2,0,1,0,0,0.14,True,0.0,0.0,1.894736842105263,0.9473684210526315,1.894736842105263,0.0,2022
match:2022-10-06:visitante:santa_fe,2022-10-06_Visitante_Santa_Fe.json,2022-10-06,Primera A,Santa Fe,Visitante,3 - 2,Omar Bertel,,D,95,6.6,True,0,0,0,0,34,28%,1,6,0,4,1,3,0,0,0,0.28,True,0.0,0.0,0.0,0.0,0.9473684210526315,2.8421052631578947,2022
match:2022-10-06:visitante:santa_fe,2022-10-06_Visitante_Santa_Fe.json,2022-10-06,Primera A,Santa Fe,Visitante,3 - 2,Richard Celis,,M,60,6.9,True,0,0,1,0,17,13%,3,0,0,11,5,2,1,0,0,0.13,True,0.0,0.0,1.5,0.0,7.5,3.0,2022
match:2022-10-06:visitante:santa_fe,2022-10-06_Visitante_Santa_Fe.json,2022-10-06,Primera A,Santa Fe,Visitante,3 - 2,Yuber Quiñones,,M,95,7.3,True,1,0,3,1,17,12%,1,1,0,12,6,2,3,0,0,0.12,True,0.9473684210526315,0.0,2.8421052631578947,0.9473684210526315,5.684210526315789,1.894736842105263,2022
match:2022-10-06:visitante:santa_fe,2022-10-06_Visitante_Santa_Fe.json,2022-10-06,Primera A,Santa Fe,Visitante,3 - 2,Álvaro Montero,,G,95,6.2,True,0,0,0,0,19,14%,0,0,0,0,0,0,0,0,0,0.14,True,0.0,0.0,0.0,0.0,0.0,0.0,2022
match:2022-10-06:visitante:santa_fe,2022-10-06_Visitante_Santa_Fe.json,2022-10-06,Primera A,Santa Fe,Visitante,3 - 2,Óscar Vanegas,,D,0,,False,0,0,0,0,0,0%,0,0,0,0,0,0,0,0,0,0.0,False,,,,,,,2022
match:2022-10-17:local:patriotas,2022-10-17_Local_Patriotas.json,2022-10-17,Primera A,Patriotas,Local,0 - 0,Andres Gomez,,M,90,6.7,True,0,0,2,0,23,19%,1,0,0,4,2,1,1,0,0,0.19,True,0.0,0.0,2.0,0.0,2.0,1.0,2022
match:2022-10-17:local:patriotas,2022-10-17_Local_Patriotas.json,2022-10-17,Primera A,Patriotas,Local,0 - 0,Andrés Llinás,,D,90,7.5,True,0,0,0,0,75,72%,5,3,1,11,6,1,1,0,0,0.72,True,0.0,0.0,0.0,0.0,6.0,1.0,2022
match:2022-10-17:local:patriotas,2022-10-17_Local_Patriotas.json,2022-10-17,Primera A,Patriotas,Local,0 - 0,Daniel Cataño,,M,45,6.9,False,0,0,1,0,35,31%,2,0,0,7,3,1,1,0,0,0.31,True,0.0,0.0,2.0,0.0,6.0,2.0,2022
match:2022-10-17:local:patriotas,2022-10-17_Local_Patriotas.json,2022-10-17,Primera A,Patriotas,Local,0 - 0,Daniel Ruiz,,M,77,6.5,True,0,0,2,0,36,30%,1,1,0,8,1,1,0,0,0,0.3,True,0.0,0.0,2.337662337662338,0.0,1.168831168831169,1.168831168831169,2022
match:2022-10-17:local:patriotas,2022-10-17_Local_Patriotas.json,2022-10-17,Primera A,Patriotas,Local,0 - 0,David Macalister Silva,,M,90,7.2,True,0,0,3,0,91,79%,1,0,0,8,5,0,1,0,0,0.79,True,0.0,0.0,3.0,0.0,5.0,0.0,2022
match:2022-10-17:local:patriotas,2022-10-17_Local_Patriotas.json,2022-10-17,Primera A,Patriotas,Local,0 - 0,Dewar Victoria,,M,45,6.7,True,0,0,0,0,54,50%,1,0,0,6,2,1,0,0,0,0.5,True,0.0,0.0,0.0,0.0,4.0,2.0,2022
match:2022-10-17:local:patriotas,2022-10-17_Local_Patriotas.json,2022-10-17,Primera A,Patriotas,Local,0 - 0,Edgar Guerra,,F,0,,False,0,0,0,0,0,0%,0,0,0,0,0,0,0,0,0,0.0,False,,,,,,,2022
match:2022-10-17:local:patriotas,2022-10-17_Local_Patriotas.json,2022-10-17,Primera A,Patriotas,Local,0 - 0,Israel Alba,,D,90,7.5,True,0,0,0,0,72,61%,1,1,0,6,4,0,0,0,0,0.61,True,0.0,0.0,0.0,0.0,4.0,0.0,2022
match:2022-10-17:local:patriotas,2022-10-17_Local_Patriotas.json,2022-10-17,Primera A,Patriotas,Local,0 - 0,Jader Valencia,,F,12,6.7,False,0,0,1,0,1,1%,0,0,0,2,0,1,0,1,0,1.0,True,0.0,0.0,7.5,0.0,0.0,7.5,2022
match:2022-10-17:local:patriotas,2022-10-17_Local_Patriotas.json,2022-10-17,Primera A,Patriotas,Local,0 - 0,Juan Moreno,,G,0,,False,0,0,0,0,0,0%,0,0,0,0,0,0,0,0,0,0.0,False,,,,,,,2022
match:2022-10-17:local:patriotas,2022-10-17_Local_Patriotas.json,2022-10-17,Primera A,Patriotas,Local,0 - 0,Juan Pablo Vargas,,D,90,6.9,True,0,0,0,0,68,59%,0,2,0,6,3,0,0,0,0,0.59,True,0.0,0.0,0.0,0.0,3.0,0.0,2022
match:2022-10-17:local:patriotas,2022-10-17_Local_Patriotas.json,2022-10-17,Primera A,Patriotas,Local,0 - 0,Juan Pereira,,M,90,7.3,True,0,0,1,0,83,76%,0,1,0,7,3,0,0,0,0,0.76,True,0.0,0.0,1.0,0.0,3.0,0.0,2022
match:2022-10-17:local:patriotas,2022-10-17_Local_Patriotas.json,2022-10-17,Primera A,Patriotas,Local,0 - 0,Kliver Moreno,,M,0,,False,0,0,0,0,0,0%,0,0,0,0,0,0,0,0,0,0.0,False,,,,,,,2022
match:2022-10-17:local:patriotas,2022-10-17_Local_Patriotas.json,2022-10-17,Primera A,Patriotas,Local,0 - 0,Luis Carlos Ruiz Morales,,F,84,6.9,True,0,0,1,0,16,10%,0,0,0,4,2,0,0,0,0,0.1,True,0.0,0.0,1.0714285714285714,0.0,2.142857142857143,0.0,2022
match:2022-10-17:local:patriotas,2022-10-17_Local_Patriotas.json,2022-10-17,Primera A,Patriotas,Local,0 - 0,Omar Bertel,,D,90,7.3,True,0,0,0,0,48,39%,4,0,0,11,5,2,0,0,0,0.39,True,0.0,0.0,0.0,0.0,5.0,2.0,2022
match:2022-10-17:local:patriotas,2022-10-17_Local_Patriotas.json,2022-10-17,Primera A,Patriotas,Local,0 - 0,Yuber Quiñones,,F,13,6.6,False,0,0,0,0,3,3%,1,0,0,3,2,0,1,0,0,0.03,True,0.0,0.0,0.0,0.0,13.846153846153847,0.0,2022
match:2022-10-17:local:patriotas,2022-10-17_Local_Patriotas.json,2022-10-17,Primera A,Patriotas,Local,0 - 0,Álvaro Montero,,G,90,7.2,True,0,0,0,0,18,16%,0,0,0,0,0,0,0,0,0,0.16,True,0.0,0.0,0.0,0.0,0.0,0.0,2022
match:2022-10-17:local:patriotas,2022-10-17_Local_Patriotas.json,2022-10-17,Primera A,Patriotas,Local,0 - 0,Óscar Vanegas,,D,0,,False,0,0,0,0,0,0%,0,0,0,0,0,0,0,0,0,0.0,False,,,,,,,2022
match:2022-10-19:local:deportivo_pereira,2022-10-19_Local_Deportivo_Pereira.json,2022-10-19,Primera A,Deportivo Pereira,Local,0 - 1,Andres Gomez,,M,78,6.7,True,0,0,2,2,18,13%,0,1,0,2,0,0,0,0,0,0.13,True,0.0,0.0,2.3076923076923075,2.3076923076923075,0.0,0.0,2022
match:2022-10-19:local:deportivo_pereira,2022-10-19_Local_Deportivo_Pereira.json,2022-10-19,Primera A,Deportivo Pereira,Local,0 - 1,Andrés Llinás,,D,90,7.3,True,0,0,1,0,66,62%,2,2,2,7,3,1,0,1,0,0.62,True,0.0,0.0,1.0,0.0,3.0,1.0,2022
match:2022-10-19:local:deportivo_pereira,2022-10-19_Local_Deportivo_Pereira.json,2022-10-19,Primera A,Deportivo Pereira,Local,0 - 1,Daniel Cataño,,M,61,7.5,False,0,0,4,1,56,39%,1,0,0,8,5,1,3,1,0,0.39,True,0.0,0.0,5.901639344262295,1.4754098360655739,7.377049180327869,1.4754098360655739,2022
match:2022-10-19:local:deportivo_pereira,2022-10-19_Local_Deportivo_Pereira.json,2022-10-19,Primera A,Deportivo Pereira,Local,0 - 1,Daniel Ruiz,,M,90,7.0,True,0,0,2,2,47,36%,0,0,0,7,2,1,2,1,0,0.36,True,0.0,0.0,2.0,2.0,2.0,1.0,2022
match:2022-10-19:local:deportivo_pereira,2022-10-19_Local_Deportivo_Pereira.json,2022-10-19,Primera A,Deportivo Pereira,Local,0 - 1,David Macalister Silva,,M,29,6.6,True,0,0,0,0,16,12%,0,0,0,1,1,0,0,0,0,0.12,True,0.0,0.0,0.0,0.0,3.103448275862069,0.0,2022
match:2022-10-19:local:deportivo_pereira,2022-10-19_Local_Deportivo_Pereira.json,2022-10-19,Primera A,Deportivo Pereira,Local,0 - 1,Dewar Victoria,,M,45,6.5,True,0,0,0,0,42,39%,1,0,0,4,1,1,0,0,0,0.39,True,0.0,0.0,0.0,0.0,2.0,2.0,2022
match:2022-10-19:local:deportivo_pereira,2022-10-19_Local_Deportivo_Pereira.json,2022-10-19,Primera A,Deportivo Pereira,Local,0 - 1,Diego Herazo,,F,12,6.7,False,0,0,0,0,2,2%,0,0,0,1,0,0,0,0,0,0.02,True,0.0,0.0,0.0,0.0,0.0,0.0,2022
match:2022-10-19:local:deportivo_pereira,2022-10-19_Local_Deportivo_Pereira.json,2022-10-19,Primera A,Deportivo Pereira,Local,0 - 1,Israel Alba,,D,45,6.0,True,0,0,0,0,44,35%,0,1,0,5,0,0,0,0,0,0.35,True,0.0,0.0,0.0,0.0,0.0,0.0,2022
match:2022-10-19:local:deportivo_pereira,2022-10-19_Local_Deportivo_Pereira.json,2022-10-19,Primera A,Deportivo Pereira,Local,0 - 1,Jader Valencia,,F,12,6.7,False,0,0,1,0,7,5%,0,0,0,5,2,1,0,0,0,0.05,True,0.0,0.0,7.5,0.0,15.0,7.5,2022
match:2022-10-19:local:deportivo_pereira,2022-10-19_Local_Deportivo_Pereira.json,2022-10-19,Primera A,Deportivo Pereira,Local,0 - 1,Juan Moreno,,G,0,,False,0,0,0,0,0,0%,0,0,0,0,0,0,0,0,1,0.0,False,,,,,,,2022
match:2022-10-19:local:deportivo_pereira,2022-10-19_Local_Deportivo_Pereira.json,2022-10-19,Primera A,Deportivo Pereira,Local,0 - 1,Juan Pablo Vargas,,D,90,7.0,True,0,0,4,1,41,32%,1,3,0,5,2,0,0,0,0,0.32,True,0.0,0.0,4.0,1.0,2.0,0.0,2022
match:2022-10-19:local:deportivo_pereira,2022-10-19_Local_Deportivo_Pereira.json,2022-10-19,Primera A,Deportivo Pereira,Local,0 - 1,Juan Pereira,,M,78,7.3,True,0,0,0,0,49,47%,1,1,0,3,2,0,0,0,0,0.47,True,0.0,0.0,0.0,0.0,2.3076923076923075,0.0,2022
match:2022-10-19:local:deportivo_pereira,2022-10-19_Local_Deportivo_Pereira.json,2022-10-19,Primera A,Deportivo Pereira,Local,0 - 1,Larry Vásquez,,M,45,6.6,False,0,0,0,0,42,38%,0,0,0,2,1,0,0,0,0,0.38,True,0.0,0.0,0.0,0.0,2.0,0.0,2022
match:2022-10-19:local:deportivo_pereira,2022-10-19_Local_Deportivo_Pereira.json,2022-10-19,Primera A,Deportivo Pereira,Local,0 - 1,Luis Carlos Ruiz Morales,,F,90,6.9,True,0,0,0,0,18,13%,0,0,0,5,3,0,1,0,0,0.13,True,0.0,0.0,0.0,0.0,3.0,0.0,2022
match:2022-10-19:local:deportivo_pereira,2022-10-19_Local_Deportivo_Pereira.json,2022-10-19,Primera A,Deportivo Pereira,Local,0 - 1,Omar Bertel,,D,90,7.0,True,0,0,1,0,58,56%,1,1,0,5,2,0,1,0,0,0.56,True,0.0,0.0,1.0,0.0,2.0,0.0,2022
match:2022-10-19:local:deportivo_pereira,2022-10-19_Local_Deportivo_Pereira.json,2022-10-19,Primera A,Deportivo Pereira,Local,0 - 1,Ricardo Rosales,,D,45,7.0,False,0,0,0,0,28,22%,0,1,1,2,1,0,0,0,0,0.22,True,0.0,0.0,0.0,0.0,2.0,0.0,2022
match:2022-10-19:local:deportivo_pereira,2022-10-19_Local_Deportivo_Pereira.json,2022-10-19,Primera A,Deportivo Pereira,Local,0 - 1,Álvaro Montero,,G,90,6.9,True,0,0,0,0,23,19%,0,0,0,1,1,0,1,0,0,0.19,True,0.0,0.0,0.0,0.0,1.0,0.0,2022
match:2022-10-19:local:deportivo_pereira,2022-10-19_Local_Deportivo_Pereira.json,2022-10-19,Primera A,Deportivo Pereira,Local,0 - 1,Óscar Vanegas,,D,0,,False,0,0,0,0,0,0%,0,0,0,0,0,0,0,0,0,0.0,False,,,,,,,2022
match:2022-10-23:visitante:deportes_tolima,2022-10-23_Visitante_Deportes_Tolima.json,2022-10-23,Primera A,Deportes Tolima,Visitante,1 - 0,Andres Gomez,,M,45,6.7,False,0,0,0,0,6,5%,3,0,0,8,3,0,0,0,0,0.05,True,0.0,0.0,0.0,0.0,6.0,0.0,2022
match:2022-10-23:visitante:deportes_tolima,2022-10-23_Visitante_Deportes_Tolima.json,2022-10-23,Primera A,Deportes Tolima,Visitante,1 - 0,Andrés Llinás,,D,90,7.0,True,0,0,1,0,40,38%,5,2,1,12,7,0,1,0,0,0.38,True,0.0,0.0,1.0,0.0,7.0,0.0,2022
match:2022-10-23:visitante:deportes_tolima,2022-10-23_Visitante_Deportes_Tolima.json,2022-10-23,Primera A,Deportes Tolima,Visitante,1 - 0,Camilo Andrés Romero Jiménez,,G,0,,False,0,0,0,0,0,0%,0,0,0,0,0,0,0,0,0,0.0,False,,,,,,,2022
match:2022-10-23:visitante:deportes_tolima,2022-10-23_Visitante_Deportes_Tolima.json,2022-10-23,Primera A,Deportes Tolima,Visitante,1 - 0,Daniel Cataño,,M,90,7.7,True,0,0,0,0,38,32%,5,0,0,17,12,3,6,0,0,0.32,True,0.0,0.0,0.0,0.0,12.0,3.0,2022
match:2022-10-23:visitante:deportes_tolima,2022-10-23_Visitante_Deportes_Tolima.json,2022-10-23,Primera A,Deportes Tolima,Visitante,1 - 0,Daniel Ruiz,,M,45,6.9,False,0,0,1,0,23,20%,2,0,0,8,4,0,2,0,0,0.2,True,0.0,0.0,2.0,0.0,8.0,0.0,2022
match:2022-10-23:visitante:deportes_tolima,2022-10-23_Visitante_Deportes_Tolima.json,2022-10-23,Primera A,Deportes Tolima,Visitante,1 - 0,Dewar Victoria,,M,0,,False,0,0,0,0,0,0%,0,0,0,0,0,0,0,0,0,0.0,False,,,,,,,2022
match:2022-10-23:visitante:deportes_tolima,2022-10-23_Visitante_Deportes_Tolima.json,2022-10-23,Primera A,Deportes Tolima,Visitante,1 - 0,Diego Herazo,,F,62,6.3,True,0,0,0,0,6,3%,0,0,0,3,0,0,0,0,0,0.03,True,0.0,0.0,0.0,0.0,0.0,0.0,2022
match:2022-10-23:visitante:deportes_tolima,2022-10-23_Visitante_Deportes_Tolima.json,2022-10-23,Primera A,Deportes Tolima,Visitante,1 - 0,Elvis Perlaza,,D,90,6.6,True,0,0,0,0,30,26%,1,2,0,5,2,1,0,0,0,0.26,True,0.0,0.0,0.0,0.0,2.0,1.0,2022
match:2022-10-23:visitante:deportes_tolima,2022-10-23_Visitante_Deportes_Tolima.json,2022-10-23,Primera A,Deportes Tolima,Visitante,1 - 0,Jader Valencia,,M,45,6.3,True,0,0,0,0,4,3%,0,0,0,5,1,0,0,0,0,0.03,True,0.0,0.0,0.0,0.0,2.0,0.0,2022
match:2022-10-23:visitante:deportes_tolima,2022-10-23_Visitante_Deportes_Tolima.json,2022-10-23,Primera A,Deportes Tolima,Visitante,1 - 0,Juan Pablo Vargas,,D,43,6.3,True,0,0,1,0,21,18%,0,0,0,1,0,0,0,0,0,0.18,True,0.0,0.0,2.0930232558139537,0.0,0.0,0.0,2022
match:2022-10-23:visitante:deportes_tolima,2022-10-23_Visitante_Deportes_Tolima.json,2022-10-23,Primera A,Deportes Tolima,Visitante,1 - 0,Juan Pereira,,M,90,6.6,True,0,0,2,1,46,39%,1,2,1,5,1,0,0,0,0,0.39,True,0.0,0.0,2.0,1.0,1.0,0.0,2022
match:2022-10-23:visitante:deportes_tolima,2022-10-23_Visitante_Deportes_Tolima.json,2022-10-23,Primera A,Deportes Tolima,Visitante,1 - 0,Larry Vásquez,,M,90,6.6,True,0,0,3,1,79,74%,0,2,0,2,0,1,0,0,0,0.74,True,0.0,0.0,3.0,1.0,0.0,1.0,2022
match:2022-10-23:visitante:deportes_tolima,2022-10-23_Visitante_Deportes_Tolima.json,2022-10-23,Primera A,Deportes Tolima,Visitante,1 - 0,Luis Carlos Ruiz Morales,,F,28,6.7,False,0,0,0,0,7,3%,0,1,0,3,2,0,2,0,0,0.03,True,0.0,0.0,0.0,0.0,6.428571428571428,0.0,2022
match:2022-10-23:visitante:deportes_tolima,2022-10-23_Visitante_Deportes_Tolima.json,2022-10-23,Primera A,Deportes Tolima,Visitante,1 - 0,Omar Bertel,,D,90,6.9,True,0,0,0,0,36,27%,1,3,0,4,3,0,1,0,0,0.27,True,0.0,0.0,0.0,0.0,3.0,0.0,2022
match:2022-10-23:visitante:deportes_tolima,2022-10-23_Visitante_Deportes_Tolima.json,2022-10-23,Primera A,Deportes Tolima,Visitante,1 - 0,Ricardo Rosales,,D,0,,False,0,0,0,0,0,0%,0,0,0,0,0,0,0,0,0,0.0,False,,,,,,,2022
match:2022-10-23:visitante:deportes_tolima,2022-10-23_Visitante_Deportes_Tolima.json,2022-10-23,Primera A,Deportes Tolima,Visitante,1 - 0,Yuber Quiñones,,M,45,6.9,True,0,0,1,1,12,10%,1,0,0,5,3,1,2,0,0,0.1,True,0.0,0.0,2.0,2.0,6.0,2.0,2022
match:2022-10-23:visitante:deportes_tolima,2022-10-23_Visitante_Deportes_Tolima.json,2022-10-23,Primera A,Deportes Tolima,Visitante,1 - 0,Álvaro Montero,,G,90,6.3,True,0,0,0,0,28,9%,0,0,0,0,0,0,0,0,0,0.09,True,0.0,0.0,0.0,0.0,0.0,0.0,2022
match:2022-10-23:visitante:deportes_tolima,2022-10-23_Visitante_Deportes_Tolima.json,2022-10-23,Primera A,Deportes Tolima,Visitante,1 - 0,Óscar Vanegas,,D,47,6.7,False,0,0,0,0,30,26%,2,0,0,6,3,0,0,0,0,0.26,True,0.0,0.0,0.0,0.0,5.744680851063829,0.0,2022
match:2022-10-27:local:independiente_medellin,2022-10-27_Local_Independiente_Medellin.json,2022-10-27,Primera A,Independiente Medellin,Local,1 - 2,Andres Gomez,,M,71,5.9,True,0,0,1,0,19,14%,0,0,0,8,1,1,1,0,0,0.14,True,0.0,0.0,1.267605633802817,0.0,1.267605633802817,1.267605633802817,2022
match:2022-10-27:local:independiente_medellin,2022-10-27_Local_Independiente_Medellin.json,2022-10-27,Primera A,Independiente Medellin,Local,1 - 2,Andrés Llinás,,D,90,6.3,True,0,0,0,0,38,31%,2,0,0,13,8,1,2,1,0,0.31,True,0.0,0.0,0.0,0.0,8.0,1.0,2022
match:2022-10-27:local:independiente_medellin,2022-10-27_Local_Independiente_Medellin.json,2022-10-27,Primera A,Independiente Medellin,Local,1 - 2,Camilo Andrés Romero Jiménez,,G,0,,False,0,0,0,0,0,0%,0,0,0,0,0,0,0,0,0,0.0,False,,,,,,,2022
match:2022-10-27:local:independiente_medellin,2022-10-27_Local_Independiente_Medellin.json,2022-10-27,Primera A,Independiente Medellin,Local,1 - 2,Daniel Cataño,,M,31,6.6,False,0,0,1,0,23,20%,1,0,0,5,3,0,0,0,0,0.2,True,0.0,0.0,2.903225806451613,0.0,8.709677419354838,0.0,2022
match:2022-10-27:local:independiente_medellin,2022-10-27_Local_Independiente_Medellin.json,2022-10-27,Primera A,Independiente Medellin,Local,1 - 2,Daniel Ruiz,,M,70,6.7,True,0,0,1,1,22,16%,0,0,0,3,1,0,1,0,0,0.16,True,0.0,0.0,1.2857142857142856,1.2857142857142856,1.2857142857142856,0.0,2022
match:2022-10-27:local:independiente_medellin,2022-10-27_Local_Independiente_Medellin.json,2022-10-27,Primera A,Independiente Medellin,Local,1 - 2,David Macalister Silva,,M,90,7.0,True,0,1,3,1,67,58%,0,1,0,2,0,0,0,0,0,0.58,True,0.0,1.0,3.0,1.0,0.0,0.0,2022
match:2022-10-27:local:independiente_medellin,2022-10-27_Local_Independiente_Medellin.json,2022-10-27,Primera A,Independiente Medellin,Local,1 - 2,Dewar Victoria,,M,0,,False,0,0,0,0,0,0%,0,0,0,0,0,0,0,0,0,0.0,False,,,,,,,2022
match:2022-10-27:local:independiente_medellin,2022-10-27_Local_Independiente_Medellin.json,2022-10-27,Primera A,Independiente Medellin,Local,1 - 2,Elvis Perlaza,,D,0,,False,0,0,0,0,0,0%,0,0,0,0,0,0,0,0,0,0.0,False,,,,,,,2022
match:2022-10-27:local:independiente_medellin,2022-10-27_Local_Independiente_Medellin.json,2022-10-27,Primera A,Independiente Medellin,Local,1 - 2,Israel Alba,,D,90,6.9,True,0,0,1,1,30,19%,2,1,0,4,3,0,0,0,0,0.19,True,0.0,0.0,1.0,1.0,3.0,0.0,2022
match:2022-10-27:local:independiente_medellin,2022-10-27_Local_Independiente_Medellin.json,2022-10-27,Primera A,Independiente Medellin,Local,1 - 2,Jader Valencia,,F,20,6.7,False,0,0,0,0,5,4%,0,0,0,3,2,0,1,0,0,0.04,True,0.0,0.0,0.0,0.0,9.0,0.0,2022
match:2022-10-27:local:independiente_medellin,2022-10-27_Local_Independiente_Medellin.json,2022-10-27,Primera A,Independiente Medellin,Local,1 - 2,José Cuenú,,D,0,,False,0,0,0,0,0,0%,0,0,0,0,0,0,0,0,0,0.0,False,,,,,,,2022
match:2022-10-27:local:independiente_medellin,2022-10-27_Local_Independiente_Medellin.json,2022-10-27,Primera A,Independiente Medellin,Local,1 - 2,Juan Pereira,,M,59,6.5,True,0,0,0,0,35,29%,0,1,0,5,0,2,0,0,0,0.29,True,0.0,0.0,0.0,0.0,0.0,3.0508474576271185,2022
match:2022-10-27:local:independiente_medellin,2022-10-27_Local_Independiente_Medellin.json,2022-10-27,Primera A,Independiente Medellin,Local,1 - 2,Larry Vásquez,,M,90,7.3,True,0,0,2,1,52,46%,4,1,0,16,10,3,1,1,0,0.46,True,0.0,0.0,2.0,1.0,10.0,3.0,2022
match:2022-10-27:local:independiente_medellin,2022-10-27_Local_Independiente_Medellin.json,2022-10-27,Primera A,Independiente Medellin,Local,1 - 2,Luis Carlos Ruiz Morales,,F,90,6.6,True,0,0,0,0,18,13%,1,0,0,6,2,0,0,0,0,0.13,True,0.0,0.0,0.0,0.0,2.0,0.0,2022
match:2022-10-27:local:independiente_medellin,2022-10-27_Local_Independiente_Medellin.json,2022-10-27,Primera A,Independiente Medellin,Local,1 - 2,Omar Bertel,,D,90,7.3,True,1,0,3,2,47,39%,0,0,0,3,2,1,0,0,0,0.39,True,1.0,0.0,3.0,2.0,2.0,1.0,2022
match:2022-10-27:local:independiente_medellin,2022-10-27_Local_Independiente_Medellin.json,2022-10-27,Primera A,Independiente Medellin,Local,1 - 2,Yuber Quiñones,,F,19,6.3,False,0,0,1,0,6,4%,0,0,0,1,1,0,1,0,0,0.04,True,0.0,0.0,4.7368421052631575,0.0,4.7368421052631575,0.0,2022
match:2022-10-27:local:independiente_medellin,2022-10-27_Local_Independiente_Medellin.json,2022-10-27,Primera A,Independiente Medellin,Local,1 - 2,Álvaro Montero,,G,90,6.2,True,0,0,0,0,17,11%,0,0,0,0,0,0,0,0,0,0.11,True,0.0,0.0,0.0,0.0,0.0,0.0,2022
match:2022-10-27:local:independiente_medellin,2022-10-27_Local_Independiente_Medellin.json,2022-10-27,Primera A,Independiente Medellin,Local,1 - 2,Óscar Vanegas,,D,90,7.2,True,0,0,0,0,42,33%,2,1,1,10,9,0,1,0,0,0.33,True,0.0,0.0,0.0,0.0,9.0,0.0,2022
match:2022-10-30:visitante:alianza_petrolera,2022-10-30_Visitante_Alianza_Petrolera.json,2022-10-30,Primera A,Alianza Petrolera,Visitante,2 - 4,Andres Gomez,,M,89,7.5,True,1,0,2,1,19,18%,2,0,0,10,5,1,2,0,0,0.18,True,1.0112359550561798,0.0,2.0224719101123596,1.0112359550561798,5.056179775280898,1.0112359550561798,2022
match:2022-10-30:visitante:alianza_petrolera,2022-10-30_Visitante_Alianza_Petrolera.json,2022-10-30,Primera A,Alianza Petrolera,Visitante,2 - 4,Andrés Llinás,,D,45,7.0,False,0,0,0,0,8,7%,3,2,0,5,4,1,1,0,0,0.07,True,0.0,0.0,0.0,0.0,8.0,2.0,2022
match:2022-10-30:visitante:alianza_petrolera,2022-10-30_Visitante_Alianza_Petrolera.json,2022-10-30,Primera A,Alianza Petrolera,Visitante,2 - 4,Daniel Cataño,,M,14,6.3,False,0,0,0,0,9,9%,0,0,0,0,0,0,0,0,0,0.09,True,0.0,0.0,0.0,0.0,0.0,0.0,2022
match:2022-10-30:visitante:alianza_petrolera,2022-10-30_Visitante_Alianza_Petrolera.json,2022-10-30,Primera A,Alianza Petrolera,Visitante,2 - 4,Daniel Ruiz,,M,89,6.6,True,0,0,2,2,34,22%,0,1,0,6,2,1,2,0,0,0.22,True,0.0,0.0,2.0224719101123596,2.0224719101123596,2.0224719101123596,1.0112359550561798,2022
match:2022-10-30:visitante:alianza_petrolera,2022-10-30_Visitante_Alianza_Petrolera.json,2022-10-30,Primera A,Alianza Petrolera,Visitante,2 - 4,David Macalister Silva,,M,76,7.2,True,0,1,0,0,34,27%,1,0,0,9,4,0,2,0,0,0.27,True,0.0,1.1842105263157894,0.0,0.0,4.7368421052631575,0.0,2022
match:2022-10-30:visitante:alianza_petrolera,2022-10-30_Visitante_Alianza_Petrolera.json,2022-10-30,Primera A,Alianza Petrolera,Visitante,2 - 4,Diego Herazo,,F,1,,False,0,0,0,0,0,0%,0,0,0,1,1,0,0,0,0,0.0,True,0.0,0.0,0.0,0.0,90.0,0.0,2022
match:2022-10-30:visitante:alianza_petrolera,2022-10-30_Visitante_Alianza_Petrolera.json,2022-10-30,Primera A,Alianza Petrolera,Visitante,2 - 4,Elvis Perlaza,,D,0,,False,0,0,0,0,0,0%,0,0,0,0,0,0,0,0,0,0.0,False,,,,,,,2022
match:2022-10-30:visitante:alianza_petrolera,2022-10-30_Visitante_Alianza_Petrolera.json,2022-10-30,Primera A,Alianza Petrolera,Visitante,2 - 4,Israel Alba,,D,90,6.2,True,0,0,1,0,30,20%,0,2,0,2,0,1,0,0,0,0.2,True,0.0,0.0,1.0,0.0,0.0,1.0,2022
match:2022-10-30:visitante:alianza_petrolera,2022-10-30_Visitante_Alianza_Petrolera.json,2022-10-30,Primera A,Alianza Petrolera,Visitante,2 - 4,Jader Valencia,,F,22,6.9,False,1,0,2,2,4,4%,0,0,0,4,2,0,2,0,0,0.04,True,4.090909090909091,0.0,8.181818181818182,8.181818181818182,8.181818181818182,0.0,2022
match:2022-10-30:visitante:alianza_petrolera,2022-10-30_Visitante_Alianza_Petrolera.json,2022-10-30,Primera A,Alianza Petrolera,Visitante,2 - 4,José Cuenú,,D,1,,False,0,0,0,0,0,0%,0,1,0,0,0,0,0,0,0,0.0,True,0.0,0.0,0.0,0.0,0.0,0.0,2022
match:2022-10-30:visitante:alianza_petrolera,2022-10-30_Visitante_Alianza_Petrolera.json,2022-10-30,Primera A,Alianza Petrolera,Visitante,2 - 4,Juan Moreno,,G,0,,False,0,0,0,0,0,0%,0,0,0,0,0,0,0,0,0,0.0,False,,,,,,,2022
match:2022-10-30:visitante:alianza_petrolera,2022-10-30_Visitante_Alianza_Petrolera.json,2022-10-30,Primera A,Alianza Petrolera,Visitante,2 - 4,Juan Pablo Vargas,,D,90,6.3,True,0,0,0,0,33,23%,2,0,0,5,4,0,1,0,0,0.23,True,0.0,0.0,0.0,0.0,4.0,0.0,2022
match:2022-10-30:visitante:alianza_petrolera,2022-10-30_Visitante_Alianza_Petrolera.json,2022-10-30,Primera A,Alianza Petrolera,Visitante,2 - 4,Juan Pereira,,M,45,7.2,True,0,0,1,0,32,30%,3,1,0,4,4,0,0,0,0,0.3,True,0.0,0.0,2.0,0.0,8.0,0.0,2022
match:2022-10-30:visitante:alianza_petrolera,2022-10-30_Visitante_Alianza_Petrolera.json,2022-10-30,Primera A,Alianza Petrolera,Visitante,2 - 4,Larry Vásquez,,M,90,7.0,True,0,0,0,0,64,56%,2,0,0,5,3,0,1,0,0,0.56,True,0.0,0.0,0.0,0.0,3.0,0.0,2022
match:2022-10-30:visitante:alianza_petrolera,2022-10-30_Visitante_Alianza_Petrolera.json,2022-10-30,Primera A,Alianza Petrolera,Visitante,2 - 4,Luis Carlos Ruiz Morales,,F,68,7.2,True,1,0,2,2,15,15%,0,0,0,1,1,0,1,0,0,0.15,True,1.3235294117647058,0.0,2.6470588235294117,2.6470588235294117,1.3235294117647058,0.0,2022
match:2022-10-30:visitante:alianza_petrolera,2022-10-30_Visitante_Alianza_Petrolera.json,2022-10-30,Primera A,Alianza Petrolera,Visitante,2 - 4,Omar Bertel,,D,90,6.9,True,0,0,1,0,31,26%,2,1,0,4,3,1,0,0,0,0.26,True,0.0,0.0,1.0,0.0,3.0,1.0,2022
match:2022-10-30:visitante:alianza_petrolera,2022-10-30_Visitante_Alianza_Petrolera.json,2022-10-30,Primera A,Alianza Petrolera,Visitante,2 - 4,Álvaro Montero,,G,90,6.3,True,0,0,0,0,12,6%,0,0,0,0,0,0,0,0,0,0.06,True,0.0,0.0,0.0,0.0,0.0,0.0,2022
match:2022-10-30:visitante:alianza_petrolera,2022-10-30_Visitante_Alianza_Petrolera.json,2022-10-30,Primera A,Alianza Petrolera,Visitante,2 - 4,Óscar Vanegas,,D,90,6.3,True,0,0,0,0,41,28%,0,2,0,1,0,0,0,0,0,0.28,True,0.0,0.0,0.0,0.0,0.0,0.0,2022
match:2022-11-06:local:santa_fe,2022-11-06_Local_Santa_Fe.json,2022-11-06,Primera A,Santa Fe,Local,1 - 1,Andres Gomez,,M,87,6.2,True,0,0,2,1,23,17%,1,0,0,10,3,0,0,0,0,0.17,True,0.0,0.0,2.0689655172413794,1.0344827586206897,3.103448275862069,0.0,2022
match:2022-11-06:local:santa_fe,2022-11-06_Local_Santa_Fe.json,2022-11-06,Primera A,Santa Fe,Local,1 - 1,Andrés Llinás,,D,92,6.7,True,0,0,0,0,38,30%,3,1,0,10,7,1,0,0,0,0.3,True,0.0,0.0,0.0,0.0,6.847826086956522,0.9782608695652174,2022
match:2022-11-06:local:santa_fe,2022-11-06_Local_Santa_Fe.json,2022-11-06,Primera A,Santa Fe,Local,1 - 1,Daniel Cataño,,M,92,7.0,True,0,0,2,0,51,43%,3,4,0,13,6,2,2,0,0,0.43,True,0.0,0.0,1.9565217391304348,0.0,5.869565217391304,1.9565217391304348,2022
match:2022-11-06:local:santa_fe,2022-11-06_Local_Santa_Fe.json,2022-11-06,Primera A,Santa Fe,Local,1 - 1,Daniel Ruiz,,M,87,6.9,True,0,0,2,0,32,22%,1,1,0,8,3,0,1,0,0,0.22,True,0.0,0.0,2.0689655172413794,0.0,3.103448275862069,0.0,2022
match:2022-11-06:local:santa_fe,2022-11-06_Local_Santa_Fe.json,2022-11-06,Primera A,Santa Fe,Local,1 - 1,David Macalister Silva,,M,92,8.2,True,1,0,1,1,64,56%,5,1,0,16,8,2,1,0,0,0.56,True,0.9782608695652174,0.0,0.9782608695652174,0.9782608695652174,7.826086956521739,1.9565217391304348,2022
match:2022-11-06:local:santa_fe,2022-11-06_Local_Santa_Fe.json,2022-11-06,Primera A,Santa Fe,Local,1 - 1,Diego Herazo,,F,5,,False,0,0,0,0,0,0%,0,0,0,0,0,0,0,0,0,0.0,True,0.0,0.0,0.0,0.0,0.0,0.0,2022
match:2022-11-06:local:santa_fe,2022-11-06_Local_Santa_Fe.json,2022-11-06,Primera A,Santa Fe,Local,1 - 1,Elvis Perlaza,,D,0,,False,0,0,0,0,0,0%,0,0,0,0,0,0,0,0,0,0.0,False,,,,,,,2022
match:2022-11-06:local:santa_fe,2022-11-06_Local_Santa_Fe.json,2022-11-06,Primera A,Santa Fe,Local,1 - 1,Israel Alba,,D,92,6.9,True,0,0,1,1,43,33%,2,3,0,5,2,2,0,1,0,0.33,True,0.0,0.0,0.9782608695652174,0.9782608695652174,1.9565217391304348,1.9565217391304348,2022
match:2022-11-06:local:santa_fe,2022-11-06_Local_Santa_Fe.json,2022-11-06,Primera A,Santa Fe,Local,1 - 1,Jader Valencia,,F,11,6.9,False,0,0,1,0,5,5%,0,0,0,0,0,0,0,0,0,0.05,True,0.0,0.0,8.181818181818182,0.0,0.0,0.0,2022
match:2022-11-06:local:santa_fe,2022-11-06_Local_Santa_Fe.json,2022-11-06,Primera A,Santa Fe,Local,1 - 1,Juan Moreno,,G,0,,False,0,0,0,0,0,0%,0,0,0,0,0,0,0,0,0,0.0,False,,,,,,,2022
match:2022-11-06:local:santa_fe,2022-11-06_Local_Santa_Fe.json,2022-11-06,Primera A,Santa Fe,Local,1 - 1,Juan Pablo Vargas,,D,92,6.6,True,0,0,0,0,60,47%,2,0,0,8,7,0,1,0,0,0.47,True,0.0,0.0,0.0,0.0,6.847826086956522,0.0,2022
match:2022-11-06:local:santa_fe,2022-11-06_Local_Santa_Fe.json,2022-11-06,Primera A,Santa Fe,Local,1 - 1,Juan Pereira,,M,11,6.7,False,0,0,0,0,7,3%,1,2,0,3,1,0,0,0,0,0.03,True,0.0,0.0,0.0,0.0,8.181818181818182,0.0,2022
match:2022-11-06:local:santa_fe,2022-11-06_Local_Santa_Fe.json,2022-11-06,Primera A,Santa Fe,Local,1 - 1,Larry Vásquez,,M,81,7.3,True,0,0,0,0,63,55%,8,2,0,18,12,3,0,1,0,0.55,True,0.0,0.0,0.0,0.0,13.333333333333332,3.333333333333333,2022
match:2022-11-06:local:santa_fe,2022-11-06_Local_Santa_Fe.json,2022-11-06,Primera A,Santa Fe,Local,1 - 1,Luis Carlos Ruiz Morales,,F,81,6.5,True,0,0,3,1,15,11%,1,0,0,8,4,0,2,0,0,0.11,True,0.0,0.0,3.333333333333333,1.1111111111111112,4.444444444444445,0.0,2022
match:2022-11-06:local:santa_fe,2022-11-06_Local_Santa_Fe.json,2022-11-06,Primera A,Santa Fe,Local,1 - 1,Omar Bertel,,D,92,6.6,True,0,0,1,1,43,37%,2,4,0,5,3,0,0,0,0,0.37,True,0.0,0.0,0.9782608695652174,0.9782608695652174,2.934782608695652,0.0,2022
match:2022-11-06:local:santa_fe,2022-11-06_Local_Santa_Fe.json,2022-11-06,Primera A,Santa Fe,Local,1 - 1,Yuber Quiñones,,F,5,,False,0,0,2,0,2,2%,0,0,0,1,1,0,0,0,0,0.02,True,0.0,0.0,36.0,0.0,18.0,0.0,2022
match:2022-11-06:local:santa_fe,2022-11-06_Local_Santa_Fe.json,2022-11-06,Primera A,Santa Fe,Local,1 - 1,Álvaro Montero,,G,92,6.5,True,0,0,0,0,16,11%,0,0,0,0,0,0,0,0,0,0.11,True,0.0,0.0,0.0,0.0,0.0,0.0,2022
match:2022-11-06:local:santa_fe,2022-11-06_Local_Santa_Fe.json,2022-11-06,Primera A,Santa Fe,Local,1 - 1,Óscar Vanegas,,D,0,,False,0,0,0,0,0,0%,0,0,0,0,0,0,0,0,0,0.0,False,,,,,,,2022
match:2023-01-29:visitante:deportivo_pereira,2023-01-29_Visitante_Deportivo_Pereira.json,2023-01-29,Primera A,Deportivo Pereira,Visitante,2 - 3,Camilo Andrés Romero Jiménez,,G,0,,False,0,0,0,0,0,0%,0,0,0,0,0,0,0,0,0,0.0,False,,,,,,,2023
match:2023-01-29:visitante:deportivo_pereira,2023-01-29_Visitante_Deportivo_Pereira.json,2023-01-29,Primera A,Deportivo Pereira,Visitante,2 - 3,Daniel Giraldo,,M,90,7.3,True,1,0,2,1,28,24%,1,0,0,3,2,1,0,0,0,0.24,True,1.0,0.0,2.0,1.0,2.0,1.0,2023
match:2023-01-29:visitante:deportivo_pereira,2023-01-29_Visitante_Deportivo_Pereira.json,2023-01-29,Primera A,Deportivo Pereira,Visitante,2 - 3,David Macalister Silva,,M,89,6.9,True,0,1,2,0,32,27%,0,0,0,7,2,1,2,0,0,0.27,True,0.0,1.0112359550561798,2.0224719101123596,0.0,2.0224719101123596,1.0112359550561798,2023
match:2023-01-29:visitante:deportivo_pereira,2023-01-29_Visitante_Deportivo_Pereira.json,2023-01-29,Primera A,Deportivo Pereira,Visitante,2 - 3,Edgar Guerra,,F,45,6.2,False,0,0,2,0,11,9%,0,1,0,7,0,2,0,0,0,0.09,True,0.0,0.0,4.0,0.0,0.0,4.0,2023
match:2023-01-29:visitante:deportivo_pereira,2023-01-29_Visitante_Deportivo_Pereira.json,2023-01-29,Primera A,Deportivo Pereira,Visitante,2 - 3,Elvis Perlaza,,D,45,6.3,True,0,0,0,0,17,10%,1,1,0,3,1,2,0,0,0,0.1,True,0.0,0.0,0.0,0.0,2.0,4.0,2023
match:2023-01-29:visitante:deportivo_pereira,2023-01-29_Visitante_Deportivo_Pereira.json,2023-01-29,Primera A,Deportivo Pereira,Visitante,2 - 3,Israel Alba,,D,45,6.7,False,0,0,0,0,25,18%,0,1,0,0,0,0,0,0,0,0.18,True,0.0,0.0,0.0,0.0,0.0,0.0,2023
match:2023-01-29:visitante:deportivo_pereira,2023-01-29_Visitante_Deportivo_Pereira.json,2023-01-29,Primera A,Deportivo Pereira,Visitante,2 - 3,Jader Valencia,,F,16,6.3,False,0,0,0,0,7,5%,0,0,0,0,0,0,0,0,0,0.05,True,0.0,0.0,0.0,0.0,0.0,0.0,2023
match:2023-01-29:visitante:deportivo_pereira,2023-01-29_Visitante_Deportivo_Pereira.json,2023-01-29,Primera A,Deportivo Pereira,Visitante,2 - 3,Jorge Arias,,D,8,6.3,False,0,0,0,0,3,2%,0,0,0,0,0,0,0,0,0,0.02,True,0.0,0.0,0.0,0.0,0.0,0.0,2023
match:2023-01-29:visitante:deportivo_pereira,2023-01-29_Visitante_Deportivo_Pereira.json,2023-01-29,Primera A,Deportivo Pereira,Visitante,2 - 3,Juan Moreno,,G,90,6.7,True,0,0,0,0,17,9%,0,0,0,0,0,0,0,0,0,0.09,True,0.0,0.0,0.0,0.0,0.0,0.0,2023
match:2023-01-29:visitante:deportivo_pereira,2023-01-29_Visitante_Deportivo_Pereira.json,2023-01-29,Primera A,Deportivo Pereira,Visitante,2 - 3,Juan Pablo Vargas,,D,90,6.6,True,0,0,0,0,26,18%,1,1,0,2,2,0,0,0,0,0.18,True,0.0,0.0,0.0,0.0,2.0,0.0,2023
match:2023-01-29:visitante:deportivo_pereira,2023-01-29_Visitante_Deportivo_Pereira.json,2023-01-29,Primera A,Deportivo Pereira,Visitante,2 - 3,Juan Pereira,,M,45,6.7,True,0,0,0,0,21,14%,0,0,0,2,1,0,0,0,0,0.14,True,0.0,0.0,0.0,0.0,2.0,0.0,2023
match:2023-01-29:visitante:deportivo_pereira,2023-01-29_Visitante_Deportivo_Pereira.json,2023-01-29,Primera A,Deportivo Pereira,Visitante,2 - 3,Larry Vásquez,,M,90,6.6,True,0,0,0,0,25,21%,3,0,1,10,4,0,0,0,0,0.21,True,0.0,0.0,0.0,0.0,4.0,0.0,2023
match:2023-01-29:visitante:deportivo_pereira,2023-01-29_Visitante_Deportivo_Pereira.json,2023-01-29,Primera A,Deportivo Pereira,Visitante,2 - 3,Leonardo Castro,,F,74,8.5,True,2,0,4,3,18,12%,1,0,0,11,3,3,2,1,0,0.12,True,2.4324324324324325,0.0,4.864864864864865,3.6486486486486487,3.6486486486486487,3.6486486486486487,2023
match:2023-01-29:visitante:deportivo_pereira,2023-01-29_Visitante_Deportivo_Pereira.json,2023-01-29,Primera A,Deportivo Pereira,Visitante,2 - 3,Luis Paredes,,F,0,,False,0,0,0,0,0,0%,0,0,0,0,0,0,0,0,0,0.0,False,,,,,,,2023
match:2023-01-29:visitante:deportivo_pereira,2023-01-29_Visitante_Deportivo_Pereira.json,2023-01-29,Primera A,Deportivo Pereira,Visitante,2 - 3,Nicolas Arevalo,,M,0,,False,0,0,0,0,0,0%,0,0,0,0,0,0,0,0,0,0.0,False,,,,,,,2023
match:2023-01-29:visitante:deportivo_pereira,2023-01-29_Visitante_Deportivo_Pereira.json,2023-01-29,Primera A,Deportivo Pereira,Visitante,2 - 3,Omar Bertel,,D,90,6.5,True,0,0,0,0,38,27%,1,1,0,3,1,0,0,0,0,0.27,True,0.0,0.0,0.0,0.0,1.0,0.0,2023
match:2023-01-29:visitante:deportivo_pereira,2023-01-29_Visitante_Deportivo_Pereira.json,2023-01-29,Primera A,Deportivo Pereira,Visitante,2 - 3,Yuber Quiñones,,M,90,7.3,True,0,1,2,0,21,16%,3,0,0,15,8,2,3,0,0,0.16,True,0.0,1.0,2.0,0.0,8.0,2.0,2023
match:2023-01-29:visitante:deportivo_pereira,2023-01-29_Visitante_Deportivo_Pereira.json,2023-01-29,Primera A,Deportivo Pereira,Visitante,2 - 3,Óscar Vanegas,,D,90,7.7,True,0,0,2,1,12,7%,1,5,4,6,4,1,0,0,0,0.07,True,0.0,0.0,2.0,1.0,4.0,1.0,2023
match:2023-02-19:local:jaguares,2023-02-19_Local_Jaguares.json,2023-02-19,Primera A,Jaguares,Local,2 - 1,Andrés Llinás,,D,90,6.9,True,0,0,1,0,57,50%,0,2,1,6,4,1,1,0,0,0.5,True,0.0,0.0,1.0,0.0,4.0,1.0,2023
match:2023-02-19:local:jaguares,2023-02-19_Local_Jaguares.json,2023-02-19,Primera A,Jaguares,Local,2 - 1,Andrés Murillo,,D,89,6.9,True,0,0,0,0,17,14%,2,2,0,4,3,0,1,0,0,0.14,True,0.0,0.0,0.0,0.0,3.033707865168539,0.0,2023
match:2023-02-19:local:jaguares,2023-02-19_Local_Jaguares.json,2023-02-19,Primera A,Jaguares,Local,2 - 1,Daniel Giraldo,,M,90,6.9,True,0,0,1,0,75,70%,0,0,0,6,3,2,1,0,0,0.7,True,0.0,0.0,1.0,0.0,3.0,2.0,2023
match:2023-02-19:local:jaguares,2023-02-19_Local_Jaguares.json,2023-02-19,Primera A,Jaguares,Local,2 - 1,Edgar Guerra,,M,77,6.6,True,0,0,1,0,26,22%,1,2,0,6,3,1,1,0,0,0.22,True,0.0,0.0,1.168831168831169,0.0,3.5064935064935066,1.168831168831169,2023
match:2023-02-19:local:jaguares,2023-02-19_Local_Jaguares.json,2023-02-19,Primera A,Jaguares,Local,2 - 1,Elvis Perlaza,,D,90,7.0,True,0,0,0,0,60,51%,2,3,0,5,3,1,0,1,0,0.51,True,0.0,0.0,0.0,0.0,3.0,1.0,2023
match:2023-02-19:local:jaguares,2023-02-19_Local_Jaguares.json,2023-02-19,Primera A,Jaguares,Local,2 - 1,Jader Valencia,,F,12,7.3,False,0,1,0,0,2,2%,1,0,0,3,2,0,0,0,0,0.02,True,0.0,7.5,0.0,0.0,15.0,0.0,2023
match:2023-02-19:local:jaguares,2023-02-19_Local_Jaguares.json,2023-02-19,Primera A,Jaguares,Local,2 - 1,Jorge Arias,,D,1,,False,0,0,0,0,1,0%,0,0,0,0,0,0,0,0,0,0.0,True,0.0,0.0,0.0,0.0,0.0,0.0,2023
match:2023-02-19:local:jaguares,2023-02-19_Local_Jaguares.json,2023-02-19,Primera A,Jaguares,Local,2 - 1,Juan Moreno,,G,0,,False,0,0,0,0,0,0%,0,0,0,0,0,0,0,0,0,0.0,False,,,,,,,2023
match:2023-02-19:local:jaguares,2023-02-19_Local_Jaguares.json,2023-02-19,Primera A,Jaguares,Local,2 - 1,Juan Pablo Vargas,,D,90,7.2,True,0,0,2,0,65,52%,2,4,0,8,6,1,0,0,0,0.52,True,0.0,0.0,2.0,0.0,6.0,1.0,2023
match:2023-02-19:local:jaguares,2023-02-19_Local_Jaguares.json,2023-02-19,Primera A,Jaguares,Local,2 - 1,Juan Pereira,,M,90,7.2,True,0,0,2,1,66,58%,1,2,0,8,3,1,0,0,0,0.58,True,0.0,0.0,2.0,1.0,3.0,1.0,2023
match:2023-02-19:local:jaguares,2023-02-19_Local_Jaguares.json,2023-02-19,Primera A,Jaguares,Local,2 - 1,Juan Torres,,M,13,6.2,False,0,0,0,0,7,5%,0,0,0,1,0,1,0,0,0,0.05,True,0.0,0.0,0.0,0.0,0.0,6.923076923076923,2023
match:2023-02-19:local:jaguares,2023-02-19_Local_Jaguares.json,2023-02-19,Primera A,Jaguares,Local,2 - 1,Leonardo Castro,,F,83,6.3,True,0,0,1,1,16,10%,0,0,0,4,2,0,1,0,0,0.1,True,0.0,0.0,1.0843373493975905,1.0843373493975905,2.168674698795181,0.0,2023
match:2023-02-19:local:jaguares,2023-02-19_Local_Jaguares.json,2023-02-19,Primera A,Jaguares,Local,2 - 1,Luis Paredes,,F,13,6.3,False,0,0,0,0,4,3%,0,0,0,3,2,0,2,0,0,0.03,True,0.0,0.0,0.0,0.0,13.846153846153847,0.0,2023
match:2023-02-19:local:jaguares,2023-02-19_Local_Jaguares.json,2023-02-19,Primera A,Jaguares,Local,2 - 1,Nicolas Arevalo,,M,1,,False,0,0,0,0,2,2%,0,1,0,0,0,0,0,0,0,0.02,True,0.0,0.0,0.0,0.0,0.0,0.0,2023
match:2023-02-19:local:jaguares,2023-02-19_Local_Jaguares.json,2023-02-19,Primera A,Jaguares,Local,2 - 1,Oscar Cortés,,M,89,8.7,True,2,0,5,3,44,38%,0,0,0,6,1,1,1,0,0,0.38,True,2.0224719101123596,0.0,5.056179775280898,3.033707865168539,1.0112359550561798,1.0112359550561798,2023
match:2023-02-19:local:jaguares,2023-02-19_Local_Jaguares.json,2023-02-19,Primera A,Jaguares,Local,2 - 1,Ricardo Rosales,,D,0,,False,0,0,0,0,0,0%,0,0,0,0,0,0,0,0,0,0.0,False,,,,,,,2023
match:2023-02-19:local:jaguares,2023-02-19_Local_Jaguares.json,2023-02-19,Primera A,Jaguares,Local,2 - 1,Yuber Quiñones,,M,77,6.9,True,0,0,1,0,18,12%,1,0,0,8,2,3,1,0,0,0.12,True,0.0,0.0,1.168831168831169,0.0,2.337662337662338,3.5064935064935066,2023
match:2023-02-19:local:jaguares,2023-02-19_Local_Jaguares.json,2023-02-19,Primera A,Jaguares,Local,2 - 1,Álvaro Montero,,G,90,6.6,True,0,0,0,0,21,15%,0,0,0,0,0,0,0,0,0,0.15,True,0.0,0.0,0.0,0.0,0.0,0.0,2023
match:2023-02-24:visitante:universidad_catolica,2023-02-24_Visitante_Universidad_Catolica.json,2023-02-24,CONMEBOL Libertadores,Universidad Catolica,Visitante,0 - 0,Andrés Llinás,,D,90,7.2,True,0,0,0,0,39,32%,2,2,1,6,3,0,0,0,0,0.32,True,0.0,0.0,0.0,0.0,3.0,0.0,2023
match:2023-02-24:visitante:universidad_catolica,2023-02-24_Visitante_Universidad_Catolica.json,2023-02-24,CONMEBOL Libertadores,Universidad Catolica,Visitante,0 - 0,Andrés Murillo,,D,0,,False,0,0,0,0,0,0%,0,0,0,0,0,0,0,0,0,0.0,False,,,,,,,2023
match:2023-02-24:visitante:universidad_catolica,2023-02-24_Visitante_Universidad_Catolica.json,2023-02-24,CONMEBOL Libertadores,Universidad Catolica,Visitante,0 - 0,Daniel Cataño,,M,73,6.6,True,0,0,0,0,33,25%,2,0,0,18,9,5,4,0,0,0.25,True,0.0,0.0,0.0,0.0,11.095890410958903,6.164383561643835,2023
match:2023-02-24:visitante:universidad_catolica,2023-02-24_Visitante_Universidad_Catolica.json,2023-02-24,CONMEBOL Libertadores,Universidad Catolica,Visitante,0 - 0,Daniel Giraldo,,M,90,6.7,True,0,0,0,0,61,57%,1,0,0,7,4,1,2,1,0,0.57,True,0.0,0.0,0.0,0.0,4.0,1.0,2023
match:2023-02-24:visitante:universidad_catolica,2023-02-24_Visitante_Universidad_Catolica.json,2023-02-24,CONMEBOL Libertadores,Universidad Catolica,Visitante,0 - 0,David Macalister Silva,,M,87,6.2,True,0,0,0,0,47,40%,0,0,0,10,3,0,0,0,0,0.4,True,0.0,0.0,0.0,0.0,3.103448275862069,0.0,2023
match:2023-02-24:visitante:universidad_catolica,2023-02-24_Visitante_Universidad_Catolica.json,2023-02-24,CONMEBOL Libertadores,Universidad Catolica,Visitante,0 - 0,Edgar Guerra,,F,8,6.2,False,0,0,0,0,1,0%,0,0,0,5,1,0,0,0,0,0.0,True,0.0,0.0,0.0,0.0,11.25,0.0,2023
match:2023-02-24:visitante:universidad_catolica,2023-02-24_Visitante_Universidad_Catolica.json,2023-02-24,CONMEBOL Libertadores,Universidad Catolica,Visitante,0 - 0,Elvis Perlaza,,D,90,7.3,True,0,0,0,0,55,49%,1,1,0,7,4,1,0,0,0,0.49,True,0.0,0.0,0.0,0.0,4.0,1.0,2023
match:2023-02-24:visitante:universidad_catolica,2023-02-24_Visitante_Universidad_Catolica.json,2023-02-24,CONMEBOL Libertadores,Universidad Catolica,Visitante,0 - 0,Jader Valencia,,F,17,6.3,False,0,0,2,0,2,2%,0,0,0,4,0,2,0,0,0,0.02,True,0.0,0.0,10.588235294117647,0.0,0.0,10.588235294117647,2023
match:2023-02-24:visitante:universidad_catolica,2023-02-24_Visitante_Universidad_Catolica.json,2023-02-24,CONMEBOL Libertadores,Universidad Catolica,Visitante,0 - 0,Jorge Arias,,D,0,,False,0,0,0,0,0,0%,0,0,0,0,0,0,0,0,0,0.0,False,,,,,,,2023
match:2023-02-24:visitante:universidad_catolica,2023-02-24_Visitante_Universidad_Catolica.json,2023-02-24,CONMEBOL Libertadores,Universidad Catolica,Visitante,0 - 0,Juan Moreno,,G,0,,False,0,0,0,0,0,0%,0,0,0,0,0,0,0,0,0,0.0,False,,,,,,,2023
match:2023-02-24:visitante:universidad_catolica,2023-02-24_Visitante_Universidad_Catolica.json,2023-02-24,CONMEBOL Libertadores,Universidad Catolica,Visitante,0 - 0,Juan Pablo Vargas,,D,90,7.5,True,0,0,0,0,47,41%,1,0,1,5,4,0,0,0,0,0.41,True,0.0,0.0,0.0,0.0,4.0,0.0,2023
match:2023-02-24:visitante:universidad_catolica,2023-02-24_Visitante_Universidad_Catolica.json,2023-02-24,CONMEBOL Libertadores,Universidad Catolica,Visitante,0 - 0,Juan Pereira,,M,90,6.9,True,0,0,1,0,45,42%,1,3,1,11,4,0,0,0,0,0.42,True,0.0,0.0,1.0,0.0,4.0,0.0,2023
match:2023-02-24:visitante:universidad_catolica,2023-02-24_Visitante_Universidad_Catolica.json,2023-02-24,CONMEBOL Libertadores,Universidad Catolica,Visitante,0 - 0,Kliver Moreno,,M,0,,False,0,0,0,0,0,0%,0,0,0,0,0,0,0,0,0,0.0,False,,,,,,,2023
match:2023-02-24:visitante:universidad_catolica,2023-02-24_Visitante_Universidad_Catolica.json,2023-02-24,CONMEBOL Libertadores,Universidad Catolica,Visitante,0 - 0,Leonardo Castro,,F,73,6.9,True,0,0,1,0,11,8%,1,0,1,12,5,1,2,0,0,0.08,True,0.0,0.0,1.2328767123287672,0.0,6.164383561643835,1.2328767123287672,2023
match:2023-02-24:visitante:universidad_catolica,2023-02-24_Visitante_Universidad_Catolica.json,2023-02-24,CONMEBOL Libertadores,Universidad Catolica,Visitante,0 - 0,Nicolas Arevalo,,M,0,,False,0,0,0,0,0,0%,0,0,0,0,0,0,0,0,0,0.0,False,,,,,,,2023
match:2023-02-24:visitante:universidad_catolica,2023-02-24_Visitante_Universidad_Catolica.json,2023-02-24,CONMEBOL Libertadores,Universidad Catolica,Visitante,0 - 0,Omar Bertel,,D,90,7.0,True,0,0,0,0,35,25%,2,3,0,7,2,1,0,0,0,0.25,True,0.0,0.0,0.0,0.0,2.0,1.0,2023
match:2023-02-24:visitante:universidad_catolica,2023-02-24_Visitante_Universidad_Catolica.json,2023-02-24,CONMEBOL Libertadores,Universidad Catolica,Visitante,0 - 0,Oscar Cortés,,M,82,6.2,True,0,0,2,0,43,37%,0,0,0,10,2,1,1,0,0,0.37,True,0.0,0.0,2.1951219512195124,0.0,2.1951219512195124,1.0975609756097562,2023
match:2023-02-24:visitante:universidad_catolica,2023-02-24_Visitante_Universidad_Catolica.json,2023-02-24,CONMEBOL Libertadores,Universidad Catolica,Visitante,0 - 0,Ricardo Rosales,,D,0,,False,0,0,0,0,0,0%,0,0,0,0,0,0,0,0,0,0.0,False,,,,,,,2023
match:2023-02-24:visitante:universidad_catolica,2023-02-24_Visitante_Universidad_Catolica.json,2023-02-24,CONMEBOL Libertadores,Universidad Catolica,Visitante,0 - 0,Yuber Quiñones,,F,17,6.3,False,0,0,0,0,4,3%,0,0,0,0,0,0,0,0,0,0.03,True,0.0,0.0,0.0,0.0,0.0,0.0,2023
match:2023-02-24:visitante:universidad_catolica,2023-02-24_Visitante_Universidad_Catolica.json,2023-02-24,CONMEBOL Libertadores,Universidad Catolica,Visitante,0 - 0,Álvaro Montero,,G,90,7.3,True,0,0,0,0,25,14%,0,1,0,0,0,0,0,0,0,0.14,True,0.0,0.0,0.0,0.0,0.0,0.0,2023
match:2023-02-24:visitante:universidad_catolica,2023-02-24_Visitante_Universidad_Catolica.json,2023-02-24,CONMEBOL Libertadores,Universidad Catolica,Visitante,0 - 0,Óscar Vanegas,,D,9,6.3,False,0,0,0,0,0,0%,0,0,0,0,0,0,0,0,0,0.0,True,0.0,0.0,0.0,0.0,0.0,0.0,2023
match:2023-02-26:visitante:once_caldas,2023-02-26_Visitante_Once_Caldas.json,2023-02-26,Primera A,Once Caldas,Visitante,1 - 0,Alex Moreno,,D,0,,False,0,0,0,0,0,0%,0,0,0,0,0,0,0,0,0,0.0,False,,,,,,,2023
match:2023-02-26:visitante:once_caldas,2023-02-26_Visitante_Once_Caldas.json,2023-02-26,Primera A,Once Caldas,Visitante,1 - 0,Edgar Guerra,,M,53,6.2,True,0,0,0,0,8,4%,0,0,0,3,1,1,0,0,0,0.04,True,0.0,0.0,0.0,0.0,1.6981132075471697,1.6981132075471697,2023
match:2023-02-26:visitante:once_caldas,2023-02-26_Visitante_Once_Caldas.json,2023-02-26,Primera A,Once Caldas,Visitante,1 - 0,Israel Alba,,D,94,6.7,True,0,0,1,0,46,35%,0,0,0,5,2,1,0,0,0,0.35,True,0.0,0.0,0.9574468085106382,0.0,1.9148936170212765,0.9574468085106382,2023
match:2023-02-26:visitante:once_caldas,2023-02-26_Visitante_Once_Caldas.json,2023-02-26,Primera A,Once Caldas,Visitante,1 - 0,Jader Valencia,,M,94,6.3,True,0,0,2,1,18,12%,0,0,0,18,9,1,3,0,0,0.12,True,0.0,0.0,1.9148936170212765,0.9574468085106382,8.617021276595745,0.9574468085106382,2023
match:2023-02-26:visitante:once_caldas,2023-02-26_Visitante_Once_Caldas.json,2023-02-26,Primera A,Once Caldas,Visitante,1 - 0,Jorge Arias,,D,94,6.6,True,0,0,1,0,60,51%,0,0,0,6,2,2,1,1,0,0.51,True,0.0,0.0,0.9574468085106382,0.0,1.9148936170212765,1.9148936170212765,2023
match:2023-02-26:visitante:once_caldas,2023-02-26_Visitante_Once_Caldas.json,2023-02-26,Primera A,Once Caldas,Visitante,1 - 0,Juan Moreno,,G,0,,False,0,0,0,0,0,0%,0,0,0,0,0,0,0,0,0,0.0,False,,,,,,,2023
match:2023-02-26:visitante:once_caldas,2023-02-26_Visitante_Once_Caldas.json,2023-02-26,Primera A,Once Caldas,Visitante,1 - 0,Juan Torres,,F,45,6.2,True,0,0,0,0,20,18%,0,0,0,7,1,1,1,0,0,0.18,True,0.0,0.0,0.0,0.0,2.0,2.0,2023
match:2023-02-26:visitante:once_caldas,2023-02-26_Visitante_Once_Caldas.json,2023-02-26,Primera A,Once Caldas,Visitante,1 - 0,Kevin Cortés,,M,10,6.6,False,0,0,0,0,2,1%,1,0,0,4,3,0,1,0,0,1.0,True,0.0,0.0,0.0,0.0,27.0,0.0,2023
match:2023-02-26:visitante:once_caldas,2023-02-26_Visitante_Once_Caldas.json,2023-02-26,Primera A,Once Caldas,Visitante,1 - 0,Kliver Moreno,,M,49,6.3,False,0,0,0,0,29,25%,0,0,0,4,1,0,0,0,0,0.25,True,0.0,0.0,0.0,0.0,1.8367346938775508,0.0,2023
match:2023-02-26:visitante:once_caldas,2023-02-26_Visitante_Once_Caldas.json,2023-02-26,Primera A,Once Caldas,Visitante,1 - 0,Larry Vásquez,,M,84,6.7,True,0,0,1,0,51,43%,0,0,0,6,2,1,1,0,0,0.43,True,0.0,0.0,1.0714285714285714,0.0,2.142857142857143,1.0714285714285714,2023
match:2023-02-26:visitante:once_caldas,2023-02-26_Visitante_Once_Caldas.json,2023-02-26,Primera A,Once Caldas,Visitante,1 - 0,Luis Paredes,,F,41,6.9,False,0,0,0,0,9,8%,1,0,0,10,4,2,2,0,0,0.08,True,0.0,0.0,0.0,0.0,8.78048780487805,4.390243902439025,2023
match:2023-02-26:visitante:once_caldas,2023-02-26_Visitante_Once_Caldas.json,2023-02-26,Primera A,Once Caldas,Visitante,1 - 0,Nicolas Arevalo,,M,94,6.3,True,0,0,0,0,47,39%,3,0,0,18,7,4,3,0,0,0.39,True,0.0,0.0,0.0,0.0,6.702127659574468,3.829787234042553,2023
match:2023-02-26:visitante:once_caldas,2023-02-26_Visitante_Once_Caldas.json,2023-02-26,Primera A,Once Caldas,Visitante,1 - 0,Ramiro Brochero,,F,41,6.5,False,0,0,0,0,5,3%,0,0,0,3,1,0,1,0,0,0.03,True,0.0,0.0,0.0,0.0,2.1951219512195124,0.0,2023
match:2023-02-26:visitante:once_caldas,2023-02-26_Visitante_Once_Caldas.json,2023-02-26,Primera A,Once Caldas,Visitante,1 - 0,Ricardo Rosales,,D,0,,False,0,0,0,0,0,0%,0,0,0,0,0,0,0,0,0,0.0,False,,,,,,,2023
match:2023-02-26:visitante:once_caldas,2023-02-26_Visitante_Once_Caldas.json,2023-02-26,Primera A,Once Caldas,Visitante,1 - 0,Samuel Asprilla,,D,94,6.2,True,0,0,0,0,59,43%,2,0,0,10,3,1,1,1,0,0.43,True,0.0,0.0,0.0,0.0,2.8723404255319145,0.9574468085106382,2023
match:2023-02-26:visitante:once_caldas,2023-02-26_Visitante_Once_Caldas.json,2023-02-26,Primera A,Once Caldas,Visitante,1 - 0,Yuber Quiñones,,M,53,6.6,True,0,0,2,0,5,3%,0,0,0,7,4,0,2,0,0,0.03,True,0.0,0.0,3.3962264150943393,0.0,6.792452830188679,0.0,2023
match:2023-02-26:visitante:once_caldas,2023-02-26_Visitante_Once_Caldas.json,2023-02-26,Primera A,Once Caldas,Visitante,1 - 0,Álvaro Montero,,G,94,6.3,True,0,0,0,0,25,19%,0,0,0,0,0,0,0,0,0,0.19,True,0.0,0.0,0.0,0.0,0.0,0.0,2023
match:2023-02-26:visitante:once_caldas,2023-02-26_Visitante_Once_Caldas.json,2023-02-26,Primera A,Once Caldas,Visitante,1 - 0,Óscar Vanegas,,D,94,6.9,True,0,0,0,0,46,39%,0,2,1,3,2,1,0,1,0,0.39,True,0.0,0.0,0.0,0.0,1.9148936170212765,0.9574468085106382,2023
match:2023-03-03:local:universidad_catolica,2023-03-03_Local_Universidad_Catolica.json,2023-03-03,CONMEBOL Libertadores,Universidad Catolica,Local,2 - 1,Andrés Llinás,,D,90,6.9,True,0,0,1,0,54,46%,3,1,0,17,10,2,2,1,0,0.46,True,0.0,0.0,1.0,0.0,10.0,2.0,2023
match:2023-03-03:local:universidad_catolica,2023-03-03_Local_Universidad_Catolica.json,2023-03-03,CONMEBOL Libertadores,Universidad Catolica,Local,2 - 1,Daniel Cataño,,M,87,8.6,True,1,0,4,1,64,53%,1,0,0,17,11,1,6,0,0,0.53,True,1.0344827586206897,0.0,4.137931034482759,1.0344827586206897,11.379310344827587,1.0344827586206897,2023
match:2023-03-03:local:universidad_catolica,2023-03-03_Local_Universidad_Catolica.json,2023-03-03,CONMEBOL Libertadores,Universidad Catolica,Local,2 - 1,Daniel Giraldo,,M,45,6.5,True,0,0,0,0,23,19%,3,0,0,7,4,3,0,0,0,0.19,True,0.0,0.0,0.0,0.0,8.0,6.0,2023
match:2023-03-03:local:universidad_catolica,2023-03-03_Local_Universidad_Catolica.json,2023-03-03,CONMEBOL Libertadores,Universidad Catolica,Local,2 - 1,David Macalister Silva,,M,79,6.6,True,0,0,0,0,43,32%,1,0,0,6,3,0,1,0,0,0.32,True,0.0,0.0,0.0,0.0,3.4177215189873418,0.0,2023
match:2023-03-03:local:universidad_catolica,2023-03-03_Local_Universidad_Catolica.json,2023-03-03,CONMEBOL Libertadores,Universidad Catolica,Local,2 - 1,Edgar Guerra,,F,0,,False,0,0,0,0,0,0%,0,0,0,0,0,0,0,0,0,0.0,False,,,,,,,2023
match:2023-03-03:local:universidad_catolica,2023-03-03_Local_Universidad_Catolica.json,2023-03-03,CONMEBOL Libertadores,Universidad Catolica,Local,2 - 1,Elvis Perlaza,,D,89,7.5,True,0,0,1,0,53,45%,7,0,0,16,10,2,2,0,0,0.45,True,0.0,0.0,1.0112359550561798,0.0,10.112359550561797,2.0224719101123596,2023
match:2023-03-03:local:universidad_catolica,2023-03-03_Local_Universidad_Catolica.json,2023-03-03,CONMEBOL Libertadores,Universidad Catolica,Local,2 - 1,Fernando Uribe,,F,45,6.7,False,0,0,0,0,13,10%,0,0,0,2,1,0,1,0,0,0.1,True,0.0,0.0,0.0,0.0,2.0,0.0,2023
match:2023-03-03:local:universidad_catolica,2023-03-03_Local_Universidad_Catolica.json,2023-03-03,CONMEBOL Libertadores,Universidad Catolica,Local,2 - 1,Israel Alba,,D,1,,False,0,0,0,0,0,0%,0,0,0,1,0,0,0,0,0,0.0,True,0.0,0.0,0.0,0.0,0.0,0.0,2023
match:2023-03-03:local:universidad_catolica,2023-03-03_Local_Universidad_Catolica.json,2023-03-03,CONMEBOL Libertadores,Universidad Catolica,Local,2 - 1,Jader Valencia,,F,11,6.6,False,0,0,1,1,5,5%,0,0,0,2,0,1,0,0,0,0.05,True,0.0,0.0,8.181818181818182,8.181818181818182,0.0,8.181818181818182,2023
match:2023-03-03:local:universidad_catolica,2023-03-03_Local_Universidad_Catolica.json,2023-03-03,CONMEBOL Libertadores,Universidad Catolica,Local,2 - 1,Jorge Arias,,D,0,,False,0,0,0,0,0,0%,0,0,0,0,0,0,0,0,0,0.0,False,,,,,,,2023
match:2023-03-03:local:universidad_catolica,2023-03-03_Local_Universidad_Catolica.json,2023-03-03,CONMEBOL Libertadores,Universidad Catolica,Local,2 - 1,Juan Moreno,,G,0,,False,0,0,0,0,0,0%,0,0,0,0,0,0,0,0,0,0.0,False,,,,,,,2023
match:2023-03-03:local:universidad_catolica,2023-03-03_Local_Universidad_Catolica.json,2023-03-03,CONMEBOL Libertadores,Universidad Catolica,Local,2 - 1,Juan Pablo Vargas,,D,90,7.0,True,0,0,0,0,63,52%,1,1,1,11,7,2,0,0,0,0.52,True,0.0,0.0,0.0,0.0,7.0,2.0,2023
match:2023-03-03:local:universidad_catolica,2023-03-03_Local_Universidad_Catolica.json,2023-03-03,CONMEBOL Libertadores,Universidad Catolica,Local,2 - 1,Juan Pereira,,M,10,7.2,False,0,0,0,0,3,3%,2,0,0,3,3,0,0,0,0,0.03,True,0.0,0.0,0.0,0.0,27.0,0.0,2023
match:2023-03-03:local:universidad_catolica,2023-03-03_Local_Universidad_Catolica.json,2023-03-03,CONMEBOL Libertadores,Universidad Catolica,Local,2 - 1,Kliver Moreno,,M,0,,False,0,0,0,0,0,0%,0,0,0,0,0,0,0,0,0,0.0,False,,,,,,,2023
match:2023-03-03:local:universidad_catolica,2023-03-03_Local_Universidad_Catolica.json,2023-03-03,CONMEBOL Libertadores,Universidad Catolica,Local,2 - 1,Larry Vásquez,,M,90,7.2,True,0,0,0,0,86,76%,1,3,0,13,5,2,0,1,0,0.76,True,0.0,0.0,0.0,0.0,5.0,2.0,2023
match:2023-03-03:local:universidad_catolica,2023-03-03_Local_Universidad_Catolica.json,2023-03-03,CONMEBOL Libertadores,Universidad Catolica,Local,2 - 1,Leonardo Castro,,F,87,7.7,True,1,0,5,2,13,12%,0,0,0,19,9,1,3,0,0,0.12,True,1.0344827586206897,0.0,5.172413793103448,2.0689655172413794,9.310344827586206,1.0344827586206897,2023
match:2023-03-03:local:universidad_catolica,2023-03-03_Local_Universidad_Catolica.json,2023-03-03,CONMEBOL Libertadores,Universidad Catolica,Local,2 - 1,Luis Paredes,,F,0,,False,0,0,0,0,0,0%,0,0,0,0,0,0,0,0,0,0.0,False,,,,,,,2023
match:2023-03-03:local:universidad_catolica,2023-03-03_Local_Universidad_Catolica.json,2023-03-03,CONMEBOL Libertadores,Universidad Catolica,Local,2 - 1,Nicolas Arevalo,,M,0,,False,0,0,0,0,0,0%,0,0,0,0,0,0,0,0,0,0.0,False,,,,,,,2023
match:2023-03-03:local:universidad_catolica,2023-03-03_Local_Universidad_Catolica.json,2023-03-03,CONMEBOL Libertadores,Universidad Catolica,Local,2 - 1,Omar Bertel,,D,90,6.6,True,0,0,1,0,39,35%,3,1,0,9,3,1,0,0,0,0.35,True,0.0,0.0,1.0,0.0,3.0,1.0,2023
match:2023-03-03:local:universidad_catolica,2023-03-03_Local_Universidad_Catolica.json,2023-03-03,CONMEBOL Libertadores,Universidad Catolica,Local,2 - 1,Oscar Cortés,,M,90,8.2,True,0,1,2,0,44,38%,1,0,0,9,7,0,0,0,0,0.38,True,0.0,1.0,2.0,0.0,7.0,0.0,2023
match:2023-03-03:local:universidad_catolica,2023-03-03_Local_Universidad_Catolica.json,2023-03-03,CONMEBOL Libertadores,Universidad Catolica,Local,2 - 1,Yuber Quiñones,,F,0,,False,0,0,0,0,0,0%,0,0,0,0,0,0,0,0,0,0.0,False,,,,,,,2023
match:2023-03-03:local:universidad_catolica,2023-03-03_Local_Universidad_Catolica.json,2023-03-03,CONMEBOL Libertadores,Universidad Catolica,Local,2 - 1,Álvaro Montero,,G,90,7.0,True,0,0,0,0,19,14%,0,0,0,1,0,0,0,0,0,0.14,True,0.0,0.0,0.0,0.0,0.0,0.0,2023
match:2023-03-03:local:universidad_catolica,2023-03-03_Local_Universidad_Catolica.json,2023-03-03,CONMEBOL Libertadores,Universidad Catolica,Local,2 - 1,Óscar Vanegas,,D,10,6.5,False,0,0,0,0,2,1%,0,0,0,1,0,1,0,1,0,1.0,True,0.0,0.0,0.0,0.0,0.0,9.0,2023
match:2023-03-05:local:deportivo_cali,2023-03-05_Local_Deportivo_Cali.json,2023-03-05,Primera A,Deportivo Cali,Local,2 - 0,Daniel Giraldo,,M,84,6.9,True,0,0,1,0,51,39%,2,1,0,3,2,0,0,0,0,0.39,True,0.0,0.0,1.0714285714285714,0.0,2.142857142857143,0.0,2023
match:2023-03-05:local:deportivo_cali,2023-03-05_Local_Deportivo_Cali.json,2023-03-05,Primera A,Deportivo Cali,Local,2 - 0,David Macalister Silva,,M,11,6.6,False,0,0,0,0,8,7%,1,0,0,1,1,0,0,0,0,0.07,True,0.0,0.0,0.0,0.0,8.181818181818182,0.0,2023
match:2023-03-05:local:deportivo_cali,2023-03-05_Local_Deportivo_Cali.json,2023-03-05,Primera A,Deportivo Cali,Local,2 - 0,Elvis Perlaza,,D,0,,False,0,0,0,0,0,0%,0,0,0,0,0,0,0,0,0,0.0,False,,,,,,,2023
match:2023-03-05:local:deportivo_cali,2023-03-05_Local_Deportivo_Cali.json,2023-03-05,Primera A,Deportivo Cali,Local,2 - 0,Fernando Uribe,,F,24,6.7,False,0,0,0,0,12,10%,0,0,0,1,0,0,0,0,0,0.1,True,0.0,0.0,0.0,0.0,0.0,0.0,2023
match:2023-03-05:local:deportivo_cali,2023-03-05_Local_Deportivo_Cali.json,2023-03-05,Primera A,Deportivo Cali,Local,2 - 0,Israel Alba,,D,95,6.9,True,0,0,0,0,42,28%,2,0,0,6,4,0,1,0,0,0.28,True,0.0,0.0,0.0,0.0,3.789473684210526,0.0,2023
match:2023-03-05:local:deportivo_cali,2023-03-05_Local_Deportivo_Cali.json,2023-03-05,Primera A,Deportivo Cali,Local,2 - 0,Jader Valencia,,F,95,7.6,True,1,0,1,1,30,28%,1,1,0,6,4,0,2,0,0,0.28,True,0.9473684210526315,0.0,0.9473684210526315,0.9473684210526315,3.789473684210526,0.0,2023
match:2023-03-05:local:deportivo_cali,2023-03-05_Local_Deportivo_Cali.json,2023-03-05,Primera A,Deportivo Cali,Local,2 - 0,Jorge Arias,,D,11,6.6,False,0,0,0,0,2,2%,1,0,0,1,1,0,0,0,0,0.02,True,0.0,0.0,0.0,0.0,8.181818181818182,0.0,2023
match:2023-03-05:local:deportivo_cali,2023-03-05_Local_Deportivo_Cali.json,2023-03-05,Primera A,Deportivo Cali,Local,2 - 0,Juan Moreno,,G,0,,False,0,0,0,0,0,0%,0,0,0,0,0,0,0,0,0,0.0,False,,,,,,,2023
match:2023-03-05:local:deportivo_cali,2023-03-05_Local_Deportivo_Cali.json,2023-03-05,Primera A,Deportivo Cali,Local,2 - 0,Juan Pablo Vargas,,D,95,6.9,True,0,0,0,0,48,35%,0,7,0,3,0,0,0,0,0,0.35,True,0.0,0.0,0.0,0.0,0.0,0.0,2023
match:2023-03-05:local:deportivo_cali,2023-03-05_Local_Deportivo_Cali.json,2023-03-05,Primera A,Deportivo Cali,Local,2 - 0,Juan Pereira,,M,95,8.3,True,1,1,2,1,47,36%,1,1,0,8,4,0,0,0,0,0.36,True,0.9473684210526315,0.9473684210526315,1.894736842105263,0.9473684210526315,3.789473684210526,0.0,2023
match:2023-03-05:local:deportivo_cali,2023-03-05_Local_Deportivo_Cali.json,2023-03-05,Primera A,Deportivo Cali,Local,2 - 0,Kliver Moreno,,M,71,6.9,True,0,0,1,0,51,44%,0,4,2,4,0,2,0,1,0,0.44,True,0.0,0.0,1.267605633802817,0.0,0.0,2.535211267605634,2023
match:2023-03-05:local:deportivo_cali,2023-03-05_Local_Deportivo_Cali.json,2023-03-05,Primera A,Deportivo Cali,Local,2 - 0,Larry Vásquez,,M,24,6.6,False,0,0,0,0,12,10%,1,1,0,2,1,0,0,0,0,0.1,True,0.0,0.0,0.0,0.0,3.75,0.0,2023
match:2023-03-05:local:deportivo_cali,2023-03-05_Local_Deportivo_Cali.json,2023-03-05,Primera A,Deportivo Cali,Local,2 - 0,Luis Paredes,,F,72,6.7,True,0,0,3,1,9,7%,1,1,0,8,4,0,3,0,0,0.07,True,0.0,0.0,3.75,1.25,5.0,0.0,2023
match:2023-03-05:local:deportivo_cali,2023-03-05_Local_Deportivo_Cali.json,2023-03-05,Primera A,Deportivo Cali,Local,2 - 0,Omar Bertel,,D,84,6.9,True,0,0,0,0,40,30%,3,3,0,11,4,3,0,0,0,0.3,True,0.0,0.0,0.0,0.0,4.285714285714286,3.214285714285714,2023
match:2023-03-05:local:deportivo_cali,2023-03-05_Local_Deportivo_Cali.json,2023-03-05,Primera A,Deportivo Cali,Local,2 - 0,Oscar Cortés,,M,23,6.5,False,0,0,0,0,7,7%,0,0,0,4,2,1,2,0,0,0.07,True,0.0,0.0,0.0,0.0,7.826086956521739,3.9130434782608696,2023
match:2023-03-05:local:deportivo_cali,2023-03-05_Local_Deportivo_Cali.json,2023-03-05,Primera A,Deportivo Cali,Local,2 - 0,Yuber Quiñones,,F,71,7.5,True,0,0,1,1,15,13%,2,4,0,12,8,0,2,0,0,0.13,True,0.0,0.0,1.267605633802817,1.267605633802817,10.140845070422536,0.0,2023
match:2023-03-05:local:deportivo_cali,2023-03-05_Local_Deportivo_Cali.json,2023-03-05,Primera A,Deportivo Cali,Local,2 - 0,Álvaro Montero,,G,95,7.2,True,0,0,0,0,13,9%,0,0,0,1,1,0,1,0,0,0.09,True,0.0,0.0,0.0,0.0,0.9473684210526315,0.0,2023
match:2023-03-05:local:deportivo_cali,2023-03-05_Local_Deportivo_Cali.json,2023-03-05,Primera A,Deportivo Cali,Local,2 - 0,Óscar Vanegas,,D,95,6.9,True,0,0,1,0,41,32%,1,2,1,2,1,1,0,1,0,0.32,True,0.0,0.0,0.9473684210526315,0.0,0.9473684210526315,0.9473684210526315,2023
match:2023-03-09:local:atletico-mg,2023-03-09_Local_Atletico-MG.json,2023-03-09,CONMEBOL Libertadores,Atletico-MG,Local,1 - 1,Andrés Llinás,,D,90,6.9,True,0,0,0,0,49,42%,2,1,0,4,3,1,0,0,0,0.42,True,0.0,0.0,0.0,0.0,3.0,1.0,2023
match:2023-03-09:local:atletico-mg,2023-03-09_Local_Atletico-MG.json,2023-03-09,CONMEBOL Libertadores,Atletico-MG,Local,1 - 1,Daniel Cataño,,M,89,6.5,True,0,1,2,0,52,46%,1,0,0,20,6,2,3,0,0,0.46,True,0.0,1.0112359550561798,2.0224719101123596,0.0,6.067415730337078,2.0224719101123596,2023
match:2023-03-09:local:atletico-mg,2023-03-09_Local_Atletico-MG.json,2023-03-09,CONMEBOL Libertadores,Atletico-MG,Local,1 - 1,Daniel Giraldo,,M,90,6.9,True,0,0,1,0,66,59%,1,2,0,8,3,0,1,0,0,0.59,True,0.0,0.0,1.0,0.0,3.0,0.0,2023
match:2023-03-09:local:atletico-mg,2023-03-09_Local_Atletico-MG.json,2023-03-09,CONMEBOL Libertadores,Atletico-MG,Local,1 - 1,David Macalister Silva,,M,90,7.3,True,1,0,1,1,44,38%,0,1,0,10,2,1,0,0,0,0.38,True,1.0,0.0,1.0,1.0,2.0,1.0,2023
match:2023-03-09:local:atletico-mg,2023-03-09_Local_Atletico-MG.json,2023-03-09,CONMEBOL Libertadores,Atletico-MG,Local,1 - 1,Edgar Guerra,,F,0,,False,0,0,0,0,0,0%,0,0,0,0,0,0,0,0,0,0.0,False,,,,,,,2023
match:2023-03-09:local:atletico-mg,2023-03-09_Local_Atletico-MG.json,2023-03-09,CONMEBOL Libertadores,Atletico-MG,Local,1 - 1,Elvis Perlaza,,D,45,6.6,True,0,0,0,0,36,32%,1,0,0,1,1,0,0,1,0,0.32,True,0.0,0.0,0.0,0.0,2.0,0.0,2023
match:2023-03-09:local:atletico-mg,2023-03-09_Local_Atletico-MG.json,2023-03-09,CONMEBOL Libertadores,Atletico-MG,Local,1 - 1,Fernando Uribe,,F,18,6.5,False,0,0,0,0,4,3%,0,0,0,2,0,0,0,0,0,0.03,True,0.0,0.0,0.0,0.0,0.0,0.0,2023
match:2023-03-09:local:atletico-mg,2023-03-09_Local_Atletico-MG.json,2023-03-09,CONMEBOL Libertadores,Atletico-MG,Local,1 - 1,Israel Alba,,D,45,6.7,False,0,0,0,0,27,22%,2,0,0,3,2,0,0,0,0,0.22,True,0.0,0.0,0.0,0.0,4.0,0.0,2023
match:2023-03-09:local:atletico-mg,2023-03-09_Local_Atletico-MG.json,2023-03-09,CONMEBOL Libertadores,Atletico-MG,Local,1 - 1,Jader Valencia,,F,18,6.6,False,0,0,0,0,9,8%,0,0,0,2,2,0,1,0,0,0.08,True,0.0,0.0,0.0,0.0,10.0,0.0,2023
match:2023-03-09:local:atletico-mg,2023-03-09_Local_Atletico-MG.json,2023-03-09,CONMEBOL Libertadores,Atletico-MG,Local,1 - 1,Jorge Arias,,D,0,,False,0,0,0,0,0,0%,0,0,0,0,0,0,0,0,0,0.0,False,,,,,,,2023
match:2023-03-09:local:atletico-mg,2023-03-09_Local_Atletico-MG.json,2023-03-09,CONMEBOL Libertadores,Atletico-MG,Local,1 - 1,Juan Moreno,,G,0,,False,0,0,0,0,0,0%,0,0,0,0,0,0,0,0,0,0.0,False,,,,,,,2023
match:2023-03-09:local:atletico-mg,2023-03-09_Local_Atletico-MG.json,2023-03-09,CONMEBOL Libertadores,Atletico-MG,Local,1 - 1,Juan Pablo Vargas,,D,90,7.3,True,0,0,0,0,48,35%,2,3,1,7,7,0,0,0,0,0.35,True,0.0,0.0,0.0,0.0,7.0,0.0,2023
match:2023-03-09:local:atletico-mg,2023-03-09_Local_Atletico-MG.json,2023-03-09,CONMEBOL Libertadores,Atletico-MG,Local,1 - 1,Juan Pereira,,M,18,6.9,False,0,0,0,0,10,7%,0,0,1,2,1,0,0,0,0,0.07,True,0.0,0.0,0.0,0.0,5.0,0.0,2023
match:2023-03-09:local:atletico-mg,2023-03-09_Local_Atletico-MG.json,2023-03-09,CONMEBOL Libertadores,Atletico-MG,Local,1 - 1,Kliver Moreno,,M,0,,False,0,0,0,0,0,0%,0,0,0,0,0,0,0,0,0,0.0,False,,,,,,,2023
match:2023-03-09:local:atletico-mg,2023-03-09_Local_Atletico-MG.json,2023-03-09,CONMEBOL Libertadores,Atletico-MG,Local,1 - 1,Larry Vásquez,,M,72,6.2,True,0,0,1,0,37,34%,1,1,0,9,1,2,0,1,0,0.34,True,0.0,0.0,1.25,0.0,1.25,2.5,2023
match:2023-03-09:local:atletico-mg,2023-03-09_Local_Atletico-MG.json,2023-03-09,CONMEBOL Libertadores,Atletico-MG,Local,1 - 1,Leonardo Castro,,F,72,6.0,True,0,0,3,1,13,10%,0,0,0,10,2,2,0,0,0,0.1,True,0.0,0.0,3.75,1.25,2.5,2.5,2023
match:2023-03-09:local:atletico-mg,2023-03-09_Local_Atletico-MG.json,2023-03-09,CONMEBOL Libertadores,Atletico-MG,Local,1 - 1,Luis Paredes,,F,1,,False,0,0,0,0,0,0%,0,0,0,1,0,0,0,0,0,0.0,True,0.0,0.0,0.0,0.0,0.0,0.0,2023
match:2023-03-09:local:atletico-mg,2023-03-09_Local_Atletico-MG.json,2023-03-09,CONMEBOL Libertadores,Atletico-MG,Local,1 - 1,Nicolas Arevalo,,M,0,,False,0,0,0,0,0,0%,0,0,0,0,0,0,0,0,0,0.0,False,,,,,,,2023
match:2023-03-09:local:atletico-mg,2023-03-09_Local_Atletico-MG.json,2023-03-09,CONMEBOL Libertadores,Atletico-MG,Local,1 - 1,Omar Bertel,,D,90,6.7,True,0,0,0,0,49,40%,1,0,0,9,6,1,1,0,0,0.4,True,0.0,0.0,0.0,0.0,6.0,1.0,2023
match:2023-03-09:local:atletico-mg,2023-03-09_Local_Atletico-MG.json,2023-03-09,CONMEBOL Libertadores,Atletico-MG,Local,1 - 1,Oscar Cortés,,M,72,6.3,True,0,0,1,0,25,20%,0,0,0,10,3,0,1,0,0,0.2,True,0.0,0.0,1.25,0.0,3.75,0.0,2023
match:2023-03-09:local:atletico-mg,2023-03-09_Local_Atletico-MG.json,2023-03-09,CONMEBOL Libertadores,Atletico-MG,Local,1 - 1,Yuber Quiñones,,F,0,,False,0,0,0,0,0,0%,0,0,0,0,0,0,0,0,0,0.0,False,,,,,,,2023
match:2023-03-09:local:atletico-mg,2023-03-09_Local_Atletico-MG.json,2023-03-09,CONMEBOL Libertadores,Atletico-MG,Local,1 - 1,Álvaro Montero,,G,90,7.0,True,0,0,0,0,25,17%,0,0,0,0,0,0,0,0,0,0.17,True,0.0,0.0,0.0,0.0,0.0,0.0,2023
match:2023-03-09:local:atletico-mg,2023-03-09_Local_Atletico-MG.json,2023-03-09,CONMEBOL Libertadores,Atletico-MG,Local,1 - 1,Óscar Vanegas,,D,0,,False,0,0,0,0,0,0%,0,0,0,0,0,0,0,0,0,0.0,False,,,,,,,2023
match:2023-03-12:visitante:atletico_nacional,2023-03-12_Visitante_Atletico_Nacional.json,2023-03-12,Primera A,Atletico Nacional,Visitante,0 - 0,Alex Moreno,,D,0,,False,0,0,0,0,0,0%,0,0,0,0,0,0,0,0,0,0.0,False,,,,,,,2023
match:2023-03-12:visitante:atletico_nacional,2023-03-12_Visitante_Atletico_Nacional.json,2023-03-12,Primera A,Atletico Nacional,Visitante,0 - 0,Andrés Murillo,,D,96,6.9,True,0,0,0,0,32,27%,0,1,0,2,2,0,2,0,0,0.27,True,0.0,0.0,0.0,0.0,1.875,0.0,2023
match:2023-03-12:visitante:atletico_nacional,2023-03-12_Visitante_Atletico_Nacional.json,2023-03-12,Primera A,Atletico Nacional,Visitante,0 - 0,Dewar Victoria,,M,0,,False,0,0,0,0,0,0%,0,0,0,0,0,0,0,0,0,0.0,False,,,,,,,2023
match:2023-03-12:visitante:atletico_nacional,2023-03-12_Visitante_Atletico_Nacional.json,2023-03-12,Primera A,Atletico Nacional,Visitante,0 - 0,Edgar Guerra,,F,51,6.6,False,0,0,0,0,10,6%,2,0,0,8,4,2,0,0,0,0.06,True,0.0,0.0,0.0,0.0,7.0588235294117645,3.5294117647058822,2023
match:2023-03-12:visitante:atletico_nacional,2023-03-12_Visitante_Atletico_Nacional.json,2023-03-12,Primera A,Atletico Nacional,Visitante,0 - 0,Fernando Uribe,,F,71,6.2,True,0,0,1,1,15,11%,0,1,0,2,1,1,0,1,0,0.11,True,0.0,0.0,1.267605633802817,1.267605633802817,1.267605633802817,1.267605633802817,2023
match:2023-03-12:visitante:atletico_nacional,2023-03-12_Visitante_Atletico_Nacional.json,2023-03-12,Primera A,Atletico Nacional,Visitante,0 - 0,Israel Alba,,D,96,6.3,True,0,0,1,0,37,26%,1,2,0,8,1,1,0,0,0,0.26,True,0.0,0.0,0.9375,0.0,0.9375,0.9375,2023
match:2023-03-12:visitante:atletico_nacional,2023-03-12_Visitante_Atletico_Nacional.json,2023-03-12,Primera A,Atletico Nacional,Visitante,0 - 0,Jader Valencia,,F,96,6.9,True,0,0,0,0,35,30%,2,1,0,13,6,0,0,0,0,0.3,True,0.0,0.0,0.0,0.0,5.625,0.0,2023
match:2023-03-12:visitante:atletico_nacional,2023-03-12_Visitante_Atletico_Nacional.json,2023-03-12,Primera A,Atletico Nacional,Visitante,0 - 0,Jorge Arias,,D,96,7.0,True,0,0,0,0,49,43%,2,3,0,6,3,1,0,1,0,0.43,True,0.0,0.0,0.0,0.0,2.8125,0.9375,2023
match:2023-03-12:visitante:atletico_nacional,2023-03-12_Visitante_Atletico_Nacional.json,2023-03-12,Primera A,Atletico Nacional,Visitante,0 - 0,Juan Moreno,,G,0,,False,0,0,0,0,0,0%,0,0,0,0,0,0,0,0,0,0.0,False,,,,,,,2023
match:2023-03-12:visitante:atletico_nacional,2023-03-12_Visitante_Atletico_Nacional.json,2023-03-12,Primera A,Atletico Nacional,Visitante,0 - 0,Juan Pereira,,M,96,6.9,True,0,0,0,0,49,44%,1,0,0,7,4,0,2,0,0,0.44,True,0.0,0.0,0.0,0.0,3.75,0.0,2023
match:2023-03-12:visitante:atletico_nacional,2023-03-12_Visitante_Atletico_Nacional.json,2023-03-12,Primera A,Atletico Nacional,Visitante,0 - 0,Kliver Moreno,,M,60,7.7,True,0,0,0,0,44,37%,2,2,1,3,3,0,0,0,0,0.37,True,0.0,0.0,0.0,0.0,4.5,0.0,2023
match:2023-03-12:visitante:atletico_nacional,2023-03-12_Visitante_Atletico_Nacional.json,2023-03-12,Primera A,Atletico Nacional,Visitante,0 - 0,Luis Paredes,,F,45,7.0,True,0,0,0,0,10,8%,2,1,1,3,2,1,0,0,0,0.08,True,0.0,0.0,0.0,0.0,4.0,2.0,2023
match:2023-03-12:visitante:atletico_nacional,2023-03-12_Visitante_Atletico_Nacional.json,2023-03-12,Primera A,Atletico Nacional,Visitante,0 - 0,Nicolas Arevalo,,M,96,7.2,True,0,0,0,0,45,30%,4,1,0,9,5,2,0,1,0,0.3,True,0.0,0.0,0.0,0.0,4.6875,1.875,2023
match:2023-03-12:visitante:atletico_nacional,2023-03-12_Visitante_Atletico_Nacional.json,2023-03-12,Primera A,Atletico Nacional,Visitante,0 - 0,Omar Bertel,,D,36,6.9,False,0,0,1,0,13,12%,2,1,0,2,2,0,0,0,0,0.12,True,0.0,0.0,2.5,0.0,5.0,0.0,2023
match:2023-03-12:visitante:atletico_nacional,2023-03-12_Visitante_Atletico_Nacional.json,2023-03-12,Primera A,Atletico Nacional,Visitante,0 - 0,Ramiro Brochero,,F,0,,False,0,0,0,0,0,0%,0,0,0,0,0,0,0,0,0,0.0,False,,,,,,,2023
match:2023-03-12:visitante:atletico_nacional,2023-03-12_Visitante_Atletico_Nacional.json,2023-03-12,Primera A,Atletico Nacional,Visitante,0 - 0,Ricardo Rosales,,D,0,,False,0,0,0,0,0,0%,0,0,0,0,0,0,0,0,0,0.0,False,,,,,,,2023
match:2023-03-12:visitante:atletico_nacional,2023-03-12_Visitante_Atletico_Nacional.json,2023-03-12,Primera A,Atletico Nacional,Visitante,0 - 0,Yuber Quiñones,,F,25,6.6,False,0,0,1,1,5,4%,0,0,0,4,0,1,0,0,0,0.04,True,0.0,0.0,3.6,3.6,0.0,3.6,2023
match:2023-03-12:visitante:atletico_nacional,2023-03-12_Visitante_Atletico_Nacional.json,2023-03-12,Primera A,Atletico Nacional,Visitante,0 - 0,Álvaro Montero,,G,96,7.2,True,0,0,0,0,24,13%,0,0,0,2,2,0,0,0,0,0.13,True,0.0,0.0,0.0,0.0,1.875,0.0,2023
match:2023-03-12:visitante:atletico_nacional,2023-03-12_Visitante_Atletico_Nacional.json,2023-03-12,Primera A,Atletico Nacional,Visitante,0 - 0,Óscar Vanegas,,D,96,7.0,True,0,0,1,0,44,37%,0,3,0,6,3,2,1,0,0,0.37,True,0.0,0.0,0.9375,0.0,2.8125,1.875,2023
match:2023-03-16:visitante:atletico-mg,2023-03-16_Visitante_Atletico-MG.json,2023-03-16,CONMEBOL Libertadores,Atletico-MG,Visitante,3 - 1,Alex Moreno,,D,0,,False,0,0,0,0,0,0%,0,0,0,0,0,0,0,0,0,0.0,False,,,,,,,2023
match:2023-03-16:visitante:atletico-mg,2023-03-16_Visitante_Atletico-MG.json,2023-03-16,CONMEBOL Libertadores,Atletico-MG,Visitante,3 - 1,Daniel Cataño,,M,61,6.9,True,0,0,0,0,20,11%,4,1,0,20,11,3,4,0,0,0.11,True,0.0,0.0,0.0,0.0,16.229508196721312,4.426229508196721,2023
match:2023-03-16:visitante:atletico-mg,2023-03-16_Visitante_Atletico-MG.json,2023-03-16,CONMEBOL Libertadores,Atletico-MG,Visitante,3 - 1,Daniel Giraldo,,M,80,6.6,True,0,0,0,0,31,28%,2,0,1,9,4,3,1,0,0,0.28,True,0.0,0.0,0.0,0.0,4.5,3.375,2023
match:2023-03-16:visitante:atletico-mg,2023-03-16_Visitante_Atletico-MG.json,2023-03-16,CONMEBOL Libertadores,Atletico-MG,Visitante,3 - 1,David Macalister Silva,,M,90,7.0,True,0,1,1,0,49,38%,0,0,0,13,4,1,0,0,0,0.38,True,0.0,1.0,1.0,0.0,4.0,1.0,2023
match:2023-03-16:visitante:atletico-mg,2023-03-16_Visitante_Atletico-MG.json,2023-03-16,CONMEBOL Libertadores,Atletico-MG,Visitante,3 - 1,Edgar Guerra,,F,0,,False,0,0,0,0,0,0%,0,0,0,0,0,0,0,0,0,0.0,False,,,,,,,2023
match:2023-03-16:visitante:atletico-mg,2023-03-16_Visitante_Atletico-MG.json,2023-03-16,CONMEBOL Libertadores,Atletico-MG,Visitante,3 - 1,Elvis Perlaza,,D,90,6.0,True,0,0,0,0,39,32%,2,2,0,11,4,1,1,0,0,0.32,True,0.0,0.0,0.0,0.0,4.0,1.0,2023
match:2023-03-16:visitante:atletico-mg,2023-03-16_Visitante_Atletico-MG.json,2023-03-16,CONMEBOL Libertadores,Atletico-MG,Visitante,3 - 1,Fernando Uribe,,F,10,7.2,False,1,0,1,1,5,4%,0,0,0,0,0,0,0,0,0,0.04,True,9.0,0.0,9.0,9.0,0.0,0.0,2023
match:2023-03-16:visitante:atletico-mg,2023-03-16_Visitante_Atletico-MG.json,2023-03-16,CONMEBOL Libertadores,Atletico-MG,Visitante,3 - 1,Israel Alba,,D,0,,False,0,0,0,0,0,0%,0,0,0,0,0,0,0,0,0,0.0,False,,,,,,,2023
match:2023-03-16:visitante:atletico-mg,2023-03-16_Visitante_Atletico-MG.json,2023-03-16,CONMEBOL Libertadores,Atletico-MG,Visitante,3 - 1,Jader Valencia,,F,45,5.9,False,0,0,0,0,18,15%,0,2,1,15,3,1,1,0,0,0.15,True,0.0,0.0,0.0,0.0,6.0,2.0,2023
match:2023-03-16:visitante:atletico-mg,2023-03-16_Visitante_Atletico-MG.json,2023-03-16,CONMEBOL Libertadores,Atletico-MG,Visitante,3 - 1,Jorge Arias,,D,90,7.0,True,0,0,0,0,37,36%,4,2,1,14,10,2,0,0,0,0.36,True,0.0,0.0,0.0,0.0,10.0,2.0,2023
match:2023-03-16:visitante:atletico-mg,2023-03-16_Visitante_Atletico-MG.json,2023-03-16,CONMEBOL Libertadores,Atletico-MG,Visitante,3 - 1,Juan Moreno,,G,0,,False,0,0,0,0,0,0%,0,0,0,0,0,0,0,0,0,0.0,False,,,,,,,2023
match:2023-03-16:visitante:atletico-mg,2023-03-16_Visitante_Atletico-MG.json,2023-03-16,CONMEBOL Libertadores,Atletico-MG,Visitante,3 - 1,Juan Pablo Vargas,,D,90,5.9,True,0,0,0,0,28,21%,0,0,0,5,2,1,0,0,0,0.21,True,0.0,0.0,0.0,0.0,2.0,1.0,2023
match:2023-03-16:visitante:atletico-mg,2023-03-16_Visitante_Atletico-MG.json,2023-03-16,CONMEBOL Libertadores,Atletico-MG,Visitante,3 - 1,Juan Pereira,,M,45,6.2,True,0,0,1,1,7,4%,1,0,1,5,1,1,0,1,0,0.04,True,0.0,0.0,2.0,2.0,2.0,2.0,2023
match:2023-03-16:visitante:atletico-mg,2023-03-16_Visitante_Atletico-MG.json,2023-03-16,CONMEBOL Libertadores,Atletico-MG,Visitante,3 - 1,Kliver Moreno,,M,0,,False,0,0,0,0,0,0%,0,0,0,0,0,0,0,0,0,0.0,False,,,,,,,2023
match:2023-03-16:visitante:atletico-mg,2023-03-16_Visitante_Atletico-MG.json,2023-03-16,CONMEBOL Libertadores,Atletico-MG,Visitante,3 - 1,Larry Vásquez,,M,90,6.9,True,0,0,0,0,62,56%,2,1,0,9,5,0,2,0,0,0.56,True,0.0,0.0,0.0,0.0,5.0,0.0,2023
match:2023-03-16:visitante:atletico-mg,2023-03-16_Visitante_Atletico-MG.json,2023-03-16,CONMEBOL Libertadores,Atletico-MG,Visitante,3 - 1,Leonardo Castro,,F,87,6.9,True,0,0,2,2,15,8%,1,1,0,10,3,2,0,1,0,0.08,True,0.0,0.0,2.0689655172413794,2.0689655172413794,3.103448275862069,2.0689655172413794,2023
match:2023-03-16:visitante:atletico-mg,2023-03-16_Visitante_Atletico-MG.json,2023-03-16,CONMEBOL Libertadores,Atletico-MG,Visitante,3 - 1,Luis Paredes,,F,8,6.2,False,0,0,0,0,2,2%,0,0,0,1,0,0,0,0,0,0.02,True,0.0,0.0,0.0,0.0,0.0,0.0,2023
match:2023-03-16:visitante:atletico-mg,2023-03-16_Visitante_Atletico-MG.json,2023-03-16,CONMEBOL Libertadores,Atletico-MG,Visitante,3 - 1,Oscar Cortés,,M,29,6.5,False,0,0,0,0,11,10%,0,0,0,1,0,0,0,0,0,0.1,True,0.0,0.0,0.0,0.0,0.0,0.0,2023
match:2023-03-16:visitante:atletico-mg,2023-03-16_Visitante_Atletico-MG.json,2023-03-16,CONMEBOL Libertadores,Atletico-MG,Visitante,3 - 1,Yuber Quiñones,,F,0,,False,0,0,0,0,0,0%,0,0,0,0,0,0,0,0,0,0.0,False,,,,,,,2023
match:2023-03-16:visitante:atletico-mg,2023-03-16_Visitante_Atletico-MG.json,2023-03-16,CONMEBOL Libertadores,Atletico-MG,Visitante,3 - 1,Álvaro Montero,,G,90,5.9,True,0,0,0,0,25,13%,0,0,0,1,1,0,0,0,0,0.13,True,0.0,0.0,0.0,0.0,1.0,0.0,2023
match:2023-03-16:visitante:atletico-mg,2023-03-16_Visitante_Atletico-MG.json,2023-03-16,CONMEBOL Libertadores,Atletico-MG,Visitante,3 - 1,Óscar Vanegas,,D,90,6.7,True,0,0,0,0,40,37%,2,0,1,3,3,0,0,1,0,0.37,True,0.0,0.0,0.0,0.0,3.0,0.0,2023
match:2023-03-19:local:rionegro_aguilas,2023-03-19_Local_Rionegro_Aguilas.json,2023-03-19,Primera A,Rionegro Aguilas,Local,2 - 2,Daniel Cataño,,M,45,6.6,True,0,0,0,0,14,12%,1,1,0,8,5,2,2,1,0,0.12,True,0.0,0.0,0.0,0.0,10.0,4.0,2023
match:2023-03-19:local:rionegro_aguilas,2023-03-19_Local_Rionegro_Aguilas.json,2023-03-19,Primera A,Rionegro Aguilas,Local,2 - 2,Daniel Giraldo,,M,82,6.6,True,0,0,1,0,49,42%,1,1,0,6,3,3,2,1,0,0.42,True,0.0,0.0,1.0975609756097562,0.0,3.292682926829268,3.292682926829268,2023
match:2023-03-19:local:rionegro_aguilas,2023-03-19_Local_Rionegro_Aguilas.json,2023-03-19,Primera A,Rionegro Aguilas,Local,2 - 2,David Macalister Silva,,M,90,7.2,True,0,1,1,0,43,38%,3,0,0,10,7,1,2,0,0,0.38,True,0.0,1.0,1.0,0.0,7.0,1.0,2023
match:2023-03-19:local:rionegro_aguilas,2023-03-19_Local_Rionegro_Aguilas.json,2023-03-19,Primera A,Rionegro Aguilas,Local,2 - 2,Edgar Guerra,,F,27,6.6,False,0,0,1,1,8,6%,0,1,0,3,0,1,0,0,0,0.06,True,0.0,0.0,3.333333333333333,3.333333333333333,0.0,3.333333333333333,2023
match:2023-03-19:local:rionegro_aguilas,2023-03-19_Local_Rionegro_Aguilas.json,2023-03-19,Primera A,Rionegro Aguilas,Local,2 - 2,Elvis Perlaza,,D,90,6.5,True,0,0,0,0,52,50%,1,1,0,5,2,1,1,0,0,0.5,True,0.0,0.0,0.0,0.0,2.0,1.0,2023
match:2023-03-19:local:rionegro_aguilas,2023-03-19_Local_Rionegro_Aguilas.json,2023-03-19,Primera A,Rionegro Aguilas,Local,2 - 2,Fernando Uribe,,F,63,7.0,True,1,0,1,1,8,8%,0,0,0,1,0,1,0,0,0,0.08,True,1.4285714285714284,0.0,1.4285714285714284,1.4285714285714284,0.0,1.4285714285714284,2023
match:2023-03-19:local:rionegro_aguilas,2023-03-19_Local_Rionegro_Aguilas.json,2023-03-19,Primera A,Rionegro Aguilas,Local,2 - 2,Israel Alba,,D,0,,False,0,0,0,0,0,0%,0,0,0,0,0,0,0,0,0,0.0,False,,,,,,,2023
match:2023-03-19:local:rionegro_aguilas,2023-03-19_Local_Rionegro_Aguilas.json,2023-03-19,Primera A,Rionegro Aguilas,Local,2 - 2,Jader Valencia,,F,45,6.9,False,0,0,2,0,10,8%,2,0,1,11,4,1,0,0,0,0.08,True,0.0,0.0,4.0,0.0,8.0,2.0,2023
match:2023-03-19:local:rionegro_aguilas,2023-03-19_Local_Rionegro_Aguilas.json,2023-03-19,Primera A,Rionegro Aguilas,Local,2 - 2,Jorge Arias,,D,0,,False,0,0,0,0,0,0%,0,0,0,0,0,0,0,0,0,0.0,False,,,,,,,2023
match:2023-03-19:local:rionegro_aguilas,2023-03-19_Local_Rionegro_Aguilas.json,2023-03-19,Primera A,Rionegro Aguilas,Local,2 - 2,Juan Moreno,,G,0,,False,0,0,0,0,0,0%,0,0,0,0,0,0,0,0,0,0.0,False,,,,,,,2023
match:2023-03-19:local:rionegro_aguilas,2023-03-19_Local_Rionegro_Aguilas.json,2023-03-19,Primera A,Rionegro Aguilas,Local,2 - 2,Juan Pablo Vargas,,D,90,6.7,True,0,0,1,0,54,45%,0,0,0,5,3,0,0,0,0,0.45,True,0.0,0.0,1.0,0.0,3.0,0.0,2023
match:2023-03-19:local:rionegro_aguilas,2023-03-19_Local_Rionegro_Aguilas.json,2023-03-19,Primera A,Rionegro Aguilas,Local,2 - 2,Juan Pereira,,M,8,6.9,False,0,0,0,0,4,4%,1,2,0,1,1,0,0,0,0,0.04,True,0.0,0.0,0.0,0.0,11.25,0.0,2023
match:2023-03-19:local:rionegro_aguilas,2023-03-19_Local_Rionegro_Aguilas.json,2023-03-19,Primera A,Rionegro Aguilas,Local,2 - 2,Larry Vásquez,,M,90,6.9,True,0,0,1,0,66,61%,2,0,1,11,5,2,1,1,0,0.61,True,0.0,0.0,1.0,0.0,5.0,2.0,2023
match:2023-03-19:local:rionegro_aguilas,2023-03-19_Local_Rionegro_Aguilas.json,2023-03-19,Primera A,Rionegro Aguilas,Local,2 - 2,Luis Paredes,,M,62,6.6,True,1,0,1,1,20,16%,0,0,0,9,4,0,4,0,0,0.16,True,1.4516129032258065,0.0,1.4516129032258065,1.4516129032258065,5.806451612903226,0.0,2023
match:2023-03-19:local:rionegro_aguilas,2023-03-19_Local_Rionegro_Aguilas.json,2023-03-19,Primera A,Rionegro Aguilas,Local,2 - 2,Samuel Asprilla,,D,90,7.6,True,0,1,1,1,42,36%,2,2,0,4,3,0,0,0,0,0.36,True,0.0,1.0,1.0,1.0,3.0,0.0,2023
match:2023-03-19:local:rionegro_aguilas,2023-03-19_Local_Rionegro_Aguilas.json,2023-03-19,Primera A,Rionegro Aguilas,Local,2 - 2,Yuber Quiñones,,F,28,7.3,False,0,0,1,0,11,8%,0,1,0,1,1,0,1,0,0,0.08,True,0.0,0.0,3.214285714285714,0.0,3.214285714285714,0.0,2023
match:2023-03-19:local:rionegro_aguilas,2023-03-19_Local_Rionegro_Aguilas.json,2023-03-19,Primera A,Rionegro Aguilas,Local,2 - 2,Álvaro Montero,,G,90,6.5,True,0,0,0,0,20,14%,0,0,0,0,0,0,0,0,0,0.14,True,0.0,0.0,0.0,0.0,0.0,0.0,2023
match:2023-03-19:local:rionegro_aguilas,2023-03-19_Local_Rionegro_Aguilas.json,2023-03-19,Primera A,Rionegro Aguilas,Local,2 - 2,Óscar Vanegas,,D,90,6.3,True,0,0,0,0,44,36%,1,0,0,4,4,0,0,0,0,0.36,True,0.0,0.0,0.0,0.0,4.0,0.0,2023
match:2023-03-23:local:deportivo_pasto,2023-03-23_Local_Deportivo_Pasto.json,2023-03-23,Primera A,Deportivo Pasto,Local,2 - 0,Andrés Llinás,,D,11,7.0,False,0,1,0,0,0,0%,0,0,0,1,0,0,0,0,0,0.0,True,0.0,8.181818181818182,0.0,0.0,0.0,0.0,2023
match:2023-03-23:local:deportivo_pasto,2023-03-23_Local_Deportivo_Pasto.json,2023-03-23,Primera A,Deportivo Pasto,Local,2 - 0,Beckham Castro,,F,2,,False,0,0,0,0,0,0%,0,0,0,0,0,0,0,0,0,0.0,True,0.0,0.0,0.0,0.0,0.0,0.0,2023
match:2023-03-23:local:deportivo_pasto,2023-03-23_Local_Deportivo_Pasto.json,2023-03-23,Primera A,Deportivo Pasto,Local,2 - 0,Camilo Andrés Romero Jiménez,,G,0,,False,0,0,0,0,0,0%,0,0,0,0,0,0,0,0,0,0.0,False,,,,,,,2023
match:2023-03-23:local:deportivo_pasto,2023-03-23_Local_Deportivo_Pasto.json,2023-03-23,Primera A,Deportivo Pasto,Local,2 - 0,Daniel Cataño,,M,96,6.9,True,0,0,1,0,62,56%,3,0,0,25,12,2,4,1,0,0.56,True,0.0,0.0,0.9375,0.0,11.25,1.875,2023
match:2023-03-23:local:deportivo_pasto,2023-03-23_Local_Deportivo_Pasto.json,2023-03-23,Primera A,Deportivo Pasto,Local,2 - 0,Daniel Giraldo,,M,97,6.3,True,0,0,1,0,89,83%,0,0,0,9,3,2,2,0,0,0.83,True,0.0,0.0,0.9278350515463918,0.0,2.783505154639175,1.8556701030927836,2023
match:2023-03-23:local:deportivo_pasto,2023-03-23_Local_Deportivo_Pasto.json,2023-03-23,Primera A,Deportivo Pasto,Local,2 - 0,David Macalister Silva,,M,91,6.9,True,0,0,0,0,71,61%,3,0,0,15,7,3,3,1,0,0.61,True,0.0,0.0,0.0,0.0,6.923076923076923,2.967032967032967,2023
match:2023-03-23:local:deportivo_pasto,2023-03-23_Local_Deportivo_Pasto.json,2023-03-23,Primera A,Deportivo Pasto,Local,2 - 0,Elvis Perlaza,,D,0,,False,0,0,0,0,0,0%,0,0,0,0,0,0,0,0,0,0.0,False,,,,,,,2023
match:2023-03-23:local:deportivo_pasto,2023-03-23_Local_Deportivo_Pasto.json,2023-03-23,Primera A,Deportivo Pasto,Local,2 - 0,Fernando Uribe,,F,95,7.0,True,1,0,2,2,16,14%,1,0,0,2,1,1,0,1,0,0.14,True,0.9473684210526315,0.0,1.894736842105263,1.894736842105263,0.9473684210526315,0.9473684210526315,2023
match:2023-03-23:local:deportivo_pasto,2023-03-23_Local_Deportivo_Pasto.json,2023-03-23,Primera A,Deportivo Pasto,Local,2 - 0,Israel Alba,,D,97,7.3,True,1,0,1,1,36,32%,2,1,0,13,4,3,0,1,0,0.32,True,0.9278350515463918,0.0,0.9278350515463918,0.9278350515463918,3.711340206185567,2.783505154639175,2023
match:2023-03-23:local:deportivo_pasto,2023-03-23_Local_Deportivo_Pasto.json,2023-03-23,Primera A,Deportivo Pasto,Local,2 - 0,Jorge Arias,,D,97,7.5,True,0,0,0,0,58,47%,1,3,2,4,3,0,0,0,0,0.47,True,0.0,0.0,0.0,0.0,2.783505154639175,0.0,2023
match:2023-03-23:local:deportivo_pasto,2023-03-23_Local_Deportivo_Pasto.json,2023-03-23,Primera A,Deportivo Pasto,Local,2 - 0,Juan Moreno,,G,97,7.2,True,0,0,0,0,13,12%,0,0,0,0,0,0,0,0,0,0.12,True,0.0,0.0,0.0,0.0,0.0,0.0,2023
match:2023-03-23:local:deportivo_pasto,2023-03-23_Local_Deportivo_Pasto.json,2023-03-23,Primera A,Deportivo Pasto,Local,2 - 0,Juan Pereira,,M,97,8.3,True,0,0,1,1,68,62%,1,6,0,5,4,1,1,0,0,0.62,True,0.0,0.0,0.9278350515463918,0.9278350515463918,3.711340206185567,0.9278350515463918,2023
match:2023-03-23:local:deportivo_pasto,2023-03-23_Local_Deportivo_Pasto.json,2023-03-23,Primera A,Deportivo Pasto,Local,2 - 0,Kliver Moreno,,M,6,,False,0,0,0,0,2,0%,0,0,0,0,0,0,0,0,0,0.0,True,0.0,0.0,0.0,0.0,0.0,0.0,2023
match:2023-03-23:local:deportivo_pasto,2023-03-23_Local_Deportivo_Pasto.json,2023-03-23,Primera A,Deportivo Pasto,Local,2 - 0,Luis Paredes,,F,52,6.3,False,0,0,1,0,13,10%,0,1,0,4,1,0,1,0,0,0.1,True,0.0,0.0,1.7307692307692308,0.0,1.7307692307692308,0.0,2023
match:2023-03-23:local:deportivo_pasto,2023-03-23_Local_Deportivo_Pasto.json,2023-03-23,Primera A,Deportivo Pasto,Local,2 - 0,Ramiro Brochero,,F,1,,False,0,0,0,0,0,0%,0,0,0,1,0,0,0,0,0,0.0,True,0.0,0.0,0.0,0.0,0.0,0.0,2023
match:2023-03-23:local:deportivo_pasto,2023-03-23_Local_Deportivo_Pasto.json,2023-03-23,Primera A,Deportivo Pasto,Local,2 - 0,Samuel Asprilla,,D,97,7.2,True,0,0,0,0,36,33%,2,1,0,9,5,1,0,0,0,0.33,True,0.0,0.0,0.0,0.0,4.639175257731958,0.9278350515463918,2023
match:2023-03-23:local:deportivo_pasto,2023-03-23_Local_Deportivo_Pasto.json,2023-03-23,Primera A,Deportivo Pasto,Local,2 - 0,Yuber Quiñones,,M,45,6.2,True,0,0,0,0,4,3%,1,0,0,7,1,1,0,0,0,0.03,True,0.0,0.0,0.0,0.0,2.0,2.0,2023
match:2023-03-23:local:deportivo_pasto,2023-03-23_Local_Deportivo_Pasto.json,2023-03-23,Primera A,Deportivo Pasto,Local,2 - 0,Óscar Vanegas,,D,86,7.0,True,0,0,1,1,59,53%,0,2,0,6,2,3,0,0,0,0.53,True,0.0,0.0,1.0465116279069768,1.0465116279069768,2.0930232558139537,3.13953488372093,2023
match:2023-03-27:visitante:santa_fe,2023-03-27_Visitante_Santa_Fe.json,2023-03-27,Primera A,Santa Fe,Visitante,1 - 2,Alex Moreno,,D,1,,False,0,0,0,0,0,0%,0,0,0,0,0,0,0,0,0,0.0,True,0.0,0.0,0.0,0.0,0.0,0.0,2023
match:2023-03-27:visitante:santa_fe,2023-03-27_Visitante_Santa_Fe.json,2023-03-27,Primera A,Santa Fe,Visitante,1 - 2,Andrés Llinás,,D,90,7.3,True,0,0,1,0,34,29%,2,6,1,8,4,1,1,1,0,0.29,True,0.0,0.0,1.0,0.0,4.0,1.0,2023
match:2023-03-27:visitante:santa_fe,2023-03-27_Visitante_Santa_Fe.json,2023-03-27,Primera A,Santa Fe,Visitante,1 - 2,Camilo Andrés Romero Jiménez,,G,0,,False,0,0,0,0,0,0%,0,0,0,0,0,0,0,0,0,0.0,False,,,,,,,2023
match:2023-03-27:visitante:santa_fe,2023-03-27_Visitante_Santa_Fe.json,2023-03-27,Primera A,Santa Fe,Visitante,1 - 2,Daniel Cataño,,F,90,8.0,True,0,0,2,1,59,51%,5,0,0,28,19,3,6,0,0,0.51,True,0.0,0.0,2.0,1.0,19.0,3.0,2023
match:2023-03-27:visitante:santa_fe,2023-03-27_Visitante_Santa_Fe.json,2023-03-27,Primera A,Santa Fe,Visitante,1 - 2,Daniel Giraldo,,M,90,6.3,True,0,0,0,0,62,56%,1,0,0,12,5,0,2,0,0,0.56,True,0.0,0.0,0.0,0.0,5.0,0.0,2023
match:2023-03-27:visitante:santa_fe,2023-03-27_Visitante_Santa_Fe.json,2023-03-27,Primera A,Santa Fe,Visitante,1 - 2,David Macalister Silva,,F,89,9.2,True,2,0,5,4,43,38%,1,0,0,7,5,0,2,0,0,0.38,True,2.0224719101123596,0.0,5.056179775280898,4.044943820224719,5.056179775280898,0.0,2023
match:2023-03-27:visitante:santa_fe,2023-03-27_Visitante_Santa_Fe.json,2023-03-27,Primera A,Santa Fe,Visitante,1 - 2,Elvis Perlaza,,D,45,6.2,True,0,0,0,0,28,21%,2,0,0,7,2,1,0,1,0,0.21,True,0.0,0.0,0.0,0.0,4.0,2.0,2023
match:2023-03-27:visitante:santa_fe,2023-03-27_Visitante_Santa_Fe.json,2023-03-27,Primera A,Santa Fe,Visitante,1 - 2,Fernando Uribe,,F,45,6.7,True,0,0,0,0,16,12%,0,0,0,1,1,0,0,0,0,0.12,True,0.0,0.0,0.0,0.0,2.0,0.0,2023
match:2023-03-27:visitante:santa_fe,2023-03-27_Visitante_Santa_Fe.json,2023-03-27,Primera A,Santa Fe,Visitante,1 - 2,Jorge Arias,,D,90,7.2,True,0,0,0,0,34,27%,1,4,3,4,2,2,0,0,0,0.27,True,0.0,0.0,0.0,0.0,2.0,2.0,2023
match:2023-03-27:visitante:santa_fe,2023-03-27_Visitante_Santa_Fe.json,2023-03-27,Primera A,Santa Fe,Visitante,1 - 2,Juan Moreno,,G,90,6.9,True,0,0,0,0,17,8%,0,0,0,0,0,0,0,0,0,0.08,True,0.0,0.0,0.0,0.0,0.0,0.0,2023
match:2023-03-27:visitante:santa_fe,2023-03-27_Visitante_Santa_Fe.json,2023-03-27,Primera A,Santa Fe,Visitante,1 - 2,Juan Pereira,,M,88,7.0,True,0,0,1,0,52,46%,2,3,0,6,4,0,1,0,0,0.46,True,0.0,0.0,1.0227272727272727,0.0,4.090909090909091,0.0,2023
match:2023-03-27:visitante:santa_fe,2023-03-27_Visitante_Santa_Fe.json,2023-03-27,Primera A,Santa Fe,Visitante,1 - 2,Kliver Moreno,,M,2,,False,0,0,0,0,3,3%,1,0,0,1,1,0,0,0,0,0.03,True,0.0,0.0,0.0,0.0,45.0,0.0,2023
match:2023-03-27:visitante:santa_fe,2023-03-27_Visitante_Santa_Fe.json,2023-03-27,Primera A,Santa Fe,Visitante,1 - 2,Larry Vásquez,,M,90,6.6,True,0,0,0,0,44,39%,1,0,0,3,2,1,0,0,0,0.39,True,0.0,0.0,0.0,0.0,2.0,1.0,2023
match:2023-03-27:visitante:santa_fe,2023-03-27_Visitante_Santa_Fe.json,2023-03-27,Primera A,Santa Fe,Visitante,1 - 2,Luis Paredes,,F,12,6.2,False,0,0,0,0,5,5%,0,0,0,2,0,0,0,0,0,0.05,True,0.0,0.0,0.0,0.0,0.0,0.0,2023
match:2023-03-27:visitante:santa_fe,2023-03-27_Visitante_Santa_Fe.json,2023-03-27,Primera A,Santa Fe,Visitante,1 - 2,Ramiro Brochero,,F,38,6.3,False,0,0,0,0,7,6%,0,0,0,5,2,1,1,0,0,0.06,True,0.0,0.0,0.0,0.0,4.7368421052631575,2.3684210526315788,2023
match:2023-03-27:visitante:santa_fe,2023-03-27_Visitante_Santa_Fe.json,2023-03-27,Primera A,Santa Fe,Visitante,1 - 2,Ricardo Rosales,,D,45,6.7,False,0,0,0,0,11,7%,0,2,0,3,0,1,0,0,0,0.07,True,0.0,0.0,0.0,0.0,0.0,2.0,2023
match:2023-03-27:visitante:santa_fe,2023-03-27_Visitante_Santa_Fe.json,2023-03-27,Primera A,Santa Fe,Visitante,1 - 2,Samuel Asprilla,,D,90,6.3,True,0,0,0,0,39,27%,1,3,1,6,2,2,0,0,0,0.27,True,0.0,0.0,0.0,0.0,2.0,2.0,2023
match:2023-03-27:visitante:santa_fe,2023-03-27_Visitante_Santa_Fe.json,2023-03-27,Primera A,Santa Fe,Visitante,1 - 2,Yuber Quiñones,,F,0,,False,0,0,0,0,0,0%,0,0,0,0,0,0,0,0,0,0.0,False,,,,,,,2023
match:2023-03-30:visitante:deportes_tolima,2023-03-30_Visitante_Deportes_Tolima.json,2023-03-30,Primera A,Deportes Tolima,Visitante,1 - 1,Alex Moreno,,D,1,,False,0,0,0,0,1,0%,0,0,0,0,0,0,0,0,0,0.0,True,0.0,0.0,0.0,0.0,0.0,0.0,2023
match:2023-03-30:visitante:deportes_tolima,2023-03-30_Visitante_Deportes_Tolima.json,2023-03-30,Primera A,Deportes Tolima,Visitante,1 - 1,Andrés Llinás,,D,90,7.5,True,0,0,0,0,36,34%,1,4,1,4,3,1,0,0,0,0.34,True,0.0,0.0,0.0,0.0,3.0,1.0,2023
match:2023-03-30:visitante:deportes_tolima,2023-03-30_Visitante_Deportes_Tolima.json,2023-03-30,Primera A,Deportes Tolima,Visitante,1 - 1,Camilo Andrés Romero Jiménez,,G,0,,False,0,0,0,0,0,0%,0,0,0,0,0,0,0,0,0,0.0,False,,,,,,,2023
match:2023-03-30:visitante:deportes_tolima,2023-03-30_Visitante_Deportes_Tolima.json,2023-03-30,Primera A,Deportes Tolima,Visitante,1 - 1,Daniel Cataño,,F,76,7.9,True,0,0,2,1,53,44%,2,0,0,13,7,2,2,0,0,0.44,True,0.0,0.0,2.3684210526315788,1.1842105263157894,8.289473684210526,2.3684210526315788,2023
match:2023-03-30:visitante:deportes_tolima,2023-03-30_Visitante_Deportes_Tolima.json,2023-03-30,Primera A,Deportes Tolima,Visitante,1 - 1,Daniel Giraldo,,M,90,6.3,True,0,0,1,1,56,51%,1,0,0,7,1,1,0,0,0,0.51,True,0.0,0.0,1.0,1.0,1.0,1.0,2023
match:2023-03-30:visitante:deportes_tolima,2023-03-30_Visitante_Deportes_Tolima.json,2023-03-30,Primera A,Deportes Tolima,Visitante,1 - 1,David Macalister Silva,,F,80,6.5,True,0,0,0,0,55,46%,1,0,0,8,1,2,0,0,0,0.46,True,0.0,0.0,0.0,0.0,1.125,2.25,2023
match:2023-03-30:visitante:deportes_tolima,2023-03-30_Visitante_Deportes_Tolima.json,2023-03-30,Primera A,Deportes Tolima,Visitante,1 - 1,Edgar Guerra,,F,14,6.2,False,0,0,0,0,5,5%,0,0,0,2,0,0,0,0,0,0.05,True,0.0,0.0,0.0,0.0,0.0,0.0,2023
match:2023-03-30:visitante:deportes_tolima,2023-03-30_Visitante_Deportes_Tolima.json,2023-03-30,Primera A,Deportes Tolima,Visitante,1 - 1,Elvis Perlaza,,D,90,6.9,True,0,0,0,0,38,33%,2,1,1,4,2,1,0,1,0,0.33,True,0.0,0.0,0.0,0.0,2.0,1.0,2023
match:2023-03-30:visitante:deportes_tolima,2023-03-30_Visitante_Deportes_Tolima.json,2023-03-30,Primera A,Deportes Tolima,Visitante,1 - 1,Jorge Arias,,D,90,7.3,True,0,0,0,0,59,47%,3,1,2,6,4,0,0,0,0,0.47,True,0.0,0.0,0.0,0.0,4.0,0.0,2023
match:2023-03-30:visitante:deportes_tolima,2023-03-30_Visitante_Deportes_Tolima.json,2023-03-30,Primera A,Deportes Tolima,Visitante,1 - 1,Juan Moreno,,G,90,8.2,True,0,0,0,0,32,17%,0,0,0,2,2,0,0,0,0,0.17,True,0.0,0.0,0.0,0.0,2.0,0.0,2023
match:2023-03-30:visitante:deportes_tolima,2023-03-30_Visitante_Deportes_Tolima.json,2023-03-30,Primera A,Deportes Tolima,Visitante,1 - 1,Juan Pereira,,M,89,6.9,True,0,0,0,0,52,40%,1,2,0,7,6,0,4,0,0,0.4,True,0.0,0.0,0.0,0.0,6.067415730337078,0.0,2023
match:2023-03-30:visitante:deportes_tolima,2023-03-30_Visitante_Deportes_Tolima.json,2023-03-30,Primera A,Deportes Tolima,Visitante,1 - 1,Kliver Moreno,,M,10,6.2,False,0,0,0,0,2,1%,0,0,0,1,0,0,0,0,0,1.0,True,0.0,0.0,0.0,0.0,0.0,0.0,2023
match:2023-03-30:visitante:deportes_tolima,2023-03-30_Visitante_Deportes_Tolima.json,2023-03-30,Primera A,Deportes Tolima,Visitante,1 - 1,Larry Vásquez,,M,89,7.7,True,0,0,0,0,62,56%,4,4,1,11,7,3,1,1,0,0.56,True,0.0,0.0,0.0,0.0,7.078651685393258,3.033707865168539,2023
match:2023-03-30:visitante:deportes_tolima,2023-03-30_Visitante_Deportes_Tolima.json,2023-03-30,Primera A,Deportes Tolima,Visitante,1 - 1,Leonardo Castro,,F,77,6.5,True,0,0,1,0,17,12%,1,0,0,5,4,0,1,0,0,0.12,True,0.0,0.0,1.168831168831169,0.0,4.675324675324676,0.0,2023
match:2023-03-30:visitante:deportes_tolima,2023-03-30_Visitante_Deportes_Tolima.json,2023-03-30,Primera A,Deportes Tolima,Visitante,1 - 1,Ramiro Brochero,,F,13,6.5,False,0,0,0,0,5,3%,0,0,0,3,1,1,0,1,0,0.03,True,0.0,0.0,0.0,0.0,6.923076923076923,6.923076923076923,2023
match:2023-03-30:visitante:deportes_tolima,2023-03-30_Visitante_Deportes_Tolima.json,2023-03-30,Primera A,Deportes Tolima,Visitante,1 - 1,Ricardo Rosales,,D,0,,False,0,0,0,0,0,0%,0,0,0,0,0,0,0,0,0,0.0,False,,,,,,,2023
match:2023-03-30:visitante:deportes_tolima,2023-03-30_Visitante_Deportes_Tolima.json,2023-03-30,Primera A,Deportes Tolima,Visitante,1 - 1,Samuel Asprilla,,D,90,5.6,True,0,0,0,0,38,30%,1,0,0,8,1,1,0,0,0,0.3,True,0.0,0.0,0.0,0.0,1.0,1.0,2023
match:2023-03-30:visitante:deportes_tolima,2023-03-30_Visitante_Deportes_Tolima.json,2023-03-30,Primera A,Deportes Tolima,Visitante,1 - 1,Yuber Quiñones,,F,1,,False,0,0,0,0,1,1%,0,0,0,0,0,0,0,0,0,1.0,True,0.0,0.0,0.0,0.0,0.0,0.0,2023
match:2023-04-02:visitante:bucaramanga,2023-04-02_Visitante_Bucaramanga.json,2023-04-02,Primera A,Bucaramanga,Visitante,0 - 2,Alex Moreno,,D,90,6.9,True,0,0,0,0,41,26%,2,1,0,7,4,1,0,1,0,0.26,True,0.0,0.0,0.0,0.0,4.0,1.0,2023
match:2023-04-02:visitante:bucaramanga,2023-04-02_Visitante_Bucaramanga.json,2023-04-02,Primera A,Bucaramanga,Visitante,0 - 2,Andrés Murillo,,D,1,,False,0,0,0,0,1,0%,0,0,0,1,0,1,0,0,0,0.0,True,0.0,0.0,0.0,0.0,0.0,90.0,2023
match:2023-04-02:visitante:bucaramanga,2023-04-02_Visitante_Bucaramanga.json,2023-04-02,Primera A,Bucaramanga,Visitante,0 - 2,Beckham Castro,,F,1,,False,0,0,0,0,3,2%,0,0,0,2,1,0,1,0,0,0.02,True,0.0,0.0,0.0,0.0,90.0,0.0,2023
match:2023-04-02:visitante:bucaramanga,2023-04-02_Visitante_Bucaramanga.json,2023-04-02,Primera A,Bucaramanga,Visitante,0 - 2,Dewar Victoria,,M,14,6.3,False,0,0,0,0,8,6%,1,0,0,3,1,1,0,1,0,0.06,True,0.0,0.0,0.0,0.0,6.428571428571428,6.428571428571428,2023
match:2023-04-02:visitante:bucaramanga,2023-04-02_Visitante_Bucaramanga.json,2023-04-02,Primera A,Bucaramanga,Visitante,0 - 2,Edgar Guerra,,M,76,7.0,True,0,0,0,0,28,21%,2,2,0,12,7,1,1,1,0,0.21,True,0.0,0.0,0.0,0.0,8.289473684210526,1.1842105263157894,2023
match:2023-04-02:visitante:bucaramanga,2023-04-02_Visitante_Bucaramanga.json,2023-04-02,Primera A,Bucaramanga,Visitante,0 - 2,Israel Alba,,D,0,,False,0,0,0,0,0,0%,0,0,0,0,0,0,0,0,0,0.0,False,,,,,,,2023
match:2023-04-02:visitante:bucaramanga,2023-04-02_Visitante_Bucaramanga.json,2023-04-02,Primera A,Bucaramanga,Visitante,0 - 2,Jorge Arias,,D,90,6.6,True,0,0,0,0,33,28%,0,1,1,5,1,2,0,1,0,0.28,True,0.0,0.0,0.0,0.0,1.0,2.0,2023
match:2023-04-02:visitante:bucaramanga,2023-04-02_Visitante_Bucaramanga.json,2023-04-02,Primera A,Bucaramanga,Visitante,0 - 2,Juan Moreno,,G,0,,False,0,0,0,0,0,0%,0,0,0,0,0,0,0,0,0,0.0,False,,,,,,,2023
match:2023-04-02:visitante:bucaramanga,2023-04-02_Visitante_Bucaramanga.json,2023-04-02,Primera A,Bucaramanga,Visitante,0 - 2,Juan Pablo Vargas,,D,90,7.7,True,0,0,2,0,47,39%,2,2,1,7,4,0,0,0,0,0.39,True,0.0,0.0,2.0,0.0,4.0,0.0,2023
match:2023-04-02:visitante:bucaramanga,2023-04-02_Visitante_Bucaramanga.json,2023-04-02,Primera A,Bucaramanga,Visitante,0 - 2,Kliver Moreno,,M,76,6.3,True,0,0,0,0,45,37%,0,2,1,7,2,1,1,0,0,0.37,True,0.0,0.0,0.0,0.0,2.3684210526315788,1.1842105263157894,2023
match:2023-04-02:visitante:bucaramanga,2023-04-02_Visitante_Bucaramanga.json,2023-04-02,Primera A,Bucaramanga,Visitante,0 - 2,Luis Carlos Ruiz Morales,,F,23,7.2,False,1,0,1,1,13,9%,0,0,0,2,1,0,1,0,0,0.09,True,3.9130434782608696,0.0,3.9130434782608696,3.9130434782608696,3.9130434782608696,0.0,2023
match:2023-04-02:visitante:bucaramanga,2023-04-02_Visitante_Bucaramanga.json,2023-04-02,Primera A,Bucaramanga,Visitante,0 - 2,Luis Paredes,,F,14,6.5,False,0,0,0,0,3,2%,0,0,0,2,0,0,0,0,0,0.02,True,0.0,0.0,0.0,0.0,0.0,0.0,2023
match:2023-04-02:visitante:bucaramanga,2023-04-02_Visitante_Bucaramanga.json,2023-04-02,Primera A,Bucaramanga,Visitante,0 - 2,Oscar Cortés,,M,89,6.3,True,0,0,3,3,44,39%,0,0,1,11,5,2,1,0,0,0.39,True,0.0,0.0,3.033707865168539,3.033707865168539,5.056179775280898,2.0224719101123596,2023
match:2023-04-02:visitante:bucaramanga,2023-04-02_Visitante_Bucaramanga.json,2023-04-02,Primera A,Bucaramanga,Visitante,0 - 2,Ramiro Brochero,,F,67,6.6,True,0,0,2,0,15,8%,1,0,0,9,4,1,1,0,0,0.08,True,0.0,0.0,2.6865671641791042,0.0,5.3731343283582085,1.3432835820895521,2023
match:2023-04-02:visitante:bucaramanga,2023-04-02_Visitante_Bucaramanga.json,2023-04-02,Primera A,Bucaramanga,Visitante,0 - 2,Ricardo Rosales,,D,90,6.9,True,0,0,0,0,34,27%,2,0,0,7,4,2,1,0,0,0.27,True,0.0,0.0,0.0,0.0,4.0,2.0,2023
match:2023-04-02:visitante:bucaramanga,2023-04-02_Visitante_Bucaramanga.json,2023-04-02,Primera A,Bucaramanga,Visitante,0 - 2,Stiven Vega,,M,90,6.9,True,0,0,0,0,43,33%,3,1,0,8,5,0,1,0,0,0.33,True,0.0,0.0,0.0,0.0,5.0,0.0,2023
match:2023-04-02:visitante:bucaramanga,2023-04-02_Visitante_Bucaramanga.json,2023-04-02,Primera A,Bucaramanga,Visitante,0 - 2,Yuber Quiñones,,M,89,7.6,True,1,0,1,1,32,25%,0,1,0,12,7,1,4,0,0,0.25,True,1.0112359550561798,0.0,1.0112359550561798,1.0112359550561798,7.078651685393258,1.0112359550561798,2023
match:2023-04-02:visitante:bucaramanga,2023-04-02_Visitante_Bucaramanga.json,2023-04-02,Primera A,Bucaramanga,Visitante,0 - 2,Álvaro Montero,,G,90,7.3,True,0,0,0,0,24,14%,0,0,0,0,0,0,0,0,0,0.14,True,0.0,0.0,0.0,0.0,0.0,0.0,2023
match:2023-04-05:local:defensa_y_justicia,2023-04-05_Local_Defensa_Y_Justicia.json,2023-04-05,CONMEBOL Sudamericana,Defensa Y Justicia,Local,3 - 0,Alex Moreno,,D,0,,False,0,0,0,0,0,0%,0,0,0,0,0,0,0,0,0,0.0,False,,,,,,,2023
match:2023-04-05:local:defensa_y_justicia,2023-04-05_Local_Defensa_Y_Justicia.json,2023-04-05,CONMEBOL Sudamericana,Defensa Y Justicia,Local,3 - 0,Andrés Llinás,,D,90,7.2,True,0,0,0,0,45,41%,4,0,0,10,6,0,0,0,0,0.41,True,0.0,0.0,0.0,0.0,6.0,0.0,2023
match:2023-04-05:local:defensa_y_justicia,2023-04-05_Local_Defensa_Y_Justicia.json,2023-04-05,CONMEBOL Sudamericana,Defensa Y Justicia,Local,3 - 0,Daniel Cataño,,M,88,7.2,True,0,0,2,0,54,40%,0,0,0,10,6,0,1,0,0,0.4,True,0.0,0.0,2.0454545454545454,0.0,6.136363636363636,0.0,2023
match:2023-04-05:local:defensa_y_justicia,2023-04-05_Local_Defensa_Y_Justicia.json,2023-04-05,CONMEBOL Sudamericana,Defensa Y Justicia,Local,3 - 0,Daniel Giraldo,,M,90,6.7,True,0,0,1,0,65,58%,0,0,0,5,1,1,0,1,0,0.58,True,0.0,0.0,1.0,0.0,1.0,1.0,2023
match:2023-04-05:local:defensa_y_justicia,2023-04-05_Local_Defensa_Y_Justicia.json,2023-04-05,CONMEBOL Sudamericana,Defensa Y Justicia,Local,3 - 0,David Macalister Silva,,M,89,8.2,True,1,0,4,3,72,59%,4,0,0,13,9,0,2,0,0,0.59,True,1.0112359550561798,0.0,4.044943820224719,3.033707865168539,9.101123595505618,0.0,2023
match:2023-04-05:local:defensa_y_justicia,2023-04-05_Local_Defensa_Y_Justicia.json,2023-04-05,CONMEBOL Sudamericana,Defensa Y Justicia,Local,3 - 0,Edgar Guerra,,F,1,,False,0,0,0,0,0,0%,0,0,0,0,0,0,0,0,0,0.0,True,0.0,0.0,0.0,0.0,0.0,0.0,2023
match:2023-04-05:local:defensa_y_justicia,2023-04-05_Local_Defensa_Y_Justicia.json,2023-04-05,CONMEBOL Sudamericana,Defensa Y Justicia,Local,3 - 0,Elvis Perlaza,,D,90,6.7,True,0,0,0,0,44,39%,1,1,0,9,2,1,0,0,0,0.39,True,0.0,0.0,0.0,0.0,2.0,1.0,2023
match:2023-04-05:local:defensa_y_justicia,2023-04-05_Local_Defensa_Y_Justicia.json,2023-04-05,CONMEBOL Sudamericana,Defensa Y Justicia,Local,3 - 0,Fernando Uribe,,F,0,,False,0,0,0,0,0,0%,0,0,0,0,0,0,0,0,0,0.0,False,,,,,,,2023
match:2023-04-05:local:defensa_y_justicia,2023-04-05_Local_Defensa_Y_Justicia.json,2023-04-05,CONMEBOL Sudamericana,Defensa Y Justicia,Local,3 - 0,Israel Alba,,D,0,,False,0,0,0,0,0,0%,0,0,0,0,0,0,0,0,0,0.0,False,,,,,,,2023
match:2023-04-05:local:defensa_y_justicia,2023-04-05_Local_Defensa_Y_Justicia.json,2023-04-05,CONMEBOL Sudamericana,Defensa Y Justicia,Local,3 - 0,Jorge Arias,,D,90,6.9,True,0,0,0,0,35,32%,3,0,0,8,4,1,0,1,0,0.32,True,0.0,0.0,0.0,0.0,4.0,1.0,2023
match:2023-04-05:local:defensa_y_justicia,2023-04-05_Local_Defensa_Y_Justicia.json,2023-04-05,CONMEBOL Sudamericana,Defensa Y Justicia,Local,3 - 0,Juan Moreno,,G,0,,False,0,0,0,0,0,0%,0,0,0,0,0,0,0,0,0,0.0,False,,,,,,,2023
match:2023-04-05:local:defensa_y_justicia,2023-04-05_Local_Defensa_Y_Justicia.json,2023-04-05,CONMEBOL Sudamericana,Defensa Y Justicia,Local,3 - 0,Juan Pablo Vargas,,D,90,7.5,True,0,1,1,0,59,49%,1,1,0,2,2,0,0,0,0,0.49,True,0.0,1.0,1.0,0.0,2.0,0.0,2023
match:2023-04-05:local:defensa_y_justicia,2023-04-05_Local_Defensa_Y_Justicia.json,2023-04-05,CONMEBOL Sudamericana,Defensa Y Justicia,Local,3 - 0,Juan Pereira,,M,10,6.9,False,0,0,0,0,7,7%,1,0,0,1,1,0,0,0,0,0.07,True,0.0,0.0,0.0,0.0,9.0,0.0,2023
match:2023-04-05:local:defensa_y_justicia,2023-04-05_Local_Defensa_Y_Justicia.json,2023-04-05,CONMEBOL Sudamericana,Defensa Y Justicia,Local,3 - 0,Larry Vásquez,,M,80,7.5,True,0,0,0,0,53,49%,5,0,0,10,8,1,1,0,0,0.49,True,0.0,0.0,0.0,0.0,9.0,1.125,2023
match:2023-04-05:local:defensa_y_justicia,2023-04-05_Local_Defensa_Y_Justicia.json,2023-04-05,CONMEBOL Sudamericana,Defensa Y Justicia,Local,3 - 0,Leonardo Castro,,F,80,9.5,True,2,1,4,3,19,14%,0,0,0,7,6,1,1,1,0,0.14,True,2.25,1.125,4.5,3.375,6.75,1.125,2023
match:2023-04-05:local:defensa_y_justicia,2023-04-05_Local_Defensa_Y_Justicia.json,2023-04-05,CONMEBOL Sudamericana,Defensa Y Justicia,Local,3 - 0,Luis Carlos Ruiz Morales,,F,10,6.5,False,0,0,0,0,4,3%,0,0,0,2,0,1,0,0,0,0.03,True,0.0,0.0,0.0,0.0,0.0,9.0,2023
match:2023-04-05:local:defensa_y_justicia,2023-04-05_Local_Defensa_Y_Justicia.json,2023-04-05,CONMEBOL Sudamericana,Defensa Y Justicia,Local,3 - 0,Luis Paredes,,F,0,,False,0,0,0,0,0,0%,0,0,0,0,0,0,0,0,0,0.0,False,,,,,,,2023
match:2023-04-05:local:defensa_y_justicia,2023-04-05_Local_Defensa_Y_Justicia.json,2023-04-05,CONMEBOL Sudamericana,Defensa Y Justicia,Local,3 - 0,Oscar Cortés,,M,89,7.3,True,0,0,1,0,52,40%,3,0,0,14,8,2,0,0,0,0.4,True,0.0,0.0,1.0112359550561798,0.0,8.089887640449438,2.0224719101123596,2023
match:2023-04-05:local:defensa_y_justicia,2023-04-05_Local_Defensa_Y_Justicia.json,2023-04-05,CONMEBOL Sudamericana,Defensa Y Justicia,Local,3 - 0,Ricardo Rosales,,D,0,,False,0,0,0,0,0,0%,0,0,0,0,0,0,0,0,0,0.0,False,,,,,,,2023
match:2023-04-05:local:defensa_y_justicia,2023-04-05_Local_Defensa_Y_Justicia.json,2023-04-05,CONMEBOL Sudamericana,Defensa Y Justicia,Local,3 - 0,Samuel Asprilla,,D,0,,False,0,0,0,0,0,0%,0,0,0,0,0,0,0,0,0,0.0,False,,,,,,,2023
match:2023-04-05:local:defensa_y_justicia,2023-04-05_Local_Defensa_Y_Justicia.json,2023-04-05,CONMEBOL Sudamericana,Defensa Y Justicia,Local,3 - 0,Stiven Vega,,M,1,,False,0,0,0,0,5,4%,0,0,0,0,0,0,0,0,0,0.04,True,0.0,0.0,0.0,0.0,0.0,0.0,2023
match:2023-04-05:local:defensa_y_justicia,2023-04-05_Local_Defensa_Y_Justicia.json,2023-04-05,CONMEBOL Sudamericana,Defensa Y Justicia,Local,3 - 0,Yuber Quiñones,,F,2,,False,0,0,1,1,4,3%,0,0,0,0,0,0,0,0,0,0.03,True,0.0,0.0,45.0,45.0,0.0,0.0,2023
match:2023-04-05:local:defensa_y_justicia,2023-04-05_Local_Defensa_Y_Justicia.json,2023-04-05,CONMEBOL Sudamericana,Defensa Y Justicia,Local,3 - 0,Álvaro Montero,,G,90,7.6,True,0,0,0,0,21,15%,0,0,0,0,0,0,0,0,0,0.15,True,0.0,0.0,0.0,0.0,0.0,0.0,2023
match:2023-04-09:local:independiente_medellin,2023-04-09_Local_Independiente_Medellin.json,2023-04-09,Primera A,Independiente Medellin,Local,2 - 1,Alex Moreno,,D,0,,False,0,0,0,0,0,0%,0,0,0,0,0,0,0,0,0,0.0,False,,,,,,,2023
match:2023-04-09:local:independiente_medellin,2023-04-09_Local_Independiente_Medellin.json,2023-04-09,Primera A,Independiente Medellin,Local,2 - 1,Andrés Llinás,,D,90,6.5,True,0,0,0,0,40,37%,1,0,0,5,2,2,1,1,0,0.37,True,0.0,0.0,0.0,0.0,2.0,2.0,2023
match:2023-04-09:local:independiente_medellin,2023-04-09_Local_Independiente_Medellin.json,2023-04-09,Primera A,Independiente Medellin,Local,2 - 1,Daniel Cataño,,M,89,8.7,True,0,2,1,1,78,70%,1,0,0,4,2,0,0,0,0,0.7,True,0.0,2.0224719101123596,1.0112359550561798,1.0112359550561798,2.0224719101123596,0.0,2023
match:2023-04-09:local:independiente_medellin,2023-04-09_Local_Independiente_Medellin.json,2023-04-09,Primera A,Independiente Medellin,Local,2 - 1,Daniel Giraldo,,M,67,6.6,True,0,0,0,0,40,39%,1,1,0,2,1,1,0,1,0,0.39,True,0.0,0.0,0.0,0.0,1.3432835820895521,1.3432835820895521,2023
match:2023-04-09:local:independiente_medellin,2023-04-09_Local_Independiente_Medellin.json,2023-04-09,Primera A,Independiente Medellin,Local,2 - 1,David Macalister Silva,,M,67,6.9,True,0,0,0,0,44,36%,2,0,0,3,2,0,0,0,0,0.36,True,0.0,0.0,0.0,0.0,2.6865671641791042,0.0,2023
match:2023-04-09:local:independiente_medellin,2023-04-09_Local_Independiente_Medellin.json,2023-04-09,Primera A,Independiente Medellin,Local,2 - 1,Edgar Guerra,,F,1,,False,0,0,0,0,2,2%,0,0,0,0,0,0,0,0,0,0.02,True,0.0,0.0,0.0,0.0,0.0,0.0,2023
match:2023-04-09:local:independiente_medellin,2023-04-09_Local_Independiente_Medellin.json,2023-04-09,Primera A,Independiente Medellin,Local,2 - 1,Elvis Perlaza,,D,90,6.9,True,0,0,0,0,51,47%,2,0,0,6,2,1,0,0,0,0.47,True,0.0,0.0,0.0,0.0,2.0,1.0,2023
match:2023-04-09:local:independiente_medellin,2023-04-09_Local_Independiente_Medellin.json,2023-04-09,Primera A,Independiente Medellin,Local,2 - 1,Jader Valencia,,F,24,7.5,False,1,0,1,1,11,8%,2,0,0,5,4,0,0,0,0,0.08,True,3.75,0.0,3.75,3.75,15.0,0.0,2023
match:2023-04-09:local:independiente_medellin,2023-04-09_Local_Independiente_Medellin.json,2023-04-09,Primera A,Independiente Medellin,Local,2 - 1,Jorge Arias,,D,90,6.9,True,0,0,0,0,63,53%,2,1,0,2,2,0,0,0,0,0.53,True,0.0,0.0,0.0,0.0,2.0,0.0,2023
match:2023-04-09:local:independiente_medellin,2023-04-09_Local_Independiente_Medellin.json,2023-04-09,Primera A,Independiente Medellin,Local,2 - 1,Juan Moreno,,G,0,,False,0,0,0,0,0,0%,0,0,0,0,0,0,0,0,0,0.0,False,,,,,,,2023
match:2023-04-09:local:independiente_medellin,2023-04-09_Local_Independiente_Medellin.json,2023-04-09,Primera A,Independiente Medellin,Local,2 - 1,Juan Pablo Vargas,,D,90,7.0,True,0,0,2,0,62,55%,3,1,0,7,5,1,0,0,0,0.55,True,0.0,0.0,2.0,0.0,5.0,1.0,2023
match:2023-04-09:local:independiente_medellin,2023-04-09_Local_Independiente_Medellin.json,2023-04-09,Primera A,Independiente Medellin,Local,2 - 1,Juan Pereira,,M,23,7.0,False,0,0,0,0,19,18%,2,1,0,2,2,0,0,0,0,0.18,True,0.0,0.0,0.0,0.0,7.826086956521739,0.0,2023
match:2023-04-09:local:independiente_medellin,2023-04-09_Local_Independiente_Medellin.json,2023-04-09,Primera A,Independiente Medellin,Local,2 - 1,Larry Vásquez,,M,66,6.9,True,0,0,0,0,57,54%,1,0,0,4,3,1,1,1,0,0.54,True,0.0,0.0,0.0,0.0,4.090909090909091,1.3636363636363638,2023
match:2023-04-09:local:independiente_medellin,2023-04-09_Local_Independiente_Medellin.json,2023-04-09,Primera A,Independiente Medellin,Local,2 - 1,Leonardo Castro,,F,87,6.9,True,0,0,1,1,22,18%,0,0,0,8,4,1,4,0,0,0.18,True,0.0,0.0,1.0344827586206897,1.0344827586206897,4.137931034482759,1.0344827586206897,2023
match:2023-04-09:local:independiente_medellin,2023-04-09_Local_Independiente_Medellin.json,2023-04-09,Primera A,Independiente Medellin,Local,2 - 1,Luis Carlos Ruiz Morales,,F,8,6.7,False,0,0,0,0,4,3%,0,0,0,0,0,0,0,0,0,0.03,True,0.0,0.0,0.0,0.0,0.0,0.0,2023
match:2023-04-09:local:independiente_medellin,2023-04-09_Local_Independiente_Medellin.json,2023-04-09,Primera A,Independiente Medellin,Local,2 - 1,Oscar Cortés,,M,90,7.6,True,1,0,5,5,59,53%,1,1,0,10,5,0,2,0,0,0.53,True,1.0,0.0,5.0,5.0,5.0,0.0,2023
match:2023-04-09:local:independiente_medellin,2023-04-09_Local_Independiente_Medellin.json,2023-04-09,Primera A,Independiente Medellin,Local,2 - 1,Stiven Vega,,M,23,6.3,False,0,0,0,0,17,14%,0,0,0,2,1,1,1,0,0,0.14,True,0.0,0.0,0.0,0.0,3.9130434782608696,3.9130434782608696,2023
match:2023-04-09:local:independiente_medellin,2023-04-09_Local_Independiente_Medellin.json,2023-04-09,Primera A,Independiente Medellin,Local,2 - 1,Álvaro Montero,,G,90,6.3,True,0,0,0,0,17,15%,0,0,0,0,0,0,0,0,0,0.15,True,0.0,0.0,0.0,0.0,0.0,0.0,2023
match:2023-04-12:visitante:huila,2023-04-12_Visitante_Huila.json,2023-04-12,Primera A,Huila,Visitante,1 - 1,Andrés Llinás,,D,90,6.9,True,0,0,0,0,51,43%,0,0,2,4,2,1,1,0,0,0.43,True,0.0,0.0,0.0,0.0,2.0,1.0,2023
match:2023-04-12:visitante:huila,2023-04-12_Visitante_Huila.json,2023-04-12,Primera A,Huila,Visitante,1 - 1,Daniel Cataño,,M,90,6.7,True,0,0,0,0,57,49%,0,0,0,8,5,0,4,0,0,0.49,True,0.0,0.0,0.0,0.0,5.0,0.0,2023
match:2023-04-12:visitante:huila,2023-04-12_Visitante_Huila.json,2023-04-12,Primera A,Huila,Visitante,1 - 1,Daniel Giraldo,,M,66,7.0,True,0,1,0,0,37,33%,1,1,0,2,2,0,0,0,0,0.33,True,0.0,1.3636363636363638,0.0,0.0,2.7272727272727275,0.0,2023
match:2023-04-12:visitante:huila,2023-04-12_Visitante_Huila.json,2023-04-12,Primera A,Huila,Visitante,1 - 1,David Macalister Silva,,M,25,6.6,False,0,0,0,0,15,12%,1,0,0,3,2,1,0,0,0,0.12,True,0.0,0.0,0.0,0.0,7.2,3.6,2023
match:2023-04-12:visitante:huila,2023-04-12_Visitante_Huila.json,2023-04-12,Primera A,Huila,Visitante,1 - 1,Edgar Guerra,,F,2,,False,0,0,0,0,4,2%,0,0,0,0,0,0,0,0,0,0.02,True,0.0,0.0,0.0,0.0,0.0,0.0,2023
match:2023-04-12:visitante:huila,2023-04-12_Visitante_Huila.json,2023-04-12,Primera A,Huila,Visitante,1 - 1,Elvis Perlaza,,D,90,6.3,True,0,0,0,0,47,37%,1,2,0,3,1,1,0,0,0,0.37,True,0.0,0.0,0.0,0.0,1.0,1.0,2023
match:2023-04-12:visitante:huila,2023-04-12_Visitante_Huila.json,2023-04-12,Primera A,Huila,Visitante,1 - 1,Jader Valencia,,F,45,6.5,False,0,0,0,0,8,8%,0,0,0,9,1,5,1,0,0,0.08,True,0.0,0.0,0.0,0.0,2.0,10.0,2023
match:2023-04-12:visitante:huila,2023-04-12_Visitante_Huila.json,2023-04-12,Primera A,Huila,Visitante,1 - 1,Jorge Arias,,D,16,6.6,False,0,0,0,0,4,4%,1,0,0,1,1,0,0,0,0,0.04,True,0.0,0.0,0.0,0.0,5.625,0.0,2023
match:2023-04-12:visitante:huila,2023-04-12_Visitante_Huila.json,2023-04-12,Primera A,Huila,Visitante,1 - 1,Juan Moreno,,G,0,,False,0,0,0,0,0,0%,0,0,0,0,0,0,0,0,0,0.0,False,,,,,,,2023
match:2023-04-12:visitante:huila,2023-04-12_Visitante_Huila.json,2023-04-12,Primera A,Huila,Visitante,1 - 1,Juan Pablo Vargas,,D,90,7.0,True,0,0,0,0,60,49%,1,1,0,5,4,0,0,0,0,0.49,True,0.0,0.0,0.0,0.0,4.0,0.0,2023
match:2023-04-12:visitante:huila,2023-04-12_Visitante_Huila.json,2023-04-12,Primera A,Huila,Visitante,1 - 1,Juan Pereira,,M,0,,False,0,0,0,0,0,0%,0,0,0,0,0,0,0,0,0,0.0,False,,,,,,,2023
match:2023-04-12:visitante:huila,2023-04-12_Visitante_Huila.json,2023-04-12,Primera A,Huila,Visitante,1 - 1,Larry Vásquez,,M,24,6.6,False,0,0,0,0,18,18%,1,0,0,2,1,1,0,0,0,0.18,True,0.0,0.0,0.0,0.0,3.75,3.75,2023
match:2023-04-12:visitante:huila,2023-04-12_Visitante_Huila.json,2023-04-12,Primera A,Huila,Visitante,1 - 1,Luis Carlos Ruiz Morales,,F,65,6.3,True,0,0,0,0,13,9%,0,0,0,3,1,0,1,0,0,0.09,True,0.0,0.0,0.0,0.0,1.3846153846153846,0.0,2023
match:2023-04-12:visitante:huila,2023-04-12_Visitante_Huila.json,2023-04-12,Primera A,Huila,Visitante,1 - 1,Oscar Cortés,,M,88,6.6,True,1,0,1,1,43,36%,0,0,0,8,2,3,1,1,0,0.36,True,1.0227272727272727,0.0,1.0227272727272727,1.0227272727272727,2.0454545454545454,3.068181818181818,2023
match:2023-04-12:visitante:huila,2023-04-12_Visitante_Huila.json,2023-04-12,Primera A,Huila,Visitante,1 - 1,Samuel Asprilla,,D,74,6.7,True,0,0,0,0,29,15%,2,1,0,5,3,1,0,1,0,0.15,True,0.0,0.0,0.0,0.0,3.6486486486486487,1.2162162162162162,2023
match:2023-04-12:visitante:huila,2023-04-12_Visitante_Huila.json,2023-04-12,Primera A,Huila,Visitante,1 - 1,Stiven Vega,,M,90,6.9,True,0,0,0,0,60,57%,3,0,0,9,6,2,1,1,0,0.57,True,0.0,0.0,0.0,0.0,6.0,2.0,2023
match:2023-04-12:visitante:huila,2023-04-12_Visitante_Huila.json,2023-04-12,Primera A,Huila,Visitante,1 - 1,Yuber Quiñones,,M,45,6.7,True,0,0,0,0,12,12%,1,0,0,7,4,1,2,0,0,0.12,True,0.0,0.0,0.0,0.0,8.0,2.0,2023
match:2023-04-12:visitante:huila,2023-04-12_Visitante_Huila.json,2023-04-12,Primera A,Huila,Visitante,1 - 1,Álvaro Montero,,G,90,6.3,True,0,0,0,0,28,22%,0,0,0,0,0,0,0,0,0,0.22,True,0.0,0.0,0.0,0.0,0.0,0.0,2023
match:2023-04-20:visitante:penarol,2023-04-20_Visitante_Penarol.json,2023-04-20,CONMEBOL Sudamericana,Penarol,Visitante,0 - 2,Alex Moreno,,D,0,,False,0,0,0,0,0,0%,0,0,0,0,0,0,0,0,0,0.0,False,,,,,,,2023
match:2023-04-20:visitante:penarol,2023-04-20_Visitante_Penarol.json,2023-04-20,CONMEBOL Sudamericana,Penarol,Visitante,0 - 2,Andrés Llinás,,D,90,6.9,True,0,0,0,0,34,30%,1,0,2,6,1,2,0,1,0,0.3,True,0.0,0.0,0.0,0.0,1.0,2.0,2023
match:2023-04-20:visitante:penarol,2023-04-20_Visitante_Penarol.json,2023-04-20,CONMEBOL Sudamericana,Penarol,Visitante,0 - 2,Andrés Murillo,,D,0,,False,0,0,0,0,0,0%,0,0,0,0,0,0,0,0,0,0.0,False,,,,,,,2023
match:2023-04-20:visitante:penarol,2023-04-20_Visitante_Penarol.json,2023-04-20,CONMEBOL Sudamericana,Penarol,Visitante,0 - 2,Daniel Cataño,,M,89,7.3,True,0,0,1,0,60,52%,3,0,0,31,18,3,6,0,0,0.52,True,0.0,0.0,1.0112359550561798,0.0,18.202247191011235,3.033707865168539,2023
match:2023-04-20:visitante:penarol,2023-04-20_Visitante_Penarol.json,2023-04-20,CONMEBOL Sudamericana,Penarol,Visitante,0 - 2,Daniel Giraldo,,M,90,6.9,True,0,0,0,0,73,70%,2,0,1,8,2,0,0,0,0,0.7,True,0.0,0.0,0.0,0.0,2.0,0.0,2023
match:2023-04-20:visitante:penarol,2023-04-20_Visitante_Penarol.json,2023-04-20,CONMEBOL Sudamericana,Penarol,Visitante,0 - 2,David Macalister Silva,,M,89,7.2,True,0,1,1,0,77,64%,0,0,0,10,5,0,1,0,0,0.64,True,0.0,1.0112359550561798,1.0112359550561798,0.0,5.056179775280898,0.0,2023
match:2023-04-20:visitante:penarol,2023-04-20_Visitante_Penarol.json,2023-04-20,CONMEBOL Sudamericana,Penarol,Visitante,0 - 2,Edgar Guerra,,F,1,,False,0,0,0,0,0,0%,0,0,0,0,0,0,0,0,0,0.0,True,0.0,0.0,0.0,0.0,0.0,0.0,2023
match:2023-04-20:visitante:penarol,2023-04-20_Visitante_Penarol.json,2023-04-20,CONMEBOL Sudamericana,Penarol,Visitante,0 - 2,Elvis Perlaza,,D,90,8.2,True,1,0,1,1,75,59%,5,0,0,8,6,2,0,0,0,0.59,True,1.0,0.0,1.0,1.0,6.0,2.0,2023
match:2023-04-20:visitante:penarol,2023-04-20_Visitante_Penarol.json,2023-04-20,CONMEBOL Sudamericana,Penarol,Visitante,0 - 2,Israel Alba,,D,0,,False,0,0,0,0,0,0%,0,0,0,0,0,0,0,0,0,0.0,False,,,,,,,2023
match:2023-04-20:visitante:penarol,2023-04-20_Visitante_Penarol.json,2023-04-20,CONMEBOL Sudamericana,Penarol,Visitante,0 - 2,Jader Valencia,,F,1,,False,0,0,0,0,3,1%,1,0,0,5,2,0,0,0,0,1.0,True,0.0,0.0,0.0,0.0,180.0,0.0,2023
match:2023-04-20:visitante:penarol,2023-04-20_Visitante_Penarol.json,2023-04-20,CONMEBOL Sudamericana,Penarol,Visitante,0 - 2,Jorge Arias,,D,90,7.2,True,0,0,1,0,49,41%,4,4,2,15,7,3,1,0,0,0.41,True,0.0,0.0,1.0,0.0,7.0,3.0,2023
match:2023-04-20:visitante:penarol,2023-04-20_Visitante_Penarol.json,2023-04-20,CONMEBOL Sudamericana,Penarol,Visitante,0 - 2,Juan Moreno,,G,0,,False,0,0,0,0,0,0%,0,0,0,0,0,0,0,0,0,0.0,False,,,,,,,2023
match:2023-04-20:visitante:penarol,2023-04-20_Visitante_Penarol.json,2023-04-20,CONMEBOL Sudamericana,Penarol,Visitante,0 - 2,Juan Pablo Vargas,,D,90,7.2,True,0,0,0,0,42,33%,1,1,1,7,5,0,0,0,0,0.33,True,0.0,0.0,0.0,0.0,5.0,0.0,2023
match:2023-04-20:visitante:penarol,2023-04-20_Visitante_Penarol.json,2023-04-20,CONMEBOL Sudamericana,Penarol,Visitante,0 - 2,Juan Pereira,,M,0,,False,0,0,0,0,0,0%,0,0,0,0,0,0,0,0,0,0.0,False,,,,,,,2023
match:2023-04-20:visitante:penarol,2023-04-20_Visitante_Penarol.json,2023-04-20,CONMEBOL Sudamericana,Penarol,Visitante,0 - 2,Kliver Moreno,,M,0,,False,0,0,0,0,0,0%,0,0,0,0,0,0,0,0,0,0.0,False,,,,,,,2023
match:2023-04-20:visitante:penarol,2023-04-20_Visitante_Penarol.json,2023-04-20,CONMEBOL Sudamericana,Penarol,Visitante,0 - 2,Larry Vásquez,,M,90,6.7,True,0,0,0,0,78,69%,2,2,0,15,5,4,0,0,0,0.69,True,0.0,0.0,0.0,0.0,5.0,4.0,2023
match:2023-04-20:visitante:penarol,2023-04-20_Visitante_Penarol.json,2023-04-20,CONMEBOL Sudamericana,Penarol,Visitante,0 - 2,Leonardo Castro,,F,89,6.3,True,0,1,2,1,14,9%,0,1,0,12,3,2,0,1,0,0.09,True,0.0,1.0112359550561798,2.0224719101123596,1.0112359550561798,3.033707865168539,2.0224719101123596,2023
match:2023-04-20:visitante:penarol,2023-04-20_Visitante_Penarol.json,2023-04-20,CONMEBOL Sudamericana,Penarol,Visitante,0 - 2,Luis Paredes,,F,0,,False,0,0,0,0,0,0%,0,0,0,0,0,0,0,0,0,0.0,False,,,,,,,2023
match:2023-04-20:visitante:penarol,2023-04-20_Visitante_Penarol.json,2023-04-20,CONMEBOL Sudamericana,Penarol,Visitante,0 - 2,Oscar Cortés,,M,89,6.9,True,1,0,1,1,51,45%,0,1,0,17,6,0,2,0,0,0.45,True,1.0112359550561798,0.0,1.0112359550561798,1.0112359550561798,6.067415730337078,0.0,2023
match:2023-04-20:visitante:penarol,2023-04-20_Visitante_Penarol.json,2023-04-20,CONMEBOL Sudamericana,Penarol,Visitante,0 - 2,Stiven Vega,,M,1,,False,0,0,0,0,0,0%,0,0,0,0,0,0,0,0,0,0.0,True,0.0,0.0,0.0,0.0,0.0,0.0,2023
match:2023-04-20:visitante:penarol,2023-04-20_Visitante_Penarol.json,2023-04-20,CONMEBOL Sudamericana,Penarol,Visitante,0 - 2,Yuber Quiñones,,F,1,,False,0,0,0,0,0,0%,0,0,0,1,0,1,0,0,0,0.0,True,0.0,0.0,0.0,0.0,0.0,90.0,2023
match:2023-04-20:visitante:penarol,2023-04-20_Visitante_Penarol.json,2023-04-20,CONMEBOL Sudamericana,Penarol,Visitante,0 - 2,Álvaro Montero,,G,90,7.2,True,0,0,0,0,28,9%,0,0,0,0,0,0,0,0,0,0.09,True,0.0,0.0,0.0,0.0,0.0,0.0,2023
match:2023-04-24:visitante:union_magdalena,2023-04-24_Visitante_Union_Magdalena.json,2023-04-24,Primera A,Union Magdalena,Visitante,1 - 1,Alex Moreno,,D,90,6.5,True,0,0,0,0,40,31%,2,0,0,7,4,1,1,0,0,0.31,True,0.0,0.0,0.0,0.0,4.0,1.0,2023
match:2023-04-24:visitante:union_magdalena,2023-04-24_Visitante_Union_Magdalena.json,2023-04-24,Primera A,Union Magdalena,Visitante,1 - 1,Andrés Llinás,,D,0,,False,0,0,0,0,0,0%,0,0,0,0,0,0,0,0,0,0.0,False,,,,,,,2023
match:2023-04-24:visitante:union_magdalena,2023-04-24_Visitante_Union_Magdalena.json,2023-04-24,Primera A,Union Magdalena,Visitante,1 - 1,Andrés Murillo,,D,45,7.0,True,0,0,0,0,22,18%,4,2,0,5,5,0,1,0,0,0.18,True,0.0,0.0,0.0,0.0,10.0,0.0,2023
match:2023-04-24:visitante:union_magdalena,2023-04-24_Visitante_Union_Magdalena.json,2023-04-24,Primera A,Union Magdalena,Visitante,1 - 1,Daniel Cataño,,M,24,7.2,False,1,0,1,1,14,11%,0,1,0,4,1,1,1,1,0,0.11,True,3.75,0.0,3.75,3.75,3.75,3.75,2023
match:2023-04-24:visitante:union_magdalena,2023-04-24_Visitante_Union_Magdalena.json,2023-04-24,Primera A,Union Magdalena,Visitante,1 - 1,David Macalister Silva,,M,45,6.9,False,0,0,1,0,32,28%,1,1,0,8,3,2,1,0,0,0.28,True,0.0,0.0,2.0,0.0,6.0,4.0,2023
match:2023-04-24:visitante:union_magdalena,2023-04-24_Visitante_Union_Magdalena.json,2023-04-24,Primera A,Union Magdalena,Visitante,1 - 1,Edgar Guerra,,M,45,5.5,True,0,0,0,0,8,6%,1,0,0,14,3,1,1,1,0,0.06,True,0.0,0.0,0.0,0.0,6.0,2.0,2023
match:2023-04-24:visitante:union_magdalena,2023-04-24_Visitante_Union_Magdalena.json,2023-04-24,Primera A,Union Magdalena,Visitante,1 - 1,Elvis Perlaza,,D,45,6.9,False,0,0,0,0,25,20%,3,0,1,8,4,1,1,0,0,0.2,True,0.0,0.0,0.0,0.0,8.0,2.0,2023
match:2023-04-24:visitante:union_magdalena,2023-04-24_Visitante_Union_Magdalena.json,2023-04-24,Primera A,Union Magdalena,Visitante,1 - 1,Israel Alba,,D,66,6.2,True,0,0,0,0,35,22%,0,1,0,1,0,0,0,0,0,0.22,True,0.0,0.0,0.0,0.0,0.0,0.0,2023
match:2023-04-24:visitante:union_magdalena,2023-04-24_Visitante_Union_Magdalena.json,2023-04-24,Primera A,Union Magdalena,Visitante,1 - 1,Jader Valencia,,M,90,6.3,True,0,0,0,0,18,12%,0,2,0,11,2,1,0,0,0,0.12,True,0.0,0.0,0.0,0.0,2.0,1.0,2023
match:2023-04-24:visitante:union_magdalena,2023-04-24_Visitante_Union_Magdalena.json,2023-04-24,Primera A,Union Magdalena,Visitante,1 - 1,Jorge Arias,,D,90,6.3,True,0,0,0,0,34,30%,2,3,1,11,5,3,2,1,0,0.3,True,0.0,0.0,0.0,0.0,5.0,3.0,2023
match:2023-04-24:visitante:union_magdalena,2023-04-24_Visitante_Union_Magdalena.json,2023-04-24,Primera A,Union Magdalena,Visitante,1 - 1,Juan Moreno,,G,0,,False,0,0,0,0,0,0%,0,0,0,0,0,0,0,0,0,0.0,False,,,,,,,2023
match:2023-04-24:visitante:union_magdalena,2023-04-24_Visitante_Union_Magdalena.json,2023-04-24,Primera A,Union Magdalena,Visitante,1 - 1,Juan Pereira,,M,90,6.2,True,0,0,0,0,36,28%,1,2,0,11,3,1,1,0,0,0.28,True,0.0,0.0,0.0,0.0,3.0,1.0,2023
match:2023-04-24:visitante:union_magdalena,2023-04-24_Visitante_Union_Magdalena.json,2023-04-24,Primera A,Union Magdalena,Visitante,1 - 1,Kliver Moreno,,M,45,6.7,True,0,0,0,0,24,20%,1,1,0,3,2,0,0,0,0,0.2,True,0.0,0.0,0.0,0.0,4.0,0.0,2023
match:2023-04-24:visitante:union_magdalena,2023-04-24_Visitante_Union_Magdalena.json,2023-04-24,Primera A,Union Magdalena,Visitante,1 - 1,Larry Vásquez,,M,12,6.6,False,0,0,0,0,12,10%,0,1,1,1,0,0,0,0,0,0.1,True,0.0,0.0,0.0,0.0,0.0,0.0,2023
match:2023-04-24:visitante:union_magdalena,2023-04-24_Visitante_Union_Magdalena.json,2023-04-24,Primera A,Union Magdalena,Visitante,1 - 1,Luis Carlos Ruiz Morales,,F,78,6.7,True,0,0,0,0,8,6%,1,0,0,3,3,1,2,0,0,0.06,True,0.0,0.0,0.0,0.0,3.4615384615384617,1.1538461538461537,2023
match:2023-04-24:visitante:union_magdalena,2023-04-24_Visitante_Union_Magdalena.json,2023-04-24,Primera A,Union Magdalena,Visitante,1 - 1,Oscar Cortés,,M,45,6.2,False,0,0,0,0,21,19%,0,0,0,9,3,0,3,0,0,0.19,True,0.0,0.0,0.0,0.0,6.0,0.0,2023
match:2023-04-24:visitante:union_magdalena,2023-04-24_Visitante_Union_Magdalena.json,2023-04-24,Primera A,Union Magdalena,Visitante,1 - 1,Stiven Vega,,M,90,6.7,True,0,0,0,0,35,27%,1,3,0,5,2,0,0,0,0,0.27,True,0.0,0.0,0.0,0.0,2.0,0.0,2023
match:2023-04-24:visitante:union_magdalena,2023-04-24_Visitante_Union_Magdalena.json,2023-04-24,Primera A,Union Magdalena,Visitante,1 - 1,Álvaro Montero,,G,90,7.2,True,0,0,0,0,18,14%,0,0,0,0,0,0,0,0,0,0.14,True,0.0,0.0,0.0,0.0,0.0,0.0,2023
match:2023-04-28:local:america_de_cali,2023-04-28_Local_America_de_Cali.json,2023-04-28,Primera A,America de Cali,Local,4 - 3,Alex Moreno,,D,0,,False,0,0,0,0,0,0%,0,0,0,0,0,0,0,0,0,0.0,False,,,,,,,2023
match:2023-04-28:local:america_de_cali,2023-04-28_Local_America_de_Cali.json,2023-04-28,Primera A,America de Cali,Local,4 - 3,Andrés Llinás,,D,90,7.9,True,0,1,0,0,49,41%,4,6,1,6,6,0,0,0,0,0.41,True,0.0,1.0,0.0,0.0,6.0,0.0,2023
match:2023-04-28:local:america_de_cali,2023-04-28_Local_America_de_Cali.json,2023-04-28,Primera A,America de Cali,Local,4 - 3,Daniel Cataño,,M,82,6.7,True,0,0,1,0,38,30%,2,0,0,7,2,0,0,0,0,0.3,True,0.0,0.0,1.0975609756097562,0.0,2.1951219512195124,0.0,2023
match:2023-04-28:local:america_de_cali,2023-04-28_Local_America_de_Cali.json,2023-04-28,Primera A,America de Cali,Local,4 - 3,Daniel Giraldo,,M,89,6.6,True,0,0,1,1,51,45%,1,0,0,5,3,1,2,0,0,0.45,True,0.0,0.0,1.0112359550561798,1.0112359550561798,3.033707865168539,1.0112359550561798,2023
match:2023-04-28:local:america_de_cali,2023-04-28_Local_America_de_Cali.json,2023-04-28,Primera A,America de Cali,Local,4 - 3,David Macalister Silva,,M,90,8.7,True,1,1,5,2,36,30%,3,0,0,6,4,1,1,0,0,0.3,True,1.0,1.0,5.0,2.0,4.0,1.0,2023
match:2023-04-28:local:america_de_cali,2023-04-28_Local_America_de_Cali.json,2023-04-28,Primera A,America de Cali,Local,4 - 3,Edgar Guerra,,F,1,,False,0,0,0,0,0,0%,0,0,0,0,0,0,0,0,0,0.0,True,0.0,0.0,0.0,0.0,0.0,0.0,2023
match:2023-04-28:local:america_de_cali,2023-04-28_Local_America_de_Cali.json,2023-04-28,Primera A,America de Cali,Local,4 - 3,Elvis Perlaza,,D,90,6.5,True,0,0,1,0,54,39%,3,0,0,6,3,2,0,1,0,0.39,True,0.0,0.0,1.0,0.0,3.0,2.0,2023
match:2023-04-28:local:america_de_cali,2023-04-28_Local_America_de_Cali.json,2023-04-28,Primera A,America de Cali,Local,4 - 3,Fernando Uribe,,F,8,6.5,False,0,0,0,0,3,1%,0,0,0,0,0,0,0,0,0,1.0,True,0.0,0.0,0.0,0.0,0.0,0.0,2023
match:2023-04-28:local:america_de_cali,2023-04-28_Local_America_de_Cali.json,2023-04-28,Primera A,America de Cali,Local,4 - 3,Jader Valencia,,F,8,6.5,False,0,0,0,0,1,0%,1,0,0,2,1,0,0,0,0,0.0,True,0.0,0.0,0.0,0.0,11.25,0.0,2023
match:2023-04-28:local:america_de_cali,2023-04-28_Local_America_de_Cali.json,2023-04-28,Primera A,America de Cali,Local,4 - 3,Jorge Arias,,D,64,7.0,True,1,0,2,1,39,29%,1,0,0,5,2,2,0,1,0,0.29,True,1.40625,0.0,2.8125,1.40625,2.8125,2.8125,2023
match:2023-04-28:local:america_de_cali,2023-04-28_Local_America_de_Cali.json,2023-04-28,Primera A,America de Cali,Local,4 - 3,Juan Moreno,,G,0,,False,0,0,0,0,0,0%,0,0,0,0,0,0,0,0,0,0.0,False,,,,,,,2023
match:2023-04-28:local:america_de_cali,2023-04-28_Local_America_de_Cali.json,2023-04-28,Primera A,America de Cali,Local,4 - 3,Juan Pablo Vargas,,D,90,7.3,True,0,0,1,0,42,38%,4,4,1,4,4,0,0,0,0,0.38,True,0.0,0.0,1.0,0.0,4.0,0.0,2023
match:2023-04-28:local:america_de_cali,2023-04-28_Local_America_de_Cali.json,2023-04-28,Primera A,America de Cali,Local,4 - 3,Larry Vásquez,,M,90,7.2,True,0,0,0,0,49,41%,3,0,0,8,6,1,1,0,0,0.41,True,0.0,0.0,0.0,0.0,6.0,1.0,2023
match:2023-04-28:local:america_de_cali,2023-04-28_Local_America_de_Cali.json,2023-04-28,Primera A,America de Cali,Local,4 - 3,Leonardo Castro,,F,82,7.5,True,1,0,2,2,15,10%,0,1,0,3,2,0,2,0,0,0.1,True,1.0975609756097562,0.0,2.1951219512195124,2.1951219512195124,2.1951219512195124,0.0,2023
match:2023-04-28:local:america_de_cali,2023-04-28_Local_America_de_Cali.json,2023-04-28,Primera A,America de Cali,Local,4 - 3,Oscar Cortés,,M,89,8.3,True,1,1,2,1,34,25%,1,0,0,6,4,0,1,0,0,0.25,True,1.0112359550561798,1.0112359550561798,2.0224719101123596,1.0112359550561798,4.044943820224719,0.0,2023
match:2023-04-28:local:america_de_cali,2023-04-28_Local_America_de_Cali.json,2023-04-28,Primera A,America de Cali,Local,4 - 3,Samuel Asprilla,,D,26,6.3,False,0,0,0,0,15,15%,0,0,0,1,0,0,0,0,0,0.15,True,0.0,0.0,0.0,0.0,0.0,0.0,2023
match:2023-04-28:local:america_de_cali,2023-04-28_Local_America_de_Cali.json,2023-04-28,Primera A,America de Cali,Local,4 - 3,Stiven Vega,,M,1,,False,0,0,0,0,0,0%,0,0,0,0,0,0,0,0,0,0.0,True,0.0,0.0,0.0,0.0,0.0,0.0,2023
match:2023-04-28:local:america_de_cali,2023-04-28_Local_America_de_Cali.json,2023-04-28,Primera A,America de Cali,Local,4 - 3,Álvaro Montero,,G,90,5.9,True,0,0,0,0,25,18%,0,0,0,0,0,0,0,0,0,0.18,True,0.0,0.0,0.0,0.0,0.0,0.0,2023
match:2023-04-30:visitante:junior,2023-04-30_Visitante_Junior.json,2023-04-30,Primera A,Junior,Visitante,1 - 0,Alex Moreno,,D,90,7.2,True,0,0,0,0,59,52%,1,1,0,9,9,0,0,0,0,0.52,True,0.0,0.0,0.0,0.0,9.0,0.0,2023
match:2023-04-30:visitante:junior,2023-04-30_Visitante_Junior.json,2023-04-30,Primera A,Junior,Visitante,1 - 0,Andrés Llinás,,D,0,,False,0,0,0,0,0,0%,0,0,0,0,0,0,0,0,0,0.0,False,,,,,,,2023
match:2023-04-30:visitante:junior,2023-04-30_Visitante_Junior.json,2023-04-30,Primera A,Junior,Visitante,1 - 0,Daniel Cataño,,M,29,6.3,False,0,0,0,0,17,13%,1,0,0,6,3,0,1,0,0,0.13,True,0.0,0.0,0.0,0.0,9.310344827586206,0.0,2023
match:2023-04-30:visitante:junior,2023-04-30_Visitante_Junior.json,2023-04-30,Primera A,Junior,Visitante,1 - 0,David Macalister Silva,,M,45,6.6,False,0,0,0,0,42,33%,0,0,0,4,2,1,0,0,0,0.33,True,0.0,0.0,0.0,0.0,4.0,2.0,2023
match:2023-04-30:visitante:junior,2023-04-30_Visitante_Junior.json,2023-04-30,Primera A,Junior,Visitante,1 - 0,Edgar Guerra,,M,61,6.7,True,0,0,2,0,16,11%,5,0,0,15,10,0,2,0,0,0.11,True,0.0,0.0,2.9508196721311477,0.0,14.754098360655737,0.0,2023
match:2023-04-30:visitante:junior,2023-04-30_Visitante_Junior.json,2023-04-30,Primera A,Junior,Visitante,1 - 0,Elvis Perlaza,,D,13,6.3,False,0,0,0,0,5,5%,0,0,0,1,0,1,0,0,0,0.05,True,0.0,0.0,0.0,0.0,0.0,6.923076923076923,2023
match:2023-04-30:visitante:junior,2023-04-30_Visitante_Junior.json,2023-04-30,Primera A,Junior,Visitante,1 - 0,Fernando Uribe,,F,90,6.9,True,0,0,0,0,18,15%,0,0,1,4,1,0,0,0,0,0.15,True,0.0,0.0,0.0,0.0,1.0,0.0,2023
match:2023-04-30:visitante:junior,2023-04-30_Visitante_Junior.json,2023-04-30,Primera A,Junior,Visitante,1 - 0,Juan Moreno,,G,0,,False,0,0,0,0,0,0%,0,0,0,0,0,0,0,0,0,0.0,False,,,,,,,2023
match:2023-04-30:visitante:junior,2023-04-30_Visitante_Junior.json,2023-04-30,Primera A,Junior,Visitante,1 - 0,Juan Pablo Vargas,,D,90,7.5,True,0,0,0,0,78,62%,4,1,1,12,9,1,1,0,0,0.62,True,0.0,0.0,0.0,0.0,9.0,1.0,2023
match:2023-04-30:visitante:junior,2023-04-30_Visitante_Junior.json,2023-04-30,Primera A,Junior,Visitante,1 - 0,Juan Torres,,M,45,5.7,True,0,0,0,0,18,16%,0,0,0,8,0,1,0,1,0,0.16,True,0.0,0.0,0.0,0.0,0.0,2.0,2023
match:2023-04-30:visitante:junior,2023-04-30_Visitante_Junior.json,2023-04-30,Primera A,Junior,Visitante,1 - 0,Leonardo Castro,,F,28,6.3,False,0,0,0,0,4,2%,0,0,0,2,1,1,0,1,1,0.02,True,0.0,0.0,0.0,0.0,3.214285714285714,3.214285714285714,2023
match:2023-04-30:visitante:junior,2023-04-30_Visitante_Junior.json,2023-04-30,Primera A,Junior,Visitante,1 - 0,Nicolas Arevalo,,M,45,6.3,True,0,0,0,0,21,20%,1,0,0,9,3,1,1,0,0,0.2,True,0.0,0.0,0.0,0.0,6.0,2.0,2023
match:2023-04-30:visitante:junior,2023-04-30_Visitante_Junior.json,2023-04-30,Primera A,Junior,Visitante,1 - 0,Oscar Cortés,,M,45,6.3,False,0,0,0,0,16,13%,0,0,0,5,1,0,1,0,0,0.13,True,0.0,0.0,0.0,0.0,2.0,0.0,2023
match:2023-04-30:visitante:junior,2023-04-30_Visitante_Junior.json,2023-04-30,Primera A,Junior,Visitante,1 - 0,Ricardo Rosales,,D,77,6.6,True,0,0,0,0,38,29%,3,2,0,8,5,1,1,0,0,0.29,True,0.0,0.0,0.0,0.0,5.844155844155844,1.168831168831169,2023
match:2023-04-30:visitante:junior,2023-04-30_Visitante_Junior.json,2023-04-30,Primera A,Junior,Visitante,1 - 0,Samuel Asprilla,,D,90,7.0,True,0,0,1,0,52,42%,4,2,0,12,7,1,2,0,0,0.42,True,0.0,0.0,1.0,0.0,7.0,1.0,2023
match:2023-04-30:visitante:junior,2023-04-30_Visitante_Junior.json,2023-04-30,Primera A,Junior,Visitante,1 - 0,Stiven Vega,,M,90,6.9,True,0,0,0,0,74,67%,4,3,0,10,4,1,0,0,0,0.67,True,0.0,0.0,0.0,0.0,4.0,1.0,2023
match:2023-04-30:visitante:junior,2023-04-30_Visitante_Junior.json,2023-04-30,Primera A,Junior,Visitante,1 - 0,Yuber Quiñones,,M,61,6.6,True,0,0,1,0,18,7%,0,1,0,4,3,0,0,0,0,0.07,True,0.0,0.0,1.4754098360655739,0.0,4.426229508196721,0.0,2023
match:2023-04-30:visitante:junior,2023-04-30_Visitante_Junior.json,2023-04-30,Primera A,Junior,Visitante,1 - 0,Álvaro Montero,,G,90,6.6,True,0,0,0,0,19,16%,0,0,0,2,1,0,1,1,0,0.16,True,0.0,0.0,0.0,0.0,1.0,0.0,2023
match:2023-05-04:local:america_mineiro,2023-05-04_Local_America_Mineiro.json,2023-05-04,CONMEBOL Sudamericana,America Mineiro,Local,1 - 1,Alex Moreno,,D,0,,False,0,0,0,0,0,0%,0,0,0,0,0,0,0,0,0,0.0,False,,,,,,,2023
match:2023-05-04:local:america_mineiro,2023-05-04_Local_America_Mineiro.json,2023-05-04,CONMEBOL Sudamericana,America Mineiro,Local,1 - 1,Andrés Llinás,,D,90,7.2,True,0,0,0,0,58,50%,2,1,2,6,6,0,0,0,0,0.5,True,0.0,0.0,0.0,0.0,6.0,0.0,2023
match:2023-05-04:local:america_mineiro,2023-05-04_Local_America_Mineiro.json,2023-05-04,CONMEBOL Sudamericana,America Mineiro,Local,1 - 1,Daniel Cataño,,M,76,7.2,True,0,0,2,1,45,41%,2,1,0,16,5,1,0,1,0,0.41,True,0.0,0.0,2.3684210526315788,1.1842105263157894,5.921052631578947,1.1842105263157894,2023
match:2023-05-04:local:america_mineiro,2023-05-04_Local_America_Mineiro.json,2023-05-04,CONMEBOL Sudamericana,America Mineiro,Local,1 - 1,Daniel Giraldo,,M,90,6.9,True,0,0,0,0,77,74%,2,0,0,8,3,2,0,0,0,0.74,True,0.0,0.0,0.0,0.0,3.0,2.0,2023
match:2023-05-04:local:america_mineiro,2023-05-04_Local_America_Mineiro.json,2023-05-04,CONMEBOL Sudamericana,America Mineiro,Local,1 - 1,David Macalister Silva,,M,89,6.9,True,0,1,1,1,72,61%,1,0,0,5,1,1,0,0,0,0.61,True,0.0,1.0112359550561798,1.0112359550561798,1.0112359550561798,1.0112359550561798,1.0112359550561798,2023
match:2023-05-04:local:america_mineiro,2023-05-04_Local_America_Mineiro.json,2023-05-04,CONMEBOL Sudamericana,America Mineiro,Local,1 - 1,Edgar Guerra,,F,1,,False,0,0,0,0,0,0%,0,0,0,1,1,0,1,0,0,0.0,True,0.0,0.0,0.0,0.0,90.0,0.0,2023
match:2023-05-04:local:america_mineiro,2023-05-04_Local_America_Mineiro.json,2023-05-04,CONMEBOL Sudamericana,America Mineiro,Local,1 - 1,Elvis Perlaza,,D,90,7.0,True,0,0,0,0,73,58%,2,0,1,10,4,2,1,0,0,0.58,True,0.0,0.0,0.0,0.0,4.0,2.0,2023
match:2023-05-04:local:america_mineiro,2023-05-04_Local_America_Mineiro.json,2023-05-04,CONMEBOL Sudamericana,America Mineiro,Local,1 - 1,Fernando Uribe,,F,8,6.3,False,0,0,0,0,1,1%,0,0,0,0,0,0,0,0,0,1.0,True,0.0,0.0,0.0,0.0,0.0,0.0,2023
match:2023-05-04:local:america_mineiro,2023-05-04_Local_America_Mineiro.json,2023-05-04,CONMEBOL Sudamericana,America Mineiro,Local,1 - 1,Jader Valencia,,F,14,6.6,False,0,0,0,0,7,5%,0,1,0,4,2,1,0,0,0,0.05,True,0.0,0.0,0.0,0.0,12.857142857142856,6.428571428571428,2023
match:2023-05-04:local:america_mineiro,2023-05-04_Local_America_Mineiro.json,2023-05-04,CONMEBOL Sudamericana,America Mineiro,Local,1 - 1,Jorge Arias,,D,90,6.7,True,0,0,1,0,55,45%,2,1,2,9,4,2,0,0,0,0.45,True,0.0,0.0,1.0,0.0,4.0,2.0,2023
match:2023-05-04:local:america_mineiro,2023-05-04_Local_America_Mineiro.json,2023-05-04,CONMEBOL Sudamericana,America Mineiro,Local,1 - 1,Juan Moreno,,G,0,,False,0,0,0,0,0,0%,0,0,0,0,0,0,0,0,0,0.0,False,,,,,,,2023
match:2023-05-04:local:america_mineiro,2023-05-04_Local_America_Mineiro.json,2023-05-04,CONMEBOL Sudamericana,America Mineiro,Local,1 - 1,Juan Pablo Vargas,,D,90,7.2,True,0,0,3,2,50,45%,3,1,0,9,6,0,0,0,0,0.45,True,0.0,0.0,3.0,2.0,6.0,0.0,2023
match:2023-05-04:local:america_mineiro,2023-05-04_Local_America_Mineiro.json,2023-05-04,CONMEBOL Sudamericana,America Mineiro,Local,1 - 1,Juan Pereira,,M,0,,False,0,0,0,0,0,0%,0,0,0,0,0,0,0,0,0,0.0,False,,,,,,,2023
match:2023-05-04:local:america_mineiro,2023-05-04_Local_America_Mineiro.json,2023-05-04,CONMEBOL Sudamericana,America Mineiro,Local,1 - 1,Juan Torres,,M,0,,False,0,0,0,0,0,0%,0,0,0,0,0,0,0,0,0,0.0,False,,,,,,,2023
match:2023-05-04:local:america_mineiro,2023-05-04_Local_America_Mineiro.json,2023-05-04,CONMEBOL Sudamericana,America Mineiro,Local,1 - 1,Larry Vásquez,,M,90,7.0,True,0,0,2,1,86,76%,3,0,1,13,4,3,0,1,0,0.76,True,0.0,0.0,2.0,1.0,4.0,3.0,2023
match:2023-05-04:local:america_mineiro,2023-05-04_Local_America_Mineiro.json,2023-05-04,CONMEBOL Sudamericana,America Mineiro,Local,1 - 1,Leonardo Castro,,F,82,6.9,True,1,0,2,1,16,15%,0,0,0,7,2,1,2,0,0,0.15,True,1.0975609756097562,0.0,2.1951219512195124,1.0975609756097562,2.1951219512195124,1.0975609756097562,2023
match:2023-05-04:local:america_mineiro,2023-05-04_Local_America_Mineiro.json,2023-05-04,CONMEBOL Sudamericana,America Mineiro,Local,1 - 1,Nicolas Arevalo,,M,0,,False,0,0,0,0,0,0%,0,0,0,0,0,0,0,0,0,0.0,False,,,,,,,2023
match:2023-05-04:local:america_mineiro,2023-05-04_Local_America_Mineiro.json,2023-05-04,CONMEBOL Sudamericana,America Mineiro,Local,1 - 1,Oscar Cortés,,M,90,6.9,True,0,0,5,2,43,35%,0,0,0,6,2,0,1,0,0,0.35,True,0.0,0.0,5.0,2.0,2.0,0.0,2023
match:2023-05-04:local:america_mineiro,2023-05-04_Local_America_Mineiro.json,2023-05-04,CONMEBOL Sudamericana,America Mineiro,Local,1 - 1,Ricardo Rosales,,D,0,,False,0,0,0,0,0,0%,0,0,0,0,0,0,0,0,0,0.0,False,,,,,,,2023
match:2023-05-04:local:america_mineiro,2023-05-04_Local_America_Mineiro.json,2023-05-04,CONMEBOL Sudamericana,America Mineiro,Local,1 - 1,Samuel Asprilla,,D,0,,False,0,0,0,0,0,0%,0,0,0,0,0,0,0,0,0,0.0,False,,,,,,,2023
match:2023-05-04:local:america_mineiro,2023-05-04_Local_America_Mineiro.json,2023-05-04,CONMEBOL Sudamericana,America Mineiro,Local,1 - 1,Stiven Vega,,M,0,,False,0,0,0,0,0,0%,0,0,0,0,0,0,0,0,0,0.0,False,,,,,,,2023
match:2023-05-04:local:america_mineiro,2023-05-04_Local_America_Mineiro.json,2023-05-04,CONMEBOL Sudamericana,America Mineiro,Local,1 - 1,Yuber Quiñones,,F,0,,False,0,0,0,0,0,0%,0,0,0,0,0,0,0,0,0,0.0,False,,,,,,,2023
match:2023-05-04:local:america_mineiro,2023-05-04_Local_America_Mineiro.json,2023-05-04,CONMEBOL Sudamericana,America Mineiro,Local,1 - 1,Álvaro Montero,,G,90,6.7,True,0,0,0,0,20,16%,0,0,0,0,0,0,0,0,0,0.16,True,0.0,0.0,0.0,0.0,0.0,0.0,2023
match:2023-05-04:local:envigado,2023-05-04_Local_Envigado.json,2023-05-04,Primera A,Envigado,Local,1 - 1,Alex Moreno,,D,99,6.7,True,0,0,0,0,60,49%,0,1,1,3,2,1,1,0,0,0.49,True,0.0,0.0,0.0,0.0,1.8181818181818183,0.9090909090909092,2023
match:2023-05-04:local:envigado,2023-05-04_Local_Envigado.json,2023-05-04,Primera A,Envigado,Local,1 - 1,Andrés Murillo,,D,99,7.3,True,0,0,0,0,56,41%,7,0,0,18,14,0,1,0,0,0.41,True,0.0,0.0,0.0,0.0,12.727272727272727,0.0,2023
match:2023-05-04:local:envigado,2023-05-04_Local_Envigado.json,2023-05-04,Primera A,Envigado,Local,1 - 1,Dewar Victoria,,M,0,,False,0,0,0,0,0,0%,0,0,0,0,0,0,0,0,0,0.0,False,,,,,,,2023
match:2023-05-04:local:envigado,2023-05-04_Local_Envigado.json,2023-05-04,Primera A,Envigado,Local,1 - 1,Edgar Guerra,,M,45,6.6,True,0,0,1,0,16,14%,0,0,0,3,2,0,0,0,0,0.14,True,0.0,0.0,2.0,0.0,4.0,0.0,2023
match:2023-05-04:local:envigado,2023-05-04_Local_Envigado.json,2023-05-04,Primera A,Envigado,Local,1 - 1,Fernando Uribe,,F,99,7.0,True,1,0,2,1,14,10%,0,0,0,4,0,1,0,0,0,0.1,True,0.9090909090909092,0.0,1.8181818181818183,0.9090909090909092,0.0,0.9090909090909092,2023
match:2023-05-04:local:envigado,2023-05-04_Local_Envigado.json,2023-05-04,Primera A,Envigado,Local,1 - 1,Israel Alba,,D,99,7.2,True,0,0,1,0,42,30%,4,1,0,9,8,0,1,0,0,0.3,True,0.0,0.0,0.9090909090909092,0.0,7.272727272727273,0.0,2023
match:2023-05-04:local:envigado,2023-05-04_Local_Envigado.json,2023-05-04,Primera A,Envigado,Local,1 - 1,Juan Moreno,,G,0,,False,0,0,0,0,0,0%,0,0,0,0,0,0,0,0,0,0.0,False,,,,,,,2023
match:2023-05-04:local:envigado,2023-05-04_Local_Envigado.json,2023-05-04,Primera A,Envigado,Local,1 - 1,Juan Pereira,,M,99,6.9,True,0,0,0,0,66,55%,0,4,0,10,3,0,1,0,0,0.55,True,0.0,0.0,0.0,0.0,2.7272727272727275,0.0,2023
match:2023-05-04:local:envigado,2023-05-04_Local_Envigado.json,2023-05-04,Primera A,Envigado,Local,1 - 1,Juan Torres,,M,61,6.9,True,0,0,4,0,35,28%,1,0,0,2,1,0,0,0,0,0.28,True,0.0,0.0,5.901639344262295,0.0,1.4754098360655739,0.0,2023
match:2023-05-04:local:envigado,2023-05-04_Local_Envigado.json,2023-05-04,Primera A,Envigado,Local,1 - 1,Kliver Moreno,,M,0,,False,0,0,0,0,0,0%,0,0,0,0,0,0,0,0,0,0.0,False,,,,,,,2023
match:2023-05-04:local:envigado,2023-05-04_Local_Envigado.json,2023-05-04,Primera A,Envigado,Local,1 - 1,Luis Paredes,,F,54,6.7,False,0,0,1,0,19,13%,1,0,0,11,5,2,2,0,0,0.13,True,0.0,0.0,1.6666666666666665,0.0,8.333333333333332,3.333333333333333,2023
match:2023-05-04:local:envigado,2023-05-04_Local_Envigado.json,2023-05-04,Primera A,Envigado,Local,1 - 1,Oscar Cortés,,M,38,7.0,False,0,1,2,0,25,21%,1,0,0,8,4,0,2,0,0,0.21,True,0.0,2.3684210526315788,4.7368421052631575,0.0,9.473684210526315,0.0,2023
match:2023-05-04:local:envigado,2023-05-04_Local_Envigado.json,2023-05-04,Primera A,Envigado,Local,1 - 1,Ramiro Brochero,,F,38,6.3,False,0,0,0,0,9,7%,0,0,0,3,1,1,1,0,0,0.07,True,0.0,0.0,0.0,0.0,2.3684210526315788,2.3684210526315788,2023
match:2023-05-04:local:envigado,2023-05-04_Local_Envigado.json,2023-05-04,Primera A,Envigado,Local,1 - 1,Ricardo Rosales,,D,0,,False,0,0,0,0,0,0%,0,0,0,0,0,0,0,0,0,0.0,False,,,,,,,2023
match:2023-05-04:local:envigado,2023-05-04_Local_Envigado.json,2023-05-04,Primera A,Envigado,Local,1 - 1,Samuel Asprilla,,D,99,6.9,True,0,0,0,0,38,31%,3,0,1,6,3,2,0,0,0,0.31,True,0.0,0.0,0.0,0.0,2.7272727272727275,1.8181818181818183,2023
match:2023-05-04:local:envigado,2023-05-04_Local_Envigado.json,2023-05-04,Primera A,Envigado,Local,1 - 1,Stiven Vega,,M,99,7.7,True,0,0,1,0,89,78%,4,1,1,13,10,0,3,0,0,0.78,True,0.0,0.0,0.9090909090909092,0.0,9.09090909090909,0.0,2023
match:2023-05-04:local:envigado,2023-05-04_Local_Envigado.json,2023-05-04,Primera A,Envigado,Local,1 - 1,Yuber Quiñones,,M,61,6.5,True,0,0,2,0,28,19%,2,0,0,10,6,1,1,0,0,0.19,True,0.0,0.0,2.9508196721311477,0.0,8.852459016393443,1.4754098360655739,2023
match:2023-05-04:local:envigado,2023-05-04_Local_Envigado.json,2023-05-04,Primera A,Envigado,Local,1 - 1,Álvaro Montero,,G,99,6.9,True,0,0,0,0,27,21%,0,0,0,0,0,0,0,0,0,0.21,True,0.0,0.0,0.0,0.0,0.0,0.0,2023
match:2023-05-08:local:santa_fe,2023-05-08_Local_Santa_Fe.json,2023-05-08,Primera A,Santa Fe,Local,1 - 0,Alex Moreno,,D,0,,False,0,0,0,0,0,0%,0,0,0,0,0,0,0,0,0,0.0,False,,,,,,,2023
match:2023-05-08:local:santa_fe,2023-05-08_Local_Santa_Fe.json,2023-05-08,Primera A,Santa Fe,Local,1 - 0,Andrés Llinás,,D,96,7.5,True,0,0,0,0,28,18%,5,0,2,9,6,1,0,0,0,0.18,True,0.0,0.0,0.0,0.0,5.625,0.9375,2023
match:2023-05-08:local:santa_fe,2023-05-08_Local_Santa_Fe.json,2023-05-08,Primera A,Santa Fe,Local,1 - 0,Beckham Castro,,M,73,6.3,True,0,0,0,0,11,6%,0,0,0,6,2,1,2,0,0,0.06,True,0.0,0.0,0.0,0.0,2.4657534246575343,1.2328767123287672,2023
match:2023-05-08:local:santa_fe,2023-05-08_Local_Santa_Fe.json,2023-05-08,Primera A,Santa Fe,Local,1 - 0,Daniel Cataño,,M,96,6.9,True,0,0,2,2,56,46%,4,0,0,22,10,0,2,1,0,0.46,True,0.0,0.0,1.875,1.875,9.375,0.0,2023
match:2023-05-08:local:santa_fe,2023-05-08_Local_Santa_Fe.json,2023-05-08,Primera A,Santa Fe,Local,1 - 0,Daniel Giraldo,,M,45,6.9,True,0,0,0,0,20,15%,3,0,0,6,4,2,0,1,0,0.15,True,0.0,0.0,0.0,0.0,8.0,4.0,2023
match:2023-05-08:local:santa_fe,2023-05-08_Local_Santa_Fe.json,2023-05-08,Primera A,Santa Fe,Local,1 - 0,David Macalister Silva,,M,96,6.2,True,0,0,0,0,46,35%,0,1,0,11,2,2,0,0,0,0.35,True,0.0,0.0,0.0,0.0,1.875,1.875,2023
match:2023-05-08:local:santa_fe,2023-05-08_Local_Santa_Fe.json,2023-05-08,Primera A,Santa Fe,Local,1 - 0,Elvis Perlaza,,D,96,6.5,True,0,0,0,0,42,29%,2,0,1,11,4,1,0,0,0,0.29,True,0.0,0.0,0.0,0.0,3.75,0.9375,2023
match:2023-05-08:local:santa_fe,2023-05-08_Local_Santa_Fe.json,2023-05-08,Primera A,Santa Fe,Local,1 - 0,Fernando Uribe,,F,29,6.2,False,0,0,1,0,11,8%,0,0,0,1,1,0,0,0,0,0.08,True,0.0,0.0,3.103448275862069,0.0,3.103448275862069,0.0,2023
match:2023-05-08:local:santa_fe,2023-05-08_Local_Santa_Fe.json,2023-05-08,Primera A,Santa Fe,Local,1 - 0,Jhoan Hernandez,,D,0,,False,0,0,0,0,0,0%,0,0,0,0,0,0,0,0,0,0.0,False,,,,,,,2023
match:2023-05-08:local:santa_fe,2023-05-08_Local_Santa_Fe.json,2023-05-08,Primera A,Santa Fe,Local,1 - 0,Jorge Arias,,D,96,7.0,True,0,0,0,0,34,24%,0,2,2,9,3,0,1,0,0,0.24,True,0.0,0.0,0.0,0.0,2.8125,0.0,2023
match:2023-05-08:local:santa_fe,2023-05-08_Local_Santa_Fe.json,2023-05-08,Primera A,Santa Fe,Local,1 - 0,Juan Moreno,,G,0,,False,0,0,0,0,0,0%,0,0,0,0,0,0,0,0,0,0.0,False,,,,,,,2023
match:2023-05-08:local:santa_fe,2023-05-08_Local_Santa_Fe.json,2023-05-08,Primera A,Santa Fe,Local,1 - 0,Juan Pablo Vargas,,D,96,7.9,True,0,0,0,0,33,27%,3,2,3,6,4,1,0,0,0,0.27,True,0.0,0.0,0.0,0.0,3.75,0.9375,2023
match:2023-05-08:local:santa_fe,2023-05-08_Local_Santa_Fe.json,2023-05-08,Primera A,Santa Fe,Local,1 - 0,Juan Pereira,,M,23,6.7,False,0,0,0,0,12,8%,3,0,0,7,3,2,0,0,0,0.08,True,0.0,0.0,0.0,0.0,11.739130434782608,7.826086956521739,2023
match:2023-05-08:local:santa_fe,2023-05-08_Local_Santa_Fe.json,2023-05-08,Primera A,Santa Fe,Local,1 - 0,Larry Vásquez,,M,96,6.9,True,0,0,1,0,55,45%,3,1,0,15,8,1,1,0,0,0.45,True,0.0,0.0,0.9375,0.0,7.5,0.9375,2023
match:2023-05-08:local:santa_fe,2023-05-08_Local_Santa_Fe.json,2023-05-08,Primera A,Santa Fe,Local,1 - 0,Leonardo Castro,,F,67,6.9,True,1,0,2,1,15,9%,0,0,0,7,2,2,1,0,0,0.09,True,1.3432835820895521,0.0,2.6865671641791042,1.3432835820895521,2.6865671641791042,2.6865671641791042,2023
match:2023-05-08:local:santa_fe,2023-05-08_Local_Santa_Fe.json,2023-05-08,Primera A,Santa Fe,Local,1 - 0,Luis Carlos Ruiz Morales,,F,0,,False,0,0,0,0,0,0%,0,0,0,0,0,0,0,0,0,0.0,False,,,,,,,2023
match:2023-05-08:local:santa_fe,2023-05-08_Local_Santa_Fe.json,2023-05-08,Primera A,Santa Fe,Local,1 - 0,Stiven Vega,,M,51,6.6,False,0,0,0,0,23,20%,2,0,0,5,3,2,0,1,0,0.2,True,0.0,0.0,0.0,0.0,5.294117647058823,3.5294117647058822,2023
match:2023-05-08:local:santa_fe,2023-05-08_Local_Santa_Fe.json,2023-05-08,Primera A,Santa Fe,Local,1 - 0,Álvaro Montero,,G,96,7.3,True,0,0,0,0,20,11%,0,0,0,1,1,0,1,0,0,0.11,True,0.0,0.0,0.0,0.0,0.9375,0.0,2023
match:2023-05-11:local:alianza_petrolera,2023-05-11_Local_Alianza_Petrolera.json,2023-05-11,Primera A,Alianza Petrolera,Local,3 - 1,Andrés Llinás,,D,90,7.0,True,0,0,1,0,45,41%,3,1,0,7,5,1,1,0,0,0.41,True,0.0,0.0,1.0,0.0,5.0,1.0,2023
match:2023-05-11:local:alianza_petrolera,2023-05-11_Local_Alianza_Petrolera.json,2023-05-11,Primera A,Alianza Petrolera,Local,3 - 1,Beckham Castro,,F,9,7.2,False,0,0,0,0,0,0%,1,0,0,3,2,1,1,1,0,0.0,True,0.0,0.0,0.0,0.0,20.0,10.0,2023
match:2023-05-11:local:alianza_petrolera,2023-05-11_Local_Alianza_Petrolera.json,2023-05-11,Primera A,Alianza Petrolera,Local,3 - 1,Daniel Cataño,,M,89,8.5,True,0,2,5,4,48,42%,0,0,1,9,2,3,1,1,0,0.42,True,0.0,2.0224719101123596,5.056179775280898,4.044943820224719,2.0224719101123596,3.033707865168539,2023
match:2023-05-11:local:alianza_petrolera,2023-05-11_Local_Alianza_Petrolera.json,2023-05-11,Primera A,Alianza Petrolera,Local,3 - 1,Daniel Giraldo,,M,81,6.7,True,0,0,0,0,52,47%,1,1,0,7,2,3,0,1,0,0.47,True,0.0,0.0,0.0,0.0,2.2222222222222223,3.333333333333333,2023
match:2023-05-11:local:alianza_petrolera,2023-05-11_Local_Alianza_Petrolera.json,2023-05-11,Primera A,Alianza Petrolera,Local,3 - 1,David Macalister Silva,,M,81,6.5,True,0,0,1,0,40,32%,0,1,0,5,0,0,0,0,0,0.32,True,0.0,0.0,1.1111111111111112,0.0,0.0,0.0,2023
match:2023-05-11:local:alianza_petrolera,2023-05-11_Local_Alianza_Petrolera.json,2023-05-11,Primera A,Alianza Petrolera,Local,3 - 1,Elvis Perlaza,,D,90,6.9,True,0,0,0,0,37,31%,0,4,0,4,2,1,2,1,0,0.31,True,0.0,0.0,0.0,0.0,2.0,1.0,2023
match:2023-05-11:local:alianza_petrolera,2023-05-11_Local_Alianza_Petrolera.json,2023-05-11,Primera A,Alianza Petrolera,Local,3 - 1,Fernando Uribe,,F,18,6.3,False,0,0,0,0,6,6%,0,0,0,0,0,0,0,0,0,0.06,True,0.0,0.0,0.0,0.0,0.0,0.0,2023
match:2023-05-11:local:alianza_petrolera,2023-05-11_Local_Alianza_Petrolera.json,2023-05-11,Primera A,Alianza Petrolera,Local,3 - 1,Jhoan Hernandez,,D,1,,False,0,0,0,0,2,1%,0,0,0,2,1,0,0,0,0,1.0,True,0.0,0.0,0.0,0.0,90.0,0.0,2023
match:2023-05-11:local:alianza_petrolera,2023-05-11_Local_Alianza_Petrolera.json,2023-05-11,Primera A,Alianza Petrolera,Local,3 - 1,Jorge Arias,,D,90,6.5,True,0,0,1,0,43,37%,1,3,0,7,2,2,0,0,0,0.37,True,0.0,0.0,1.0,0.0,2.0,2.0,2023
match:2023-05-11:local:alianza_petrolera,2023-05-11_Local_Alianza_Petrolera.json,2023-05-11,Primera A,Alianza Petrolera,Local,3 - 1,Juan Moreno,,G,90,7.2,True,0,0,0,0,13,9%,0,0,0,2,2,0,1,0,0,0.09,True,0.0,0.0,0.0,0.0,2.0,0.0,2023
match:2023-05-11:local:alianza_petrolera,2023-05-11_Local_Alianza_Petrolera.json,2023-05-11,Primera A,Alianza Petrolera,Local,3 - 1,Juan Pablo Vargas,,D,90,8.3,True,2,0,2,2,49,40%,0,0,1,5,1,0,0,0,0,0.4,True,2.0,0.0,2.0,2.0,1.0,0.0,2023
match:2023-05-11:local:alianza_petrolera,2023-05-11_Local_Alianza_Petrolera.json,2023-05-11,Primera A,Alianza Petrolera,Local,3 - 1,Juan Pereira,,M,72,6.9,True,0,0,0,0,42,40%,1,2,0,6,3,1,1,0,0,0.4,True,0.0,0.0,0.0,0.0,3.75,1.25,2023
match:2023-05-11:local:alianza_petrolera,2023-05-11_Local_Alianza_Petrolera.json,2023-05-11,Primera A,Alianza Petrolera,Local,3 - 1,Larry Vásquez,,M,18,6.3,False,0,0,0,0,13,13%,1,0,0,4,1,1,0,1,0,0.13,True,0.0,0.0,0.0,0.0,5.0,5.0,2023
match:2023-05-11:local:alianza_petrolera,2023-05-11_Local_Alianza_Petrolera.json,2023-05-11,Primera A,Alianza Petrolera,Local,3 - 1,Leonardo Castro,,F,72,7.0,True,1,0,3,2,11,4%,0,0,0,3,2,0,1,0,0,0.04,True,1.25,0.0,3.75,2.5,2.5,0.0,2023
match:2023-05-11:local:alianza_petrolera,2023-05-11_Local_Alianza_Petrolera.json,2023-05-11,Primera A,Alianza Petrolera,Local,3 - 1,Luis Carlos Ruiz Morales,,M,90,7.3,True,0,1,2,1,33,28%,0,0,0,6,3,0,3,0,0,0.28,True,0.0,1.0,2.0,1.0,3.0,0.0,2023
match:2023-05-11:local:alianza_petrolera,2023-05-11_Local_Alianza_Petrolera.json,2023-05-11,Primera A,Alianza Petrolera,Local,3 - 1,Luis Paredes,,F,0,,False,0,0,0,0,0,0%,0,0,0,0,0,0,0,0,0,0.0,False,,,,,,,2023
match:2023-05-11:local:alianza_petrolera,2023-05-11_Local_Alianza_Petrolera.json,2023-05-11,Primera A,Alianza Petrolera,Local,3 - 1,Stiven Vega,,M,9,6.3,False,0,0,0,0,5,4%,0,0,0,0,0,0,0,0,0,0.04,True,0.0,0.0,0.0,0.0,0.0,0.0,2023
match:2023-05-11:local:alianza_petrolera,2023-05-11_Local_Alianza_Petrolera.json,2023-05-11,Primera A,Alianza Petrolera,Local,3 - 1,Álvaro Montero,,G,0,,False,0,0,0,0,0,0%,0,0,0,0,0,0,0,0,0,0.0,False,,,,,,,2023
match:2023-05-14:visitante:chico,2023-05-14_Visitante_Chico.json,2023-05-14,Primera A,Chico,Visitante,1 - 1,Alex Moreno,,D,90,6.7,True,0,0,0,0,54,38%,1,1,0,1,1,0,0,0,0,0.38,True,0.0,0.0,0.0,0.0,1.0,0.0,2023
match:2023-05-14:visitante:chico,2023-05-14_Visitante_Chico.json,2023-05-14,Primera A,Chico,Visitante,1 - 1,Andrés Murillo,,D,90,7.0,True,0,0,0,0,33,27%,1,3,1,3,3,0,0,1,0,0.27,True,0.0,0.0,0.0,0.0,3.0,0.0,2023
match:2023-05-14:visitante:chico,2023-05-14_Visitante_Chico.json,2023-05-14,Primera A,Chico,Visitante,1 - 1,Beckham Castro,,M,89,6.9,True,0,0,1,1,30,22%,1,0,0,5,4,1,2,0,0,0.22,True,0.0,0.0,1.0112359550561798,1.0112359550561798,4.044943820224719,1.0112359550561798,2023
match:2023-05-14:visitante:chico,2023-05-14_Visitante_Chico.json,2023-05-14,Primera A,Chico,Visitante,1 - 1,Camilo Andrés Romero Jiménez,,G,0,,False,0,0,0,0,0,0%,0,0,0,0,0,0,0,0,0,0.0,False,,,,,,,2023
match:2023-05-14:visitante:chico,2023-05-14_Visitante_Chico.json,2023-05-14,Primera A,Chico,Visitante,1 - 1,Daniel Giraldo,,M,31,6.3,False,0,0,0,0,21,19%,0,0,0,3,0,1,0,1,0,0.19,True,0.0,0.0,0.0,0.0,0.0,2.903225806451613,2023
match:2023-05-14:visitante:chico,2023-05-14_Visitante_Chico.json,2023-05-14,Primera A,Chico,Visitante,1 - 1,Dewar Victoria,,M,0,,False,0,0,0,0,0,0%,0,0,0,0,0,0,0,0,0,0.0,False,,,,,,,2023
match:2023-05-14:visitante:chico,2023-05-14_Visitante_Chico.json,2023-05-14,Primera A,Chico,Visitante,1 - 1,Fernando Uribe,,F,89,6.6,True,0,0,1,1,16,13%,0,0,0,1,0,0,0,0,0,0.13,True,0.0,0.0,1.0112359550561798,1.0112359550561798,0.0,0.0,2023
match:2023-05-14:visitante:chico,2023-05-14_Visitante_Chico.json,2023-05-14,Primera A,Chico,Visitante,1 - 1,Israel Alba,,D,90,6.3,True,0,0,0,0,41,31%,0,0,0,1,1,0,1,0,0,0.31,True,0.0,0.0,0.0,0.0,1.0,0.0,2023
match:2023-05-14:visitante:chico,2023-05-14_Visitante_Chico.json,2023-05-14,Primera A,Chico,Visitante,1 - 1,Jhoan Hernandez,,D,31,6.7,False,0,0,0,0,14,7%,0,0,0,4,3,1,1,0,0,0.07,True,0.0,0.0,0.0,0.0,8.709677419354838,2.903225806451613,2023
match:2023-05-14:visitante:chico,2023-05-14_Visitante_Chico.json,2023-05-14,Primera A,Chico,Visitante,1 - 1,Juan Moreno,,G,90,7.2,True,0,0,0,0,23,13%,0,0,0,0,0,0,0,0,0,0.13,True,0.0,0.0,0.0,0.0,0.0,0.0,2023
match:2023-05-14:visitante:chico,2023-05-14_Visitante_Chico.json,2023-05-14,Primera A,Chico,Visitante,1 - 1,Juan Torres,,M,1,,False,0,0,0,0,3,2%,0,0,0,0,0,0,0,0,0,0.02,True,0.0,0.0,0.0,0.0,0.0,0.0,2023
match:2023-05-14:visitante:chico,2023-05-14_Visitante_Chico.json,2023-05-14,Primera A,Chico,Visitante,1 - 1,Larry Vásquez,,M,90,7.0,True,0,0,0,0,59,51%,3,1,0,9,6,2,1,1,0,0.51,True,0.0,0.0,0.0,0.0,6.0,2.0,2023
match:2023-05-14:visitante:chico,2023-05-14_Visitante_Chico.json,2023-05-14,Primera A,Chico,Visitante,1 - 1,Luis Paredes,,M,89,7.0,True,1,0,3,1,23,17%,1,1,0,6,2,0,0,0,0,0.17,True,1.0112359550561798,0.0,3.033707865168539,1.0112359550561798,2.0224719101123596,0.0,2023
match:2023-05-14:visitante:chico,2023-05-14_Visitante_Chico.json,2023-05-14,Primera A,Chico,Visitante,1 - 1,Nicolas Arevalo,,M,59,6.6,True,0,1,0,0,24,22%,0,3,0,5,1,0,1,0,0,0.22,True,0.0,1.5254237288135593,0.0,0.0,1.5254237288135593,0.0,2023
match:2023-05-14:visitante:chico,2023-05-14_Visitante_Chico.json,2023-05-14,Primera A,Chico,Visitante,1 - 1,Ramiro Brochero,,F,1,,False,0,0,0,0,1,1%,0,0,0,1,1,0,1,0,0,1.0,True,0.0,0.0,0.0,0.0,90.0,0.0,2023
match:2023-05-14:visitante:chico,2023-05-14_Visitante_Chico.json,2023-05-14,Primera A,Chico,Visitante,1 - 1,Samuel Asprilla,,D,59,6.3,True,0,0,0,0,17,13%,2,1,1,6,2,2,0,0,0,0.13,True,0.0,0.0,0.0,0.0,3.0508474576271185,3.0508474576271185,2023
match:2023-05-14:visitante:chico,2023-05-14_Visitante_Chico.json,2023-05-14,Primera A,Chico,Visitante,1 - 1,Stiven Vega,,M,90,6.3,True,0,0,0,0,45,35%,1,2,2,6,1,2,0,0,0,0.35,True,0.0,0.0,0.0,0.0,1.0,2.0,2023
match:2023-05-14:visitante:chico,2023-05-14_Visitante_Chico.json,2023-05-14,Primera A,Chico,Visitante,1 - 1,Yuber Quiñones,,F,1,,False,0,0,0,0,2,2%,0,0,0,0,0,0,0,0,0,0.02,True,0.0,0.0,0.0,0.0,0.0,0.0,2023
match:2023-05-18:local:la_equidad,2023-05-18_Local_La_Equidad.json,2023-05-18,Primera A,La Equidad,Local,0 - 0,Alex Moreno,,D,0,,False,0,0,0,0,0,0%,0,0,0,0,0,0,0,0,0,0.0,False,,,,,,,2023
match:2023-05-18:local:la_equidad,2023-05-18_Local_La_Equidad.json,2023-05-18,Primera A,La Equidad,Local,0 - 0,Andrés Llinás,,D,90,7.2,True,0,0,1,1,49,38%,0,2,2,5,2,2,0,0,0,0.38,True,0.0,0.0,1.0,1.0,2.0,2.0,2023
match:2023-05-18:local:la_equidad,2023-05-18_Local_La_Equidad.json,2023-05-18,Primera A,La Equidad,Local,0 - 0,Beckham Castro,,M,90,6.5,True,0,0,1,0,19,15%,1,0,0,11,3,1,2,0,0,0.15,True,0.0,0.0,1.0,0.0,3.0,1.0,2023
match:2023-05-18:local:la_equidad,2023-05-18_Local_La_Equidad.json,2023-05-18,Primera A,La Equidad,Local,0 - 0,Daniel Cataño,,M,40,6.9,True,0,0,1,1,19,11%,0,1,0,6,3,1,2,0,0,0.11,True,0.0,0.0,2.25,2.25,6.75,2.25,2023
match:2023-05-18:local:la_equidad,2023-05-18_Local_La_Equidad.json,2023-05-18,Primera A,La Equidad,Local,0 - 0,David Macalister Silva,,M,71,7.3,True,0,0,2,1,48,37%,0,0,1,4,2,1,2,0,0,0.37,True,0.0,0.0,2.535211267605634,1.267605633802817,2.535211267605634,1.267605633802817,2023
match:2023-05-18:local:la_equidad,2023-05-18_Local_La_Equidad.json,2023-05-18,Primera A,La Equidad,Local,0 - 0,Dewar Victoria,,M,50,6.7,False,0,0,0,0,26,21%,0,0,0,3,1,1,0,0,0,0.21,True,0.0,0.0,0.0,0.0,1.8,1.8,2023
match:2023-05-18:local:la_equidad,2023-05-18_Local_La_Equidad.json,2023-05-18,Primera A,La Equidad,Local,0 - 0,Elvis Perlaza,,D,45,6.5,True,0,0,0,0,24,17%,1,0,0,8,4,1,2,1,0,0.17,True,0.0,0.0,0.0,0.0,8.0,2.0,2023
match:2023-05-18:local:la_equidad,2023-05-18_Local_La_Equidad.json,2023-05-18,Primera A,La Equidad,Local,0 - 0,Fernando Uribe,,F,45,6.3,False,0,0,0,0,12,11%,0,0,0,9,2,1,1,0,0,0.11,True,0.0,0.0,0.0,0.0,4.0,2.0,2023
match:2023-05-18:local:la_equidad,2023-05-18_Local_La_Equidad.json,2023-05-18,Primera A,La Equidad,Local,0 - 0,Jhoan Hernandez,,D,19,6.6,False,0,0,1,1,2,1%,0,0,0,1,1,0,1,0,0,1.0,True,0.0,0.0,4.7368421052631575,4.7368421052631575,4.7368421052631575,0.0,2023
match:2023-05-18:local:la_equidad,2023-05-18_Local_La_Equidad.json,2023-05-18,Primera A,La Equidad,Local,0 - 0,Jonathan Gonzalez,,G,0,,False,0,0,0,0,0,0%,0,0,0,0,0,0,0,0,0,0.0,False,,,,,,,2023
match:2023-05-18:local:la_equidad,2023-05-18_Local_La_Equidad.json,2023-05-18,Primera A,La Equidad,Local,0 - 0,Jorge Arias,,D,90,7.2,True,0,0,0,0,30,25%,1,3,0,5,1,2,0,0,0,0.25,True,0.0,0.0,0.0,0.0,1.0,2.0,2023
match:2023-05-18:local:la_equidad,2023-05-18_Local_La_Equidad.json,2023-05-18,Primera A,La Equidad,Local,0 - 0,Juan Moreno,,G,90,7.5,True,0,0,0,0,26,18%,0,0,0,0,0,0,0,0,0,0.18,True,0.0,0.0,0.0,0.0,0.0,0.0,2023
match:2023-05-18:local:la_equidad,2023-05-18_Local_La_Equidad.json,2023-05-18,Primera A,La Equidad,Local,0 - 0,Juan Pablo Vargas,,D,90,7.3,True,0,0,1,1,52,39%,1,1,0,4,2,2,0,0,0,0.39,True,0.0,0.0,1.0,1.0,2.0,2.0,2023
match:2023-05-18:local:la_equidad,2023-05-18_Local_La_Equidad.json,2023-05-18,Primera A,La Equidad,Local,0 - 0,Leonardo Castro,,F,45,6.3,True,0,0,0,0,7,4%,0,0,0,6,2,1,0,1,0,0.04,True,0.0,0.0,0.0,0.0,4.0,2.0,2023
match:2023-05-18:local:la_equidad,2023-05-18_Local_La_Equidad.json,2023-05-18,Primera A,La Equidad,Local,0 - 0,Luis Carlos Ruiz Morales,,M,42,6.9,True,0,0,0,0,9,6%,3,0,0,7,5,0,2,0,0,0.06,True,0.0,0.0,0.0,0.0,10.714285714285714,0.0,2023
match:2023-05-18:local:la_equidad,2023-05-18_Local_La_Equidad.json,2023-05-18,Primera A,La Equidad,Local,0 - 0,Luis Paredes,,F,48,6.6,False,0,0,0,0,15,10%,0,0,0,3,1,1,1,0,0,0.1,True,0.0,0.0,0.0,0.0,1.875,1.875,2023
match:2023-05-18:local:la_equidad,2023-05-18_Local_La_Equidad.json,2023-05-18,Primera A,La Equidad,Local,0 - 0,Ricardo Rosales,,D,45,6.2,False,0,0,0,0,17,8%,1,0,1,9,3,1,1,1,0,0.08,True,0.0,0.0,0.0,0.0,6.0,2.0,2023
match:2023-05-18:local:la_equidad,2023-05-18_Local_La_Equidad.json,2023-05-18,Primera A,La Equidad,Local,0 - 0,Stiven Vega,,M,90,7.2,True,0,0,0,0,44,34%,3,1,1,10,6,0,0,0,0,0.34,True,0.0,0.0,0.0,0.0,6.0,0.0,2023
match:2023-05-21:visitante:independiente_medellin,2023-05-21_Visitante_Independiente_Medellin.json,2023-05-21,Primera A,Independiente Medellin,Visitante,2 - 2,Alex Moreno,,D,0,,False,0,0,0,0,0,0%,0,0,0,0,0,0,0,0,0,0.0,False,,,,,,,2023
match:2023-05-21:visitante:independiente_medellin,2023-05-21_Visitante_Independiente_Medellin.json,2023-05-21,Primera A,Independiente Medellin,Visitante,2 - 2,Andrés Llinás,,D,90,6.6,True,0,0,0,0,22,20%,2,2,0,3,2,0,0,0,0,0.2,True,0.0,0.0,0.0,0.0,2.0,0.0,2023
match:2023-05-21:visitante:independiente_medellin,2023-05-21_Visitante_Independiente_Medellin.json,2023-05-21,Primera A,Independiente Medellin,Visitante,2 - 2,Beckham Castro,,M,88,7.6,True,1,1,2,2,19,12%,1,0,0,9,2,1,1,0,0,0.12,True,1.0227272727272727,1.0227272727272727,2.0454545454545454,2.0454545454545454,2.0454545454545454,1.0227272727272727,2023
match:2023-05-21:visitante:independiente_medellin,2023-05-21_Visitante_Independiente_Medellin.json,2023-05-21,Primera A,Independiente Medellin,Visitante,2 - 2,Daniel Giraldo,,M,90,7.2,True,0,0,0,0,31,29%,1,1,0,8,8,0,4,0,0,0.29,True,0.0,0.0,0.0,0.0,8.0,0.0,2023
match:2023-05-21:visitante:independiente_medellin,2023-05-21_Visitante_Independiente_Medellin.json,2023-05-21,Primera A,Independiente Medellin,Visitante,2 - 2,David Macalister Silva,,M,90,6.3,True,0,0,0,0,33,25%,0,0,0,5,1,0,1,0,0,0.25,True,0.0,0.0,0.0,0.0,1.0,0.0,2023
match:2023-05-21:visitante:independiente_medellin,2023-05-21_Visitante_Independiente_Medellin.json,2023-05-21,Primera A,Independiente Medellin,Visitante,2 - 2,Edgar Guerra,,F,14,6.3,False,0,0,1,0,7,7%,0,1,0,5,2,1,2,1,0,0.07,True,0.0,0.0,6.428571428571428,0.0,12.857142857142856,6.428571428571428,2023
match:2023-05-21:visitante:independiente_medellin,2023-05-21_Visitante_Independiente_Medellin.json,2023-05-21,Primera A,Independiente Medellin,Visitante,2 - 2,Elvis Perlaza,,D,90,6.3,True,0,0,0,0,37,31%,2,1,0,5,3,2,1,0,0,0.31,True,0.0,0.0,0.0,0.0,3.0,2.0,2023
match:2023-05-21:visitante:independiente_medellin,2023-05-21_Visitante_Independiente_Medellin.json,2023-05-21,Primera A,Independiente Medellin,Visitante,2 - 2,Fernando Uribe,,F,15,6.5,False,0,0,0,0,3,1%,0,0,0,0,0,0,0,0,0,1.0,True,0.0,0.0,0.0,0.0,0.0,0.0,2023
match:2023-05-21:visitante:independiente_medellin,2023-05-21_Visitante_Independiente_Medellin.json,2023-05-21,Primera A,Independiente Medellin,Visitante,2 - 2,Jorge Arias,,D,90,6.9,True,1,0,2,1,22,21%,2,2,0,6,2,3,0,0,0,0.21,True,1.0,0.0,2.0,1.0,2.0,3.0,2023
match:2023-05-21:visitante:independiente_medellin,2023-05-21_Visitante_Independiente_Medellin.json,2023-05-21,Primera A,Independiente Medellin,Visitante,2 - 2,Juan Moreno,,G,0,,False,0,0,0,0,0,0%,0,0,0,0,0,0,0,0,0,0.0,False,,,,,,,2023
match:2023-05-21:visitante:independiente_medellin,2023-05-21_Visitante_Independiente_Medellin.json,2023-05-21,Primera A,Independiente Medellin,Visitante,2 - 2,Juan Pablo Vargas,,D,90,7.2,True,0,0,1,0,28,22%,1,1,1,3,2,1,0,0,0,0.22,True,0.0,0.0,1.0,0.0,2.0,1.0,2023
match:2023-05-21:visitante:independiente_medellin,2023-05-21_Visitante_Independiente_Medellin.json,2023-05-21,Primera A,Independiente Medellin,Visitante,2 - 2,Juan Torres,,M,0,,False,0,0,0,0,0,0%,0,0,0,0,0,0,0,1,0,0.0,False,,,,,,,2023
match:2023-05-21:visitante:independiente_medellin,2023-05-21_Visitante_Independiente_Medellin.json,2023-05-21,Primera A,Independiente Medellin,Visitante,2 - 2,Kliver Moreno,,M,0,,False,0,0,0,0,0,0%,0,0,0,0,0,0,0,0,0,0.0,False,,,,,,,2023
match:2023-05-21:visitante:independiente_medellin,2023-05-21_Visitante_Independiente_Medellin.json,2023-05-21,Primera A,Independiente Medellin,Visitante,2 - 2,Leonardo Castro,,F,75,7.3,True,0,1,1,0,18,13%,1,0,0,3,2,2,1,0,0,0.13,True,0.0,1.2000000000000002,1.2000000000000002,0.0,2.4000000000000004,2.4000000000000004,2023
match:2023-05-21:visitante:independiente_medellin,2023-05-21_Visitante_Independiente_Medellin.json,2023-05-21,Primera A,Independiente Medellin,Visitante,2 - 2,Luis Paredes,,M,76,6.2,True,0,0,4,2,24,17%,0,1,0,4,1,1,1,0,0,0.17,True,0.0,0.0,4.7368421052631575,2.3684210526315788,1.1842105263157894,1.1842105263157894,2023
match:2023-05-21:visitante:independiente_medellin,2023-05-21_Visitante_Independiente_Medellin.json,2023-05-21,Primera A,Independiente Medellin,Visitante,2 - 2,Omar Bertel,,D,10,6.7,False,0,0,0,0,4,4%,0,0,0,1,0,1,0,0,0,0.04,True,0.0,0.0,0.0,0.0,0.0,9.0,2023
match:2023-05-21:visitante:independiente_medellin,2023-05-21_Visitante_Independiente_Medellin.json,2023-05-21,Primera A,Independiente Medellin,Visitante,2 - 2,Stiven Vega,,M,90,6.6,True,0,0,0,0,30,22%,1,0,1,2,2,0,1,0,0,0.22,True,0.0,0.0,0.0,0.0,2.0,0.0,2023
match:2023-05-21:visitante:independiente_medellin,2023-05-21_Visitante_Independiente_Medellin.json,2023-05-21,Primera A,Independiente Medellin,Visitante,2 - 2,Álvaro Montero,,G,90,6.0,True,0,0,0,0,19,9%,0,0,0,0,0,0,0,0,0,0.09,True,0.0,0.0,0.0,0.0,0.0,0.0,2023
match:2023-05-24:local:penarol,2023-05-24_Local_Penarol.json,2023-05-24,CONMEBOL Sudamericana,Penarol,Local,3 - 1,Alex Moreno,,D,0,,False,0,0,0,0,0,0%,0,0,0,0,0,0,0,0,0,0.0,False,,,,,,,2023
match:2023-05-24:local:penarol,2023-05-24_Local_Penarol.json,2023-05-24,CONMEBOL Sudamericana,Penarol,Local,3 - 1,Andrés Llinás,,D,90,6.6,True,0,0,1,0,56,43%,4,2,1,15,9,1,0,1,0,0.43,True,0.0,0.0,1.0,0.0,9.0,1.0,2023
match:2023-05-24:local:penarol,2023-05-24_Local_Penarol.json,2023-05-24,CONMEBOL Sudamericana,Penarol,Local,3 - 1,Andrés Murillo,,D,0,,False,0,0,0,0,0,0%,0,0,0,0,0,0,0,0,0,0.0,False,,,,,,,2023
match:2023-05-24:local:penarol,2023-05-24_Local_Penarol.json,2023-05-24,CONMEBOL Sudamericana,Penarol,Local,3 - 1,Beckham Castro,,M,69,7.9,True,0,1,0,0,23,18%,0,0,0,1,1,0,1,0,0,0.18,True,0.0,1.3043478260869565,0.0,0.0,1.3043478260869565,0.0,2023
match:2023-05-24:local:penarol,2023-05-24_Local_Penarol.json,2023-05-24,CONMEBOL Sudamericana,Penarol,Local,3 - 1,Daniel Giraldo,,M,90,6.7,True,0,0,1,0,51,42%,2,0,0,7,3,1,1,0,0,0.42,True,0.0,0.0,1.0,0.0,3.0,1.0,2023
match:2023-05-24:local:penarol,2023-05-24_Local_Penarol.json,2023-05-24,CONMEBOL Sudamericana,Penarol,Local,3 - 1,David Macalister Silva,,M,89,7.2,True,0,0,2,1,58,53%,3,0,0,11,8,0,3,0,0,0.53,True,0.0,0.0,2.0224719101123596,1.0112359550561798,8.089887640449438,0.0,2023
match:2023-05-24:local:penarol,2023-05-24_Local_Penarol.json,2023-05-24,CONMEBOL Sudamericana,Penarol,Local,3 - 1,Dewar Victoria,,M,0,,False,0,0,0,0,0,0%,0,0,0,0,0,0,0,0,0,0.0,False,,,,,,,2023
match:2023-05-24:local:penarol,2023-05-24_Local_Penarol.json,2023-05-24,CONMEBOL Sudamericana,Penarol,Local,3 - 1,Edgar Guerra,,F,1,,False,0,0,0,0,2,2%,1,0,0,5,3,0,1,0,0,0.02,True,0.0,0.0,0.0,0.0,270.0,0.0,2023
match:2023-05-24:local:penarol,2023-05-24_Local_Penarol.json,2023-05-24,CONMEBOL Sudamericana,Penarol,Local,3 - 1,Elvis Perlaza,,D,90,7.0,True,0,0,0,0,58,46%,4,2,0,12,8,0,0,0,0,0.46,True,0.0,0.0,0.0,0.0,8.0,0.0,2023
match:2023-05-24:local:penarol,2023-05-24_Local_Penarol.json,2023-05-24,CONMEBOL Sudamericana,Penarol,Local,3 - 1,Fernando Uribe,,F,22,6.7,False,0,0,0,0,9,5%,0,0,0,2,2,1,0,0,0,0.05,True,0.0,0.0,0.0,0.0,8.181818181818182,4.090909090909091,2023
match:2023-05-24:local:penarol,2023-05-24_Local_Penarol.json,2023-05-24,CONMEBOL Sudamericana,Penarol,Local,3 - 1,Israel Alba,,D,0,,False,0,0,0,0,0,0%,0,0,0,0,0,0,0,0,0,0.0,False,,,,,,,2023
match:2023-05-24:local:penarol,2023-05-24_Local_Penarol.json,2023-05-24,CONMEBOL Sudamericana,Penarol,Local,3 - 1,Jorge Arias,,D,90,7.9,True,1,0,1,1,55,38%,1,1,0,7,6,0,1,0,0,0.38,True,1.0,0.0,1.0,1.0,6.0,0.0,2023
match:2023-05-24:local:penarol,2023-05-24_Local_Penarol.json,2023-05-24,CONMEBOL Sudamericana,Penarol,Local,3 - 1,Juan Moreno,,G,0,,False,0,0,0,0,0,0%,0,0,0,0,0,0,0,0,0,0.0,False,,,,,,,2023
match:2023-05-24:local:penarol,2023-05-24_Local_Penarol.json,2023-05-24,CONMEBOL Sudamericana,Penarol,Local,3 - 1,Juan Pablo Vargas,,D,59,6.7,True,0,0,1,0,51,44%,1,1,0,5,4,0,0,0,0,0.44,True,0.0,0.0,1.5254237288135593,0.0,6.101694915254237,0.0,2023
match:2023-05-24:local:penarol,2023-05-24_Local_Penarol.json,2023-05-24,CONMEBOL Sudamericana,Penarol,Local,3 - 1,Juan Torres,,M,0,,False,0,0,0,0,0,0%,0,0,0,0,0,0,0,0,0,0.0,False,,,,,,,2023
match:2023-05-24:local:penarol,2023-05-24_Local_Penarol.json,2023-05-24,CONMEBOL Sudamericana,Penarol,Local,3 - 1,Kliver Moreno,,M,0,,False,0,0,0,0,0,0%,0,0,0,0,0,0,0,0,0,0.0,False,,,,,,,2023
match:2023-05-24:local:penarol,2023-05-24_Local_Penarol.json,2023-05-24,CONMEBOL Sudamericana,Penarol,Local,3 - 1,Larry Vásquez,,M,1,,False,0,0,0,0,4,4%,1,0,0,1,1,1,0,0,0,0.04,True,0.0,0.0,0.0,0.0,90.0,90.0,2023
match:2023-05-24:local:penarol,2023-05-24_Local_Penarol.json,2023-05-24,CONMEBOL Sudamericana,Penarol,Local,3 - 1,Leonardo Castro,,F,68,6.2,True,0,0,0,0,14,9%,0,1,0,10,2,3,0,0,0,0.09,True,0.0,0.0,0.0,0.0,2.6470588235294117,3.9705882352941178,2023
match:2023-05-24:local:penarol,2023-05-24_Local_Penarol.json,2023-05-24,CONMEBOL Sudamericana,Penarol,Local,3 - 1,Luis Paredes,,M,89,6.9,True,1,0,2,2,34,32%,0,0,0,12,2,3,1,0,0,0.32,True,1.0112359550561798,0.0,2.0224719101123596,2.0224719101123596,2.0224719101123596,3.033707865168539,2023
match:2023-05-24:local:penarol,2023-05-24_Local_Penarol.json,2023-05-24,CONMEBOL Sudamericana,Penarol,Local,3 - 1,Omar Bertel,,D,31,6.7,False,0,0,0,0,14,5%,1,3,0,3,2,0,0,0,0,0.05,True,0.0,0.0,0.0,0.0,5.806451612903226,0.0,2023
match:2023-05-24:local:penarol,2023-05-24_Local_Penarol.json,2023-05-24,CONMEBOL Sudamericana,Penarol,Local,3 - 1,Stiven Vega,,M,90,6.5,True,0,0,0,0,45,29%,5,0,0,13,6,2,0,1,0,0.29,True,0.0,0.0,0.0,0.0,6.0,2.0,2023
match:2023-05-24:local:penarol,2023-05-24_Local_Penarol.json,2023-05-24,CONMEBOL Sudamericana,Penarol,Local,3 - 1,Yuber Quiñones,,F,21,6.6,False,0,0,0,0,5,3%,1,0,0,5,3,0,1,0,0,0.03,True,0.0,0.0,0.0,0.0,12.857142857142856,0.0,2023
match:2023-05-24:local:penarol,2023-05-24_Local_Penarol.json,2023-05-24,CONMEBOL Sudamericana,Penarol,Local,3 - 1,Álvaro Montero,,G,90,6.6,True,0,0,0,0,18,13%,0,0,0,0,0,0,0,0,0,0.13,True,0.0,0.0,0.0,0.0,0.0,0.0,2023
match:2023-05-28:local:chico,2023-05-28_Local_Chico.json,2023-05-28,Primera A,Chico,Local,1 - 0,Alex Moreno,,D,0,,False,0,0,0,0,0,0%,0,0,0,0,0,0,0,0,0,0.0,False,,,,,,,2023
match:2023-05-28:local:chico,2023-05-28_Local_Chico.json,2023-05-28,Primera A,Chico,Local,1 - 0,Andrés Llinás,,D,90,7.3,True,0,0,0,0,43,35%,1,0,2,3,2,0,0,0,0,0.35,True,0.0,0.0,0.0,0.0,2.0,0.0,2023
match:2023-05-28:local:chico,2023-05-28_Local_Chico.json,2023-05-28,Primera A,Chico,Local,1 - 0,Beckham Castro,,M,77,7.2,True,0,1,1,1,25,21%,0,0,0,5,3,2,3,0,0,0.21,True,0.0,1.168831168831169,1.168831168831169,1.168831168831169,3.5064935064935066,2.337662337662338,2023
match:2023-05-28:local:chico,2023-05-28_Local_Chico.json,2023-05-28,Primera A,Chico,Local,1 - 0,Daniel Giraldo,,M,90,7.3,True,0,0,0,0,50,48%,1,1,0,8,4,2,1,0,0,0.48,True,0.0,0.0,0.0,0.0,4.0,2.0,2023
match:2023-05-28:local:chico,2023-05-28_Local_Chico.json,2023-05-28,Primera A,Chico,Local,1 - 0,David Macalister Silva,,M,90,6.7,True,0,0,1,0,47,39%,2,0,0,15,5,4,1,0,0,0.39,True,0.0,0.0,1.0,0.0,5.0,4.0,2023
match:2023-05-28:local:chico,2023-05-28_Local_Chico.json,2023-05-28,Primera A,Chico,Local,1 - 0,Edgar Guerra,,F,14,6.9,False,0,0,0,0,6,5%,1,0,0,2,2,0,0,0,0,0.05,True,0.0,0.0,0.0,0.0,12.857142857142856,0.0,2023
match:2023-05-28:local:chico,2023-05-28_Local_Chico.json,2023-05-28,Primera A,Chico,Local,1 - 0,Elvis Perlaza,,D,90,6.9,True,0,0,0,0,52,42%,0,0,0,5,1,3,1,1,0,0.42,True,0.0,0.0,0.0,0.0,1.0,3.0,2023
match:2023-05-28:local:chico,2023-05-28_Local_Chico.json,2023-05-28,Primera A,Chico,Local,1 - 0,Fernando Uribe,,F,9,6.6,False,0,0,1,0,2,1%,0,0,0,2,1,1,0,0,0,1.0,True,0.0,0.0,10.0,0.0,10.0,10.0,2023
match:2023-05-28:local:chico,2023-05-28_Local_Chico.json,2023-05-28,Primera A,Chico,Local,1 - 0,Jorge Arias,,D,69,6.3,True,0,0,0,0,23,13%,1,1,0,4,2,2,1,1,0,0.13,True,0.0,0.0,0.0,0.0,2.608695652173913,2.608695652173913,2023
match:2023-05-28:local:chico,2023-05-28_Local_Chico.json,2023-05-28,Primera A,Chico,Local,1 - 0,Juan Moreno,,G,0,,False,0,0,0,0,0,0%,0,0,0,0,0,0,0,0,0,0.0,False,,,,,,,2023
match:2023-05-28:local:chico,2023-05-28_Local_Chico.json,2023-05-28,Primera A,Chico,Local,1 - 0,Juan Pablo Vargas,,D,90,7.2,True,0,0,2,1,45,34%,0,0,1,4,3,0,0,0,0,0.34,True,0.0,0.0,2.0,1.0,3.0,0.0,2023
match:2023-05-28:local:chico,2023-05-28_Local_Chico.json,2023-05-28,Primera A,Chico,Local,1 - 0,Juan Torres,,M,13,6.9,False,0,0,1,1,9,6%,0,0,0,0,0,0,0,0,0,0.06,True,0.0,0.0,6.923076923076923,6.923076923076923,0.0,0.0,2023
match:2023-05-28:local:chico,2023-05-28_Local_Chico.json,2023-05-28,Primera A,Chico,Local,1 - 0,Larry Vásquez,,M,69,7.3,True,0,0,0,0,41,37%,2,2,0,6,4,1,0,1,0,0.37,True,0.0,0.0,0.0,0.0,5.217391304347826,1.3043478260869565,2023
match:2023-05-28:local:chico,2023-05-28_Local_Chico.json,2023-05-28,Primera A,Chico,Local,1 - 0,Leonardo Castro,,F,81,7.3,True,1,0,3,2,16,11%,0,0,0,8,5,1,2,0,0,0.11,True,1.1111111111111112,0.0,3.333333333333333,2.2222222222222223,5.555555555555555,1.1111111111111112,2023
match:2023-05-28:local:chico,2023-05-28_Local_Chico.json,2023-05-28,Primera A,Chico,Local,1 - 0,Luis Paredes,,M,76,6.3,True,0,0,0,0,21,19%,1,0,0,8,2,2,0,0,0,0.19,True,0.0,0.0,0.0,0.0,2.3684210526315788,2.3684210526315788,2023
match:2023-05-28:local:chico,2023-05-28_Local_Chico.json,2023-05-28,Primera A,Chico,Local,1 - 0,Omar Bertel,,D,21,6.3,False,0,0,0,0,6,5%,1,0,0,5,1,0,0,0,0,0.05,True,0.0,0.0,0.0,0.0,4.285714285714286,0.0,2023
match:2023-05-28:local:chico,2023-05-28_Local_Chico.json,2023-05-28,Primera A,Chico,Local,1 - 0,Stiven Vega,,M,21,6.9,False,0,0,0,0,12,12%,0,2,0,0,0,0,0,0,0,0.12,True,0.0,0.0,0.0,0.0,0.0,0.0,2023
match:2023-05-28:local:chico,2023-05-28_Local_Chico.json,2023-05-28,Primera A,Chico,Local,1 - 0,Álvaro Montero,,G,90,8.5,True,0,0,0,0,15,10%,0,0,0,0,0,0,0,0,0,0.1,True,0.0,0.0,0.0,0.0,0.0,0.0,2023
match:2023-06-01:visitante:america_de_cali,2023-06-01_Visitante_America_de_Cali.json,2023-06-01,Primera A,America de Cali,Visitante,0 - 1,Alex Moreno,,D,0,,False,0,0,0,0,0,0%,0,0,0,0,0,0,0,0,0,0.0,False,,,,,,,2023
match:2023-06-01:visitante:america_de_cali,2023-06-01_Visitante_America_de_Cali.json,2023-06-01,Primera A,America de Cali,Visitante,0 - 1,Andrés Llinás,,D,90,6.9,True,0,0,0,0,19,14%,0,1,0,3,1,1,0,1,0,0.14,True,0.0,0.0,0.0,0.0,1.0,1.0,2023
match:2023-06-01:visitante:america_de_cali,2023-06-01_Visitante_America_de_Cali.json,2023-06-01,Primera A,America de Cali,Visitante,0 - 1,Beckham Castro,,M,70,7.5,True,1,0,1,1,21,15%,0,0,0,3,2,0,0,0,0,0.15,True,1.2857142857142856,0.0,1.2857142857142856,1.2857142857142856,2.571428571428571,0.0,2023
match:2023-06-01:visitante:america_de_cali,2023-06-01_Visitante_America_de_Cali.json,2023-06-01,Primera A,America de Cali,Visitante,0 - 1,Daniel Giraldo,,M,86,7.2,True,0,0,0,0,43,31%,6,1,0,16,10,3,2,0,0,0.31,True,0.0,0.0,0.0,0.0,10.465116279069766,3.13953488372093,2023
match:2023-06-01:visitante:america_de_cali,2023-06-01_Visitante_America_de_Cali.json,2023-06-01,Primera A,America de Cali,Visitante,0 - 1,Edgar Guerra,,F,11,6.3,False,0,0,0,0,5,4%,0,0,0,3,2,0,1,0,0,0.04,True,0.0,0.0,0.0,0.0,16.363636363636363,0.0,2023
match:2023-06-01:visitante:america_de_cali,2023-06-01_Visitante_America_de_Cali.json,2023-06-01,Primera A,America de Cali,Visitante,0 - 1,Elvis Perlaza,,D,90,7.0,True,0,0,0,0,43,33%,5,1,0,11,5,2,0,1,0,0.33,True,0.0,0.0,0.0,0.0,5.0,2.0,2023
match:2023-06-01:visitante:america_de_cali,2023-06-01_Visitante_America_de_Cali.json,2023-06-01,Primera A,America de Cali,Visitante,0 - 1,Fernando Uribe,,F,27,6.7,False,0,0,0,0,9,7%,2,0,0,5,3,0,0,0,0,0.07,True,0.0,0.0,0.0,0.0,10.0,0.0,2023
match:2023-06-01:visitante:america_de_cali,2023-06-01_Visitante_America_de_Cali.json,2023-06-01,Primera A,America de Cali,Visitante,0 - 1,Jorge Arias,,D,90,6.9,True,0,0,0,0,21,16%,3,1,1,12,7,1,1,1,0,0.16,True,0.0,0.0,0.0,0.0,7.0,1.0,2023
match:2023-06-01:visitante:america_de_cali,2023-06-01_Visitante_America_de_Cali.json,2023-06-01,Primera A,America de Cali,Visitante,0 - 1,Juan Moreno,,G,0,,False,0,0,0,0,0,0%,0,0,0,0,0,0,0,0,0,0.0,False,,,,,,,2023
match:2023-06-01:visitante:america_de_cali,2023-06-01_Visitante_America_de_Cali.json,2023-06-01,Primera A,America de Cali,Visitante,0 - 1,Juan Pablo Vargas,,D,90,6.9,True,0,0,0,0,31,26%,0,0,2,4,1,1,0,0,0,0.26,True,0.0,0.0,0.0,0.0,1.0,1.0,2023
match:2023-06-01:visitante:america_de_cali,2023-06-01_Visitante_America_de_Cali.json,2023-06-01,Primera A,America de Cali,Visitante,0 - 1,Juan Pereira,,M,10,6.5,False,0,0,0,0,8,7%,0,1,0,1,0,0,0,0,0,0.07,True,0.0,0.0,0.0,0.0,0.0,0.0,2023
match:2023-06-01:visitante:america_de_cali,2023-06-01_Visitante_America_de_Cali.json,2023-06-01,Primera A,America de Cali,Visitante,0 - 1,Larry Vásquez,,M,90,6.6,True,0,0,0,0,35,27%,1,2,0,5,1,2,0,0,0,0.27,True,0.0,0.0,0.0,0.0,1.0,2.0,2023
match:2023-06-01:visitante:america_de_cali,2023-06-01_Visitante_America_de_Cali.json,2023-06-01,Primera A,America de Cali,Visitante,0 - 1,Leonardo Castro,,F,63,7.3,True,0,0,1,1,21,16%,0,0,0,7,5,1,3,0,0,0.16,True,0.0,0.0,1.4285714285714284,1.4285714285714284,7.142857142857142,1.4285714285714284,2023
match:2023-06-01:visitante:america_de_cali,2023-06-01_Visitante_America_de_Cali.json,2023-06-01,Primera A,America de Cali,Visitante,0 - 1,Luis Paredes,,M,85,6.0,True,0,0,2,2,23,17%,1,0,0,16,6,1,3,0,0,0.17,True,0.0,0.0,2.1176470588235294,2.1176470588235294,6.352941176470588,1.0588235294117647,2023
match:2023-06-01:visitante:america_de_cali,2023-06-01_Visitante_America_de_Cali.json,2023-06-01,Primera A,America de Cali,Visitante,0 - 1,Omar Bertel,,D,20,6.2,False,0,0,0,0,6,3%,0,0,0,4,1,1,0,0,0,0.03,True,0.0,0.0,0.0,0.0,4.5,4.5,2023
match:2023-06-01:visitante:america_de_cali,2023-06-01_Visitante_America_de_Cali.json,2023-06-01,Primera A,America de Cali,Visitante,0 - 1,Stiven Vega,,M,90,7.5,True,0,0,0,0,36,30%,6,1,0,9,8,1,0,0,0,0.3,True,0.0,0.0,0.0,0.0,8.0,1.0,2023
match:2023-06-01:visitante:america_de_cali,2023-06-01_Visitante_America_de_Cali.json,2023-06-01,Primera A,America de Cali,Visitante,0 - 1,Yuber Quiñones,,F,0,,False,0,0,0,0,0,0%,0,0,0,0,0,0,0,0,0,0.0,False,,,,,,,2023
match:2023-06-01:visitante:america_de_cali,2023-06-01_Visitante_America_de_Cali.json,2023-06-01,Primera A,America de Cali,Visitante,0 - 1,Álvaro Montero,,G,90,7.3,True,0,0,0,0,23,6%,0,0,0,0,0,0,0,0,0,0.06,True,0.0,0.0,0.0,0.0,0.0,0.0,2023
match:2023-06-04:local:america_de_cali,2023-06-04_Local_America_de_Cali.json,2023-06-04,Primera A,America de Cali,Local,2 - 1,Andrés Llinás,,D,90,6.9,True,0,0,0,0,49,45%,1,1,1,5,3,0,0,0,0,0.45,True,0.0,0.0,0.0,0.0,3.0,0.0,2023
match:2023-06-04:local:america_de_cali,2023-06-04_Local_America_de_Cali.json,2023-06-04,Primera A,America de Cali,Local,2 - 1,Beckham Castro,,M,73,6.7,True,0,0,3,1,32,27%,0,0,0,4,1,0,1,0,0,0.27,True,0.0,0.0,3.698630136986301,1.2328767123287672,1.2328767123287672,0.0,2023
match:2023-06-04:local:america_de_cali,2023-06-04_Local_America_de_Cali.json,2023-06-04,Primera A,America de Cali,Local,2 - 1,Daniel Cataño,,M,45,7.3,False,1,0,3,1,23,19%,0,0,0,9,5,1,3,1,0,0.19,True,2.0,0.0,6.0,2.0,10.0,2.0,2023
match:2023-06-04:local:america_de_cali,2023-06-04_Local_America_de_Cali.json,2023-06-04,Primera A,America de Cali,Local,2 - 1,Daniel Giraldo,,M,90,7.2,True,0,0,1,1,62,55%,1,2,0,5,3,0,1,0,0,0.55,True,0.0,0.0,1.0,1.0,3.0,0.0,2023
match:2023-06-04:local:america_de_cali,2023-06-04_Local_America_de_Cali.json,2023-06-04,Primera A,America de Cali,Local,2 - 1,David Macalister Silva,,M,87,7.7,True,0,0,2,1,48,40%,0,1,0,7,4,2,2,0,0,0.4,True,0.0,0.0,2.0689655172413794,1.0344827586206897,4.137931034482759,2.0689655172413794,2023
match:2023-06-04:local:america_de_cali,2023-06-04_Local_America_de_Cali.json,2023-06-04,Primera A,America de Cali,Local,2 - 1,Elvis Perlaza,,D,90,6.9,True,0,0,0,0,57,48%,3,1,0,7,3,1,0,0,0,0.48,True,0.0,0.0,0.0,0.0,3.0,1.0,2023
match:2023-06-04:local:america_de_cali,2023-06-04_Local_America_de_Cali.json,2023-06-04,Primera A,America de Cali,Local,2 - 1,Fernando Uribe,,F,66,7.3,True,1,0,2,2,17,16%,0,0,0,2,1,0,0,0,0,0.16,True,1.3636363636363638,0.0,2.7272727272727275,2.7272727272727275,1.3636363636363638,0.0,2023
match:2023-06-04:local:america_de_cali,2023-06-04_Local_America_de_Cali.json,2023-06-04,Primera A,America de Cali,Local,2 - 1,Jorge Arias,,D,66,6.9,True,0,0,0,0,40,35%,3,0,0,8,6,1,0,0,0,0.35,True,0.0,0.0,0.0,0.0,8.181818181818182,1.3636363636363638,2023
match:2023-06-04:local:america_de_cali,2023-06-04_Local_America_de_Cali.json,2023-06-04,Primera A,America de Cali,Local,2 - 1,Juan Moreno,,G,0,,False,0,0,0,0,0,0%,0,0,0,0,0,0,0,0,0,0.0,False,,,,,,,2023
match:2023-06-04:local:america_de_cali,2023-06-04_Local_America_de_Cali.json,2023-06-04,Primera A,America de Cali,Local,2 - 1,Juan Pablo Vargas,,D,90,7.6,True,0,0,0,0,52,42%,5,4,1,11,10,1,0,0,0,0.42,True,0.0,0.0,0.0,0.0,10.0,1.0,2023
match:2023-06-04:local:america_de_cali,2023-06-04_Local_America_de_Cali.json,2023-06-04,Primera A,America de Cali,Local,2 - 1,Juan Pereira,,M,0,,False,0,0,0,0,0,0%,0,0,0,0,0,0,0,0,0,0.0,False,,,,,,,2023
match:2023-06-04:local:america_de_cali,2023-06-04_Local_America_de_Cali.json,2023-06-04,Primera A,America de Cali,Local,2 - 1,Larry Vásquez,,M,90,6.9,True,0,0,1,0,63,51%,0,1,0,8,3,3,1,0,0,0.51,True,0.0,0.0,1.0,0.0,3.0,3.0,2023
match:2023-06-04:local:america_de_cali,2023-06-04_Local_America_de_Cali.json,2023-06-04,Primera A,America de Cali,Local,2 - 1,Luis Carlos Ruiz Morales,,F,24,6.5,False,0,0,0,0,6,4%,0,0,0,4,1,0,0,0,0,0.04,True,0.0,0.0,0.0,0.0,3.75,0.0,2023
match:2023-06-04:local:america_de_cali,2023-06-04_Local_America_de_Cali.json,2023-06-04,Primera A,America de Cali,Local,2 - 1,Luis Paredes,,M,45,6.9,True,0,0,3,2,14,10%,0,1,0,4,2,1,2,0,0,0.1,True,0.0,0.0,6.0,4.0,4.0,2.0,2023
match:2023-06-04:local:america_de_cali,2023-06-04_Local_America_de_Cali.json,2023-06-04,Primera A,America de Cali,Local,2 - 1,Omar Bertel,,D,24,6.9,False,0,0,0,0,23,17%,1,0,0,1,1,0,0,0,0,0.17,True,0.0,0.0,0.0,0.0,3.75,0.0,2023
match:2023-06-04:local:america_de_cali,2023-06-04_Local_America_de_Cali.json,2023-06-04,Primera A,America de Cali,Local,2 - 1,Stiven Vega,,M,8,6.3,False,0,0,0,0,1,1%,0,0,0,0,0,0,0,0,0,1.0,True,0.0,0.0,0.0,0.0,0.0,0.0,2023
match:2023-06-04:local:america_de_cali,2023-06-04_Local_America_de_Cali.json,2023-06-04,Primera A,America de Cali,Local,2 - 1,Yuber Quiñones,,F,17,7.3,False,0,1,1,1,10,8%,1,0,0,2,1,1,0,0,0,0.08,True,0.0,5.294117647058823,5.294117647058823,5.294117647058823,5.294117647058823,5.294117647058823,2023
match:2023-06-04:local:america_de_cali,2023-06-04_Local_America_de_Cali.json,2023-06-04,Primera A,America de Cali,Local,2 - 1,Álvaro Montero,,G,90,6.2,True,0,0,0,0,23,17%,1,0,0,3,2,0,0,0,0,0.17,True,0.0,0.0,0.0,0.0,2.0,0.0,2023
match:2023-06-07:visitante:america_mineiro,2023-06-07_Visitante_America_Mineiro.json,2023-06-07,CONMEBOL Sudamericana,America Mineiro,Visitante,2 - 0,Alex Moreno,,D,90,6.5,True,0,0,0,0,65,54%,3,0,0,5,4,1,0,1,0,0.54,True,0.0,0.0,0.0,0.0,4.0,1.0,2023
match:2023-06-07:visitante:america_mineiro,2023-06-07_Visitante_America_Mineiro.json,2023-06-07,CONMEBOL Sudamericana,America Mineiro,Visitante,2 - 0,Beckham Castro,,F,45,6.7,False,0,0,0,0,9,7%,0,0,0,0,0,0,0,0,0,0.07,True,0.0,0.0,0.0,0.0,0.0,0.0,2023
match:2023-06-07:visitante:america_mineiro,2023-06-07_Visitante_America_Mineiro.json,2023-06-07,CONMEBOL Sudamericana,America Mineiro,Visitante,2 - 0,Daniel Cataño,,M,80,6.7,True,0,0,1,1,49,42%,2,0,0,17,8,2,3,0,0,0.42,True,0.0,0.0,1.125,1.125,9.0,2.25,2023
match:2023-06-07:visitante:america_mineiro,2023-06-07_Visitante_America_Mineiro.json,2023-06-07,CONMEBOL Sudamericana,America Mineiro,Visitante,2 - 0,Daniel Giraldo,,M,80,6.3,True,0,0,0,0,49,43%,3,0,0,9,4,1,1,0,0,0.43,True,0.0,0.0,0.0,0.0,4.5,1.125,2023
match:2023-06-07:visitante:america_mineiro,2023-06-07_Visitante_America_Mineiro.json,2023-06-07,CONMEBOL Sudamericana,America Mineiro,Visitante,2 - 0,Edgar Guerra,,F,45,6.9,False,0,0,2,1,17,16%,3,0,0,9,5,0,2,0,0,0.16,True,0.0,0.0,4.0,2.0,10.0,0.0,2023
match:2023-06-07:visitante:america_mineiro,2023-06-07_Visitante_America_Mineiro.json,2023-06-07,CONMEBOL Sudamericana,America Mineiro,Visitante,2 - 0,Elvis Perlaza,,D,90,6.9,True,0,0,0,0,69,61%,1,1,1,10,6,1,4,0,0,0.61,True,0.0,0.0,0.0,0.0,6.0,1.0,2023
match:2023-06-07:visitante:america_mineiro,2023-06-07_Visitante_America_Mineiro.json,2023-06-07,CONMEBOL Sudamericana,America Mineiro,Visitante,2 - 0,Israel Alba,,D,0,,False,0,0,0,0,0,0%,0,0,0,0,0,0,0,0,0,0.0,False,,,,,,,2023
match:2023-06-07:visitante:america_mineiro,2023-06-07_Visitante_America_Mineiro.json,2023-06-07,CONMEBOL Sudamericana,America Mineiro,Visitante,2 - 0,Jorge Arias,,D,0,,False,0,0,0,0,0,0%,0,0,0,0,0,0,0,0,0,0.0,False,,,,,,,2023
match:2023-06-07:visitante:america_mineiro,2023-06-07_Visitante_America_Mineiro.json,2023-06-07,CONMEBOL Sudamericana,America Mineiro,Visitante,2 - 0,Juan Moreno,,G,0,,False,0,0,0,0,0,0%,0,0,0,0,0,0,0,0,0,0.0,False,,,,,,,2023
match:2023-06-07:visitante:america_mineiro,2023-06-07_Visitante_America_Mineiro.json,2023-06-07,CONMEBOL Sudamericana,America Mineiro,Visitante,2 - 0,Juan Pablo Vargas,,D,90,6.9,True,0,0,1,0,69,55%,2,3,0,8,5,2,0,0,0,0.55,True,0.0,0.0,1.0,0.0,5.0,2.0,2023
match:2023-06-07:visitante:america_mineiro,2023-06-07_Visitante_America_Mineiro.json,2023-06-07,CONMEBOL Sudamericana,America Mineiro,Visitante,2 - 0,Juan Pereira,,M,10,6.6,False,0,0,1,0,13,12%,0,0,0,0,0,0,0,0,0,0.12,True,0.0,0.0,9.0,0.0,0.0,0.0,2023
match:2023-06-07:visitante:america_mineiro,2023-06-07_Visitante_America_Mineiro.json,2023-06-07,CONMEBOL Sudamericana,America Mineiro,Visitante,2 - 0,Juan Torres,,M,0,,False,0,0,0,0,0,0%,0,0,0,0,0,0,0,0,0,0.0,False,,,,,,,2023
match:2023-06-07:visitante:america_mineiro,2023-06-07_Visitante_America_Mineiro.json,2023-06-07,CONMEBOL Sudamericana,America Mineiro,Visitante,2 - 0,Kliver Moreno,,M,0,,False,0,0,0,0,0,0%,0,0,0,0,0,0,0,0,0,0.0,False,,,,,,,2023
match:2023-06-07:visitante:america_mineiro,2023-06-07_Visitante_America_Mineiro.json,2023-06-07,CONMEBOL Sudamericana,America Mineiro,Visitante,2 - 0,Larry Vásquez,,M,80,6.9,True,0,0,1,1,58,51%,2,1,0,7,4,1,2,0,0,0.51,True,0.0,0.0,1.125,1.125,4.5,1.125,2023
match:2023-06-07:visitante:america_mineiro,2023-06-07_Visitante_America_Mineiro.json,2023-06-07,CONMEBOL Sudamericana,America Mineiro,Visitante,2 - 0,Leonardo Castro,,F,0,,False,0,0,0,0,0,0%,0,0,0,0,0,0,0,0,0,0.0,False,,,,,,,2023
match:2023-06-07:visitante:america_mineiro,2023-06-07_Visitante_America_Mineiro.json,2023-06-07,CONMEBOL Sudamericana,America Mineiro,Visitante,2 - 0,Luis Paredes,,M,45,6.5,True,0,0,0,0,6,6%,1,0,0,8,4,0,1,0,0,0.06,True,0.0,0.0,0.0,0.0,8.0,0.0,2023
match:2023-06-07:visitante:america_mineiro,2023-06-07_Visitante_America_Mineiro.json,2023-06-07,CONMEBOL Sudamericana,America Mineiro,Visitante,2 - 0,Omar Bertel,,D,90,6.3,True,0,0,0,0,44,35%,3,3,0,10,4,2,0,0,0,0.35,True,0.0,0.0,0.0,0.0,4.0,2.0,2023
match:2023-06-07:visitante:america_mineiro,2023-06-07_Visitante_America_Mineiro.json,2023-06-07,CONMEBOL Sudamericana,America Mineiro,Visitante,2 - 0,Oscar Cortés,,M,90,6.7,True,0,0,1,0,39,29%,4,0,0,14,8,2,4,0,0,0.29,True,0.0,0.0,1.0,0.0,8.0,2.0,2023
match:2023-06-07:visitante:america_mineiro,2023-06-07_Visitante_America_Mineiro.json,2023-06-07,CONMEBOL Sudamericana,America Mineiro,Visitante,2 - 0,Ramiro Brochero,,F,45,6.7,True,0,0,0,0,5,5%,0,0,0,4,2,0,1,0,0,0.05,True,0.0,0.0,0.0,0.0,4.0,0.0,2023
match:2023-06-07:visitante:america_mineiro,2023-06-07_Visitante_America_Mineiro.json,2023-06-07,CONMEBOL Sudamericana,America Mineiro,Visitante,2 - 0,Stiven Vega,,M,10,6.7,False,0,0,0,0,21,20%,1,0,0,3,1,1,0,0,0,0.2,True,0.0,0.0,0.0,0.0,9.0,9.0,2023
match:2023-06-07:visitante:america_mineiro,2023-06-07_Visitante_America_Mineiro.json,2023-06-07,CONMEBOL Sudamericana,America Mineiro,Visitante,2 - 0,Yuber Quiñones,,F,10,6.5,False,0,0,0,0,5,4%,0,0,0,3,1,1,1,0,0,0.04,True,0.0,0.0,0.0,0.0,9.0,9.0,2023
match:2023-06-07:visitante:america_mineiro,2023-06-07_Visitante_America_Mineiro.json,2023-06-07,CONMEBOL Sudamericana,America Mineiro,Visitante,2 - 0,Álvaro Montero,,G,90,7.3,True,0,0,0,0,27,13%,0,0,0,0,0,0,0,0,0,0.13,True,0.0,0.0,0.0,0.0,0.0,0.0,2023
match:2023-06-07:visitante:america_mineiro,2023-06-07_Visitante_America_Mineiro.json,2023-06-07,CONMEBOL Sudamericana,America Mineiro,Visitante,2 - 0,Óscar Vanegas,,D,0,,False,0,0,0,0,0,0%,0,0,0,0,0,0,0,0,0,0.0,False,,,,,,,2023
match:2023-06-11:visitante:chico,2023-06-11_Visitante_Chico.json,2023-06-11,Primera A,Chico,Visitante,2 - 1,Alex Moreno,,D,90,7.2,True,1,0,1,1,19,15%,1,0,1,5,3,0,0,0,0,0.15,True,1.0,0.0,1.0,1.0,3.0,0.0,2023
match:2023-06-11:visitante:chico,2023-06-11_Visitante_Chico.json,2023-06-11,Primera A,Chico,Visitante,2 - 1,Beckham Castro,,M,74,6.2,True,0,0,1,0,18,15%,0,0,0,3,2,0,0,0,0,0.15,True,0.0,0.0,1.2162162162162162,0.0,2.4324324324324325,0.0,2023
match:2023-06-11:visitante:chico,2023-06-11_Visitante_Chico.json,2023-06-11,Primera A,Chico,Visitante,2 - 1,Daniel Cataño,,M,90,6.7,True,0,0,1,0,47,39%,0,0,0,14,6,3,3,0,0,0.39,True,0.0,0.0,1.0,0.0,6.0,3.0,2023
match:2023-06-11:visitante:chico,2023-06-11_Visitante_Chico.json,2023-06-11,Primera A,Chico,Visitante,2 - 1,Daniel Giraldo,,M,78,6.9,True,0,0,0,0,35,29%,6,0,0,10,6,2,0,1,0,0.29,True,0.0,0.0,0.0,0.0,6.923076923076923,2.3076923076923075,2023
match:2023-06-11:visitante:chico,2023-06-11_Visitante_Chico.json,2023-06-11,Primera A,Chico,Visitante,2 - 1,Edgar Guerra,,F,0,,False,0,0,0,0,0,0%,0,0,0,0,0,0,0,0,0,0.0,False,,,,,,,2023
match:2023-06-11:visitante:chico,2023-06-11_Visitante_Chico.json,2023-06-11,Primera A,Chico,Visitante,2 - 1,Elvis Perlaza,,D,90,7.6,True,0,1,0,0,25,20%,2,1,1,4,3,1,1,0,0,0.2,True,0.0,1.0,0.0,0.0,3.0,1.0,2023
match:2023-06-11:visitante:chico,2023-06-11_Visitante_Chico.json,2023-06-11,Primera A,Chico,Visitante,2 - 1,Fernando Uribe,,F,16,6.7,False,0,0,0,0,4,4%,0,0,0,1,0,0,0,0,0,0.04,True,0.0,0.0,0.0,0.0,0.0,0.0,2023
match:2023-06-11:visitante:chico,2023-06-11_Visitante_Chico.json,2023-06-11,Primera A,Chico,Visitante,2 - 1,Jorge Arias,,D,69,6.5,True,0,0,1,0,13,9%,1,0,2,9,4,1,0,0,0,0.09,True,0.0,0.0,1.3043478260869565,0.0,5.217391304347826,1.3043478260869565,2023
match:2023-06-11:visitante:chico,2023-06-11_Visitante_Chico.json,2023-06-11,Primera A,Chico,Visitante,2 - 1,Juan Moreno,,G,0,,False,0,0,0,0,0,0%,0,0,0,0,0,0,0,0,0,0.0,False,,,,,,,2023
match:2023-06-11:visitante:chico,2023-06-11_Visitante_Chico.json,2023-06-11,Primera A,Chico,Visitante,2 - 1,Juan Pablo Vargas,,D,90,7.3,True,0,0,0,0,43,32%,2,3,3,10,7,1,0,1,0,0.32,True,0.0,0.0,0.0,0.0,7.0,1.0,2023
match:2023-06-11:visitante:chico,2023-06-11_Visitante_Chico.json,2023-06-11,Primera A,Chico,Visitante,2 - 1,Larry Vásquez,,M,78,6.3,True,0,0,1,0,32,27%,1,2,0,7,3,0,0,0,0,0.27,True,0.0,0.0,1.1538461538461537,0.0,3.4615384615384617,0.0,2023
match:2023-06-11:visitante:chico,2023-06-11_Visitante_Chico.json,2023-06-11,Primera A,Chico,Visitante,2 - 1,Leonardo Castro,,F,90,6.6,True,0,0,1,0,16,14%,0,1,0,6,2,1,1,0,0,0.14,True,0.0,0.0,1.0,0.0,2.0,1.0,2023
match:2023-06-11:visitante:chico,2023-06-11_Visitante_Chico.json,2023-06-11,Primera A,Chico,Visitante,2 - 1,Luis Carlos Ruiz Morales,,F,12,6.9,False,0,0,1,1,4,4%,0,1,0,2,1,1,0,0,0,0.04,True,0.0,0.0,7.5,7.5,7.5,7.5,2023
match:2023-06-11:visitante:chico,2023-06-11_Visitante_Chico.json,2023-06-11,Primera A,Chico,Visitante,2 - 1,Omar Bertel,,D,21,7.2,False,0,0,0,0,14,10%,4,0,1,7,5,0,0,0,0,0.1,True,0.0,0.0,0.0,0.0,21.428571428571427,0.0,2023
match:2023-06-11:visitante:chico,2023-06-11_Visitante_Chico.json,2023-06-11,Primera A,Chico,Visitante,2 - 1,Oscar Cortés,,M,90,7.0,True,0,0,3,2,30,24%,2,1,0,11,3,1,1,0,0,0.24,True,0.0,0.0,3.0,2.0,3.0,1.0,2023
match:2023-06-11:visitante:chico,2023-06-11_Visitante_Chico.json,2023-06-11,Primera A,Chico,Visitante,2 - 1,Stiven Vega,,M,12,6.5,False,0,0,0,0,8,7%,0,0,0,1,0,0,0,0,0,0.07,True,0.0,0.0,0.0,0.0,0.0,0.0,2023
match:2023-06-11:visitante:chico,2023-06-11_Visitante_Chico.json,2023-06-11,Primera A,Chico,Visitante,2 - 1,Álvaro Montero,,G,90,6.3,True,0,0,0,0,24,17%,0,0,0,1,1,0,0,0,0,0.17,True,0.0,0.0,0.0,0.0,1.0,0.0,2023
match:2023-06-11:visitante:chico,2023-06-11_Visitante_Chico.json,2023-06-11,Primera A,Chico,Visitante,2 - 1,Óscar Vanegas,,D,0,,False,0,0,0,0,0,0%,0,0,0,0,0,0,0,0,0,0.0,False,,,,,,,2023
match:2023-06-17:local:independiente_medellin,2023-06-17_Local_Independiente_Medellin.json,2023-06-17,Primera A,Independiente Medellin,Local,2 - 1,Alex Moreno,,D,0,,False,0,0,0,0,0,0%,0,0,0,0,0,0,0,0,0,0.0,False,,,,,,,2023
match:2023-06-17:local:independiente_medellin,2023-06-17_Local_Independiente_Medellin.json,2023-06-17,Primera A,Independiente Medellin,Local,2 - 1,Andrés Llinás,,D,90,7.7,True,1,0,2,2,22,19%,3,3,0,7,4,0,0,0,0,0.19,True,1.0,0.0,2.0,2.0,4.0,0.0,2023
match:2023-06-17:local:independiente_medellin,2023-06-17_Local_Independiente_Medellin.json,2023-06-17,Primera A,Independiente Medellin,Local,2 - 1,Beckham Castro,,M,45,6.9,True,0,0,2,0,9,6%,0,0,0,2,1,0,0,0,0,0.06,True,0.0,0.0,4.0,0.0,2.0,0.0,2023
match:2023-06-17:local:independiente_medellin,2023-06-17_Local_Independiente_Medellin.json,2023-06-17,Primera A,Independiente Medellin,Local,2 - 1,Daniel Cataño,,M,89,7.9,True,1,0,2,2,25,16%,2,2,1,14,8,2,3,0,0,0.16,True,1.0112359550561798,0.0,2.0224719101123596,2.0224719101123596,8.089887640449438,2.0224719101123596,2023
match:2023-06-17:local:independiente_medellin,2023-06-17_Local_Independiente_Medellin.json,2023-06-17,Primera A,Independiente Medellin,Local,2 - 1,Daniel Giraldo,,M,45,6.7,True,0,0,1,0,11,9%,2,0,0,7,4,2,1,1,0,0.09,True,0.0,0.0,2.0,0.0,8.0,4.0,2023
match:2023-06-17:local:independiente_medellin,2023-06-17_Local_Independiente_Medellin.json,2023-06-17,Primera A,Independiente Medellin,Local,2 - 1,David Macalister Silva,,M,84,6.3,True,0,1,0,0,36,20%,0,1,0,6,0,0,0,1,0,0.2,True,0.0,1.0714285714285714,0.0,0.0,0.0,0.0,2023
match:2023-06-17:local:independiente_medellin,2023-06-17_Local_Independiente_Medellin.json,2023-06-17,Primera A,Independiente Medellin,Local,2 - 1,Elvis Perlaza,,D,90,6.7,True,0,0,0,0,26,20%,1,0,0,7,4,1,2,1,0,0.2,True,0.0,0.0,0.0,0.0,4.0,1.0,2023
match:2023-06-17:local:independiente_medellin,2023-06-17_Local_Independiente_Medellin.json,2023-06-17,Primera A,Independiente Medellin,Local,2 - 1,Fernando Uribe,,F,13,6.3,False,0,0,0,0,6,5%,0,0,0,0,0,0,0,0,0,0.05,True,0.0,0.0,0.0,0.0,0.0,0.0,2023
match:2023-06-17:local:independiente_medellin,2023-06-17_Local_Independiente_Medellin.json,2023-06-17,Primera A,Independiente Medellin,Local,2 - 1,Jader Valencia,,F,45,6.9,False,0,0,1,1,11,8%,0,0,0,3,2,1,1,1,0,0.08,True,0.0,0.0,2.0,2.0,4.0,2.0,2023
match:2023-06-17:local:independiente_medellin,2023-06-17_Local_Independiente_Medellin.json,2023-06-17,Primera A,Independiente Medellin,Local,2 - 1,Jonathan Gonzalez,,G,0,,False,0,0,0,0,0,0%,0,0,0,0,0,0,0,0,0,0.0,False,,,,,,,2023
match:2023-06-17:local:independiente_medellin,2023-06-17_Local_Independiente_Medellin.json,2023-06-17,Primera A,Independiente Medellin,Local,2 - 1,Jorge Arias,,D,90,6.3,True,0,0,0,0,27,16%,1,1,1,6,2,2,0,0,0,0.16,True,0.0,0.0,0.0,0.0,2.0,2.0,2023
match:2023-06-17:local:independiente_medellin,2023-06-17_Local_Independiente_Medellin.json,2023-06-17,Primera A,Independiente Medellin,Local,2 - 1,Juan Moreno,,G,90,7.3,True,0,0,0,0,15,9%,0,0,0,0,0,0,0,0,0,0.09,True,0.0,0.0,0.0,0.0,0.0,0.0,2023
match:2023-06-17:local:independiente_medellin,2023-06-17_Local_Independiente_Medellin.json,2023-06-17,Primera A,Independiente Medellin,Local,2 - 1,Juan Pereira,,M,12,6.0,False,0,0,0,0,5,5%,0,0,0,3,0,0,0,0,0,0.05,True,0.0,0.0,0.0,0.0,0.0,0.0,2023
match:2023-06-17:local:independiente_medellin,2023-06-17_Local_Independiente_Medellin.json,2023-06-17,Primera A,Independiente Medellin,Local,2 - 1,Larry Vásquez,,M,90,6.9,True,0,0,0,0,36,27%,5,0,0,13,7,3,0,0,0,0.27,True,0.0,0.0,0.0,0.0,7.0,3.0,2023
match:2023-06-17:local:independiente_medellin,2023-06-17_Local_Independiente_Medellin.json,2023-06-17,Primera A,Independiente Medellin,Local,2 - 1,Leonardo Castro,,F,83,6.3,True,0,0,0,0,12,8%,0,0,1,3,0,1,0,0,0,0.08,True,0.0,0.0,0.0,0.0,0.0,1.0843373493975905,2023
match:2023-06-17:local:independiente_medellin,2023-06-17_Local_Independiente_Medellin.json,2023-06-17,Primera A,Independiente Medellin,Local,2 - 1,Luis Carlos Ruiz Morales,,F,1,,False,0,0,0,0,4,3%,0,0,0,0,0,0,0,0,0,0.03,True,0.0,0.0,0.0,0.0,0.0,0.0,2023
match:2023-06-17:local:independiente_medellin,2023-06-17_Local_Independiente_Medellin.json,2023-06-17,Primera A,Independiente Medellin,Local,2 - 1,Omar Bertel,,D,90,7.0,True,0,0,2,1,27,20%,5,1,0,9,7,0,0,0,0,0.2,True,0.0,0.0,2.0,1.0,7.0,0.0,2023
match:2023-06-17:local:independiente_medellin,2023-06-17_Local_Independiente_Medellin.json,2023-06-17,Primera A,Independiente Medellin,Local,2 - 1,Stiven Vega,,M,45,6.7,False,0,0,0,0,16,13%,1,1,0,2,1,0,0,0,0,0.13,True,0.0,0.0,0.0,0.0,2.0,0.0,2023
match:2023-06-22:visitante:atletico_nacional,2023-06-22_Visitante_Atletico_Nacional.json,2023-06-22,Primera A,Atletico Nacional,Visitante,0 - 0,Alex Moreno,,D,0,,False,0,0,0,0,0,0%,0,0,0,0,0,0,0,0,0,0.0,False,,,,,,,2023
match:2023-06-22:visitante:atletico_nacional,2023-06-22_Visitante_Atletico_Nacional.json,2023-06-22,Primera A,Atletico Nacional,Visitante,0 - 0,Andrés Llinás,,D,90,6.9,True,0,0,0,0,49,39%,1,0,0,5,4,0,0,0,0,0.39,True,0.0,0.0,0.0,0.0,4.0,0.0,2023
match:2023-06-22:visitante:atletico_nacional,2023-06-22_Visitante_Atletico_Nacional.json,2023-06-22,Primera A,Atletico Nacional,Visitante,0 - 0,Andrés Murillo,,D,0,,False,0,0,0,0,0,0%,0,0,0,0,0,0,0,0,0,0.0,False,,,,,,,2023
match:2023-06-22:visitante:atletico_nacional,2023-06-22_Visitante_Atletico_Nacional.json,2023-06-22,Primera A,Atletico Nacional,Visitante,0 - 0,Beckham Castro,,F,1,,False,0,0,0,0,0,0%,0,0,0,2,1,1,1,1,0,0.0,True,0.0,0.0,0.0,0.0,90.0,90.0,2023
match:2023-06-22:visitante:atletico_nacional,2023-06-22_Visitante_Atletico_Nacional.json,2023-06-22,Primera A,Atletico Nacional,Visitante,0 - 0,Daniel Cataño,,M,71,6.7,True,0,0,1,0,29,20%,0,0,0,9,3,1,2,0,0,0.2,True,0.0,0.0,1.267605633802817,0.0,3.8028169014084505,1.267605633802817,2023
match:2023-06-22:visitante:atletico_nacional,2023-06-22_Visitante_Atletico_Nacional.json,2023-06-22,Primera A,Atletico Nacional,Visitante,0 - 0,Daniel Giraldo,,M,90,7.0,True,0,0,0,0,56,54%,2,1,0,7,5,0,3,0,0,0.54,True,0.0,0.0,0.0,0.0,5.0,0.0,2023
match:2023-06-22:visitante:atletico_nacional,2023-06-22_Visitante_Atletico_Nacional.json,2023-06-22,Primera A,Atletico Nacional,Visitante,0 - 0,David Macalister Silva,,M,89,7.0,True,0,0,2,0,42,30%,3,0,0,9,4,1,1,0,0,0.3,True,0.0,0.0,2.0224719101123596,0.0,4.044943820224719,1.0112359550561798,2023
match:2023-06-22:visitante:atletico_nacional,2023-06-22_Visitante_Atletico_Nacional.json,2023-06-22,Primera A,Atletico Nacional,Visitante,0 - 0,Elvis Perlaza,,D,90,6.2,True,0,0,0,0,47,35%,2,1,0,10,3,2,1,1,0,0.35,True,0.0,0.0,0.0,0.0,3.0,2.0,2023
match:2023-06-22:visitante:atletico_nacional,2023-06-22_Visitante_Atletico_Nacional.json,2023-06-22,Primera A,Atletico Nacional,Visitante,0 - 0,Fernando Uribe,,F,13,6.3,False,0,0,0,0,3,1%,0,0,0,0,0,0,0,0,0,1.0,True,0.0,0.0,0.0,0.0,0.0,0.0,2023
match:2023-06-22:visitante:atletico_nacional,2023-06-22_Visitante_Atletico_Nacional.json,2023-06-22,Primera A,Atletico Nacional,Visitante,0 - 0,Jader Valencia,,M,90,6.9,True,0,0,0,0,37,29%,2,0,0,19,11,1,3,0,0,0.29,True,0.0,0.0,0.0,0.0,11.0,1.0,2023
match:2023-06-22:visitante:atletico_nacional,2023-06-22_Visitante_Atletico_Nacional.json,2023-06-22,Primera A,Atletico Nacional,Visitante,0 - 0,Jonathan Gonzalez,,G,0,,False,0,0,0,0,0,0%,0,0,0,0,0,0,0,0,0,0.0,False,,,,,,,2023
match:2023-06-22:visitante:atletico_nacional,2023-06-22_Visitante_Atletico_Nacional.json,2023-06-22,Primera A,Atletico Nacional,Visitante,0 - 0,Jorge Arias,,D,90,7.0,True,0,0,0,0,44,30%,0,0,1,2,2,0,0,0,0,0.3,True,0.0,0.0,0.0,0.0,2.0,0.0,2023
match:2023-06-22:visitante:atletico_nacional,2023-06-22_Visitante_Atletico_Nacional.json,2023-06-22,Primera A,Atletico Nacional,Visitante,0 - 0,Juan Moreno,,G,90,7.7,True,0,0,0,0,30,20%,0,0,0,0,0,0,0,0,0,0.2,True,0.0,0.0,0.0,0.0,0.0,0.0,2023
match:2023-06-22:visitante:atletico_nacional,2023-06-22_Visitante_Atletico_Nacional.json,2023-06-22,Primera A,Atletico Nacional,Visitante,0 - 0,Juan Pereira,,M,13,6.3,False,0,0,0,0,5,3%,0,0,0,2,1,1,0,1,0,0.03,True,0.0,0.0,0.0,0.0,6.923076923076923,6.923076923076923,2023
match:2023-06-22:visitante:atletico_nacional,2023-06-22_Visitante_Atletico_Nacional.json,2023-06-22,Primera A,Atletico Nacional,Visitante,0 - 0,Larry Vásquez,,M,19,6.3,False,0,0,0,0,7,5%,1,0,0,2,1,0,0,0,0,0.05,True,0.0,0.0,0.0,0.0,4.7368421052631575,0.0,2023
match:2023-06-22:visitante:atletico_nacional,2023-06-22_Visitante_Atletico_Nacional.json,2023-06-22,Primera A,Atletico Nacional,Visitante,0 - 0,Leonardo Castro,,F,77,6.9,True,0,0,2,1,11,7%,0,0,0,2,0,0,0,0,0,0.07,True,0.0,0.0,2.337662337662338,1.168831168831169,0.0,0.0,2023
match:2023-06-22:visitante:atletico_nacional,2023-06-22_Visitante_Atletico_Nacional.json,2023-06-22,Primera A,Atletico Nacional,Visitante,0 - 0,Omar Bertel,,D,90,7.0,True,0,0,1,1,25,21%,3,1,0,7,4,0,0,0,0,0.21,True,0.0,0.0,1.0,1.0,4.0,0.0,2023
match:2023-06-22:visitante:atletico_nacional,2023-06-22_Visitante_Atletico_Nacional.json,2023-06-22,Primera A,Atletico Nacional,Visitante,0 - 0,Stiven Vega,,M,77,6.6,True,0,0,0,0,48,45%,0,0,2,3,1,1,0,0,0,0.45,True,0.0,0.0,0.0,0.0,1.168831168831169,1.168831168831169,2023
match:2023-06-30:visitante:defensa_y_justicia,2023-06-30_Visitante_Defensa_Y_Justicia.json,2023-06-30,CONMEBOL Sudamericana,Defensa Y Justicia,Visitante,3 - 1,Alex Moreno,,D,0,,False,0,0,0,0,0,0%,0,0,0,0,0,0,0,0,0,0.0,False,,,,,,,2023
match:2023-06-30:visitante:defensa_y_justicia,2023-06-30_Visitante_Defensa_Y_Justicia.json,2023-06-30,CONMEBOL Sudamericana,Defensa Y Justicia,Visitante,3 - 1,Andrés Llinás,,D,90,7.0,True,0,0,0,0,53,48%,4,0,0,11,9,0,0,0,0,0.48,True,0.0,0.0,0.0,0.0,9.0,0.0,2023
match:2023-06-30:visitante:defensa_y_justicia,2023-06-30_Visitante_Defensa_Y_Justicia.json,2023-06-30,CONMEBOL Sudamericana,Defensa Y Justicia,Visitante,3 - 1,Andrés Murillo,,D,0,,False,0,0,0,0,0,0%,0,0,0,0,0,0,0,0,0,0.0,False,,,,,,,2023
match:2023-06-30:visitante:defensa_y_justicia,2023-06-30_Visitante_Defensa_Y_Justicia.json,2023-06-30,CONMEBOL Sudamericana,Defensa Y Justicia,Visitante,3 - 1,Beckham Castro,,F,20,6.5,False,0,0,1,0,4,3%,0,0,0,4,1,0,1,0,0,0.03,True,0.0,0.0,4.5,0.0,4.5,0.0,2023
match:2023-06-30:visitante:defensa_y_justicia,2023-06-30_Visitante_Defensa_Y_Justicia.json,2023-06-30,CONMEBOL Sudamericana,Defensa Y Justicia,Visitante,3 - 1,Daniel Cataño,,M,90,7.2,True,1,0,2,2,52,42%,0,0,0,14,7,2,2,0,0,0.42,True,1.0,0.0,2.0,2.0,7.0,2.0,2023
match:2023-06-30:visitante:defensa_y_justicia,2023-06-30_Visitante_Defensa_Y_Justicia.json,2023-06-30,CONMEBOL Sudamericana,Defensa Y Justicia,Visitante,3 - 1,Daniel Giraldo,,M,89,6.5,True,0,0,1,0,61,57%,1,1,0,11,2,4,0,1,0,0.57,True,0.0,0.0,1.0112359550561798,0.0,2.0224719101123596,4.044943820224719,2023
match:2023-06-30:visitante:defensa_y_justicia,2023-06-30_Visitante_Defensa_Y_Justicia.json,2023-06-30,CONMEBOL Sudamericana,Defensa Y Justicia,Visitante,3 - 1,David Macalister Silva,,M,70,6.5,True,0,1,0,0,42,27%,0,0,0,4,2,0,1,0,0,0.27,True,0.0,1.2857142857142856,0.0,0.0,2.571428571428571,0.0,2023
match:2023-06-30:visitante:defensa_y_justicia,2023-06-30_Visitante_Defensa_Y_Justicia.json,2023-06-30,CONMEBOL Sudamericana,Defensa Y Justicia,Visitante,3 - 1,Edgar Guerra,,F,0,,False,0,0,0,0,0,0%,0,0,0,0,0,0,0,0,0,0.0,False,,,,,,,2023
match:2023-06-30:visitante:defensa_y_justicia,2023-06-30_Visitante_Defensa_Y_Justicia.json,2023-06-30,CONMEBOL Sudamericana,Defensa Y Justicia,Visitante,3 - 1,Elvis Perlaza,,D,90,6.5,True,0,0,0,0,58,44%,2,1,0,8,4,4,0,1,0,0.44,True,0.0,0.0,0.0,0.0,4.0,4.0,2023
match:2023-06-30:visitante:defensa_y_justicia,2023-06-30_Visitante_Defensa_Y_Justicia.json,2023-06-30,CONMEBOL Sudamericana,Defensa Y Justicia,Visitante,3 - 1,Fernando Uribe,,F,70,6.2,True,0,0,0,0,14,13%,0,0,0,7,1,0,0,0,0,0.13,True,0.0,0.0,0.0,0.0,1.2857142857142856,0.0,2023
match:2023-06-30:visitante:defensa_y_justicia,2023-06-30_Visitante_Defensa_Y_Justicia.json,2023-06-30,CONMEBOL Sudamericana,Defensa Y Justicia,Visitante,3 - 1,Israel Alba,,D,37,6.9,False,0,0,0,0,18,14%,3,3,0,6,4,0,0,0,0,0.14,True,0.0,0.0,0.0,0.0,9.72972972972973,0.0,2023
match:2023-06-30:visitante:defensa_y_justicia,2023-06-30_Visitante_Defensa_Y_Justicia.json,2023-06-30,CONMEBOL Sudamericana,Defensa Y Justicia,Visitante,3 - 1,Jader Valencia,,M,90,6.9,True,0,0,1,1,31,26%,2,1,0,14,9,0,4,0,0,0.26,True,0.0,0.0,1.0,1.0,9.0,0.0,2023
match:2023-06-30:visitante:defensa_y_justicia,2023-06-30_Visitante_Defensa_Y_Justicia.json,2023-06-30,CONMEBOL Sudamericana,Defensa Y Justicia,Visitante,3 - 1,Jorge Arias,,D,90,6.3,True,0,0,0,0,67,59%,1,1,0,5,3,0,0,0,0,0.59,True,0.0,0.0,0.0,0.0,3.0,0.0,2023
match:2023-06-30:visitante:defensa_y_justicia,2023-06-30_Visitante_Defensa_Y_Justicia.json,2023-06-30,CONMEBOL Sudamericana,Defensa Y Justicia,Visitante,3 - 1,Juan Moreno,,G,0,,False,0,0,0,0,0,0%,0,0,0,0,0,0,0,0,0,0.0,False,,,,,,,2023
match:2023-06-30:visitante:defensa_y_justicia,2023-06-30_Visitante_Defensa_Y_Justicia.json,2023-06-30,CONMEBOL Sudamericana,Defensa Y Justicia,Visitante,3 - 1,Juan Pereira,,M,0,,False,0,0,0,0,0,0%,0,0,0,0,0,0,0,0,0,0.0,False,,,,,,,2023
match:2023-06-30:visitante:defensa_y_justicia,2023-06-30_Visitante_Defensa_Y_Justicia.json,2023-06-30,CONMEBOL Sudamericana,Defensa Y Justicia,Visitante,3 - 1,Kliver Moreno,,M,0,,False,0,0,0,0,0,0%,0,0,0,0,0,0,0,0,0,0.0,False,,,,,,,2023
match:2023-06-30:visitante:defensa_y_justicia,2023-06-30_Visitante_Defensa_Y_Justicia.json,2023-06-30,CONMEBOL Sudamericana,Defensa Y Justicia,Visitante,3 - 1,Larry Vásquez,,M,45,7.0,False,0,0,0,0,45,37%,1,2,0,4,3,1,0,0,0,0.37,True,0.0,0.0,0.0,0.0,6.0,2.0,2023
match:2023-06-30:visitante:defensa_y_justicia,2023-06-30_Visitante_Defensa_Y_Justicia.json,2023-06-30,CONMEBOL Sudamericana,Defensa Y Justicia,Visitante,3 - 1,Luis Paredes,,F,20,6.7,False,0,0,0,0,5,5%,0,0,0,6,2,2,0,0,0,0.05,True,0.0,0.0,0.0,0.0,9.0,9.0,2023
match:2023-06-30:visitante:defensa_y_justicia,2023-06-30_Visitante_Defensa_Y_Justicia.json,2023-06-30,CONMEBOL Sudamericana,Defensa Y Justicia,Visitante,3 - 1,Omar Bertel,,D,53,6.5,True,0,0,0,0,34,26%,2,0,1,6,3,0,0,0,0,0.26,True,0.0,0.0,0.0,0.0,5.09433962264151,0.0,2023
match:2023-06-30:visitante:defensa_y_justicia,2023-06-30_Visitante_Defensa_Y_Justicia.json,2023-06-30,CONMEBOL Sudamericana,Defensa Y Justicia,Visitante,3 - 1,Ramiro Brochero,,F,1,,False,0,0,0,0,0,0%,0,0,0,0,0,0,0,0,0,0.0,True,0.0,0.0,0.0,0.0,0.0,0.0,2023
match:2023-06-30:visitante:defensa_y_justicia,2023-06-30_Visitante_Defensa_Y_Justicia.json,2023-06-30,CONMEBOL Sudamericana,Defensa Y Justicia,Visitante,3 - 1,Stiven Vega,,M,45,6.3,True,0,0,0,0,31,26%,0,1,0,4,0,1,0,0,0,0.26,True,0.0,0.0,0.0,0.0,0.0,2.0,2023
match:2023-06-30:visitante:defensa_y_justicia,2023-06-30_Visitante_Defensa_Y_Justicia.json,2023-06-30,CONMEBOL Sudamericana,Defensa Y Justicia,Visitante,3 - 1,Álvaro Montero,,G,90,6.3,True,0,0,0,0,23,18%,0,0,0,0,0,0,0,0,0,0.18,True,0.0,0.0,0.0,0.0,0.0,0.0,2023
match:2023-06-30:visitante:defensa_y_justicia,2023-06-30_Visitante_Defensa_Y_Justicia.json,2023-06-30,CONMEBOL Sudamericana,Defensa Y Justicia,Visitante,3 - 1,Óscar Vanegas,,D,0,,False,0,0,0,0,0,0%,0,0,0,0,0,0,0,0,0,0.0,False,,,,,,,2023
match:2023-07-16:visitante:deportivo_pasto,2023-07-16_Visitante_Deportivo_Pasto.json,2023-07-16,Primera A,Deportivo Pasto,Visitante,0 - 0,Alex Moreno,,D,45,6.6,False,0,0,0,0,17,15%,0,0,1,0,0,0,0,0,0,0.15,True,0.0,0.0,0.0,0.0,0.0,0.0,2023
match:2023-07-16:visitante:deportivo_pasto,2023-07-16_Visitante_Deportivo_Pasto.json,2023-07-16,Primera A,Deportivo Pasto,Visitante,0 - 0,Andrés Llinás,,D,45,6.6,True,0,0,0,0,31,29%,0,0,0,3,2,0,1,0,0,0.29,True,0.0,0.0,0.0,0.0,4.0,0.0,2023
match:2023-07-16:visitante:deportivo_pasto,2023-07-16_Visitante_Deportivo_Pasto.json,2023-07-16,Primera A,Deportivo Pasto,Visitante,0 - 0,Beckham Castro,,F,0,,False,0,0,0,0,0,0%,0,0,0,0,0,0,0,0,0,0.0,False,,,,,,,2023
match:2023-07-16:visitante:deportivo_pasto,2023-07-16_Visitante_Deportivo_Pasto.json,2023-07-16,Primera A,Deportivo Pasto,Visitante,0 - 0,Daniel Cataño,,M,72,6.9,True,0,0,1,0,43,35%,0,0,0,10,5,1,3,0,0,0.35,True,0.0,0.0,1.25,0.0,6.25,1.25,2023
match:2023-07-16:visitante:deportivo_pasto,2023-07-16_Visitante_Deportivo_Pasto.json,2023-07-16,Primera A,Deportivo Pasto,Visitante,0 - 0,David Macalister Silva,,M,18,6.3,False,0,0,0,0,5,4%,0,0,0,2,1,0,1,0,0,0.04,True,0.0,0.0,0.0,0.0,5.0,0.0,2023
match:2023-07-16:visitante:deportivo_pasto,2023-07-16_Visitante_Deportivo_Pasto.json,2023-07-16,Primera A,Deportivo Pasto,Visitante,0 - 0,Fernando Uribe,,F,18,6.3,False,0,0,0,0,1,1%,0,0,0,0,0,0,0,0,0,1.0,True,0.0,0.0,0.0,0.0,0.0,0.0,2023
match:2023-07-16:visitante:deportivo_pasto,2023-07-16_Visitante_Deportivo_Pasto.json,2023-07-16,Primera A,Deportivo Pasto,Visitante,0 - 0,Jader Valencia,,M,90,7.3,True,0,0,4,2,41,33%,1,0,0,7,4,1,1,0,0,0.33,True,0.0,0.0,4.0,2.0,4.0,1.0,2023
match:2023-07-16:visitante:deportivo_pasto,2023-07-16_Visitante_Deportivo_Pasto.json,2023-07-16,Primera A,Deportivo Pasto,Visitante,0 - 0,Jorge Arias,,D,90,7.0,True,0,0,0,0,64,53%,0,0,0,7,3,2,1,0,0,0.53,True,0.0,0.0,0.0,0.0,3.0,2.0,2023
match:2023-07-16:visitante:deportivo_pasto,2023-07-16_Visitante_Deportivo_Pasto.json,2023-07-16,Primera A,Deportivo Pasto,Visitante,0 - 0,Juan Moreno,,G,0,,False,0,0,0,0,0,0%,0,0,0,0,0,0,0,0,0,0.0,False,,,,,,,2023
match:2023-07-16:visitante:deportivo_pasto,2023-07-16_Visitante_Deportivo_Pasto.json,2023-07-16,Primera A,Deportivo Pasto,Visitante,0 - 0,Juan Pablo Vargas,,D,90,8.0,True,0,0,0,0,56,54%,3,0,1,6,6,0,0,0,0,0.54,True,0.0,0.0,0.0,0.0,6.0,0.0,2023
match:2023-07-16:visitante:deportivo_pasto,2023-07-16_Visitante_Deportivo_Pasto.json,2023-07-16,Primera A,Deportivo Pasto,Visitante,0 - 0,Juan Pereira,,M,90,6.9,True,0,0,1,1,61,54%,0,1,0,4,0,2,0,0,0,0.54,True,0.0,0.0,1.0,1.0,0.0,2.0,2023
match:2023-07-16:visitante:deportivo_pasto,2023-07-16_Visitante_Deportivo_Pasto.json,2023-07-16,Primera A,Deportivo Pasto,Visitante,0 - 0,Larry Vásquez,,M,90,7.5,True,0,0,0,0,82,76%,3,2,0,5,4,0,0,0,0,0.76,True,0.0,0.0,0.0,0.0,4.0,0.0,2023
match:2023-07-16:visitante:deportivo_pasto,2023-07-16_Visitante_Deportivo_Pasto.json,2023-07-16,Primera A,Deportivo Pasto,Visitante,0 - 0,Leonardo Castro,,F,72,6.3,True,0,0,1,1,7,6%,0,0,0,6,2,1,1,0,0,0.06,True,0.0,0.0,1.25,1.25,2.5,1.25,2023
match:2023-07-16:visitante:deportivo_pasto,2023-07-16_Visitante_Deportivo_Pasto.json,2023-07-16,Primera A,Deportivo Pasto,Visitante,0 - 0,Ricardo Rosales,,D,72,6.2,True,0,0,0,0,19,17%,1,0,0,9,2,3,0,0,0,0.17,True,0.0,0.0,0.0,0.0,2.5,3.75,2023
match:2023-07-16:visitante:deportivo_pasto,2023-07-16_Visitante_Deportivo_Pasto.json,2023-07-16,Primera A,Deportivo Pasto,Visitante,0 - 0,Samuel Asprilla,,M,86,6.6,True,0,0,1,1,38,29%,1,1,0,6,2,0,0,0,0,0.29,True,0.0,0.0,1.0465116279069768,1.0465116279069768,2.0930232558139537,0.0,2023
match:2023-07-16:visitante:deportivo_pasto,2023-07-16_Visitante_Deportivo_Pasto.json,2023-07-16,Primera A,Deportivo Pasto,Visitante,0 - 0,Sander Navarro,,F,18,6.5,False,0,0,0,0,7,4%,0,0,0,2,0,1,0,0,0,0.04,True,0.0,0.0,0.0,0.0,0.0,5.0,2023
match:2023-07-16:visitante:deportivo_pasto,2023-07-16_Visitante_Deportivo_Pasto.json,2023-07-16,Primera A,Deportivo Pasto,Visitante,0 - 0,Stiven Vega,,D,4,,False,0,0,0,0,5,5%,1,0,0,1,1,0,0,0,0,0.05,True,0.0,0.0,0.0,0.0,22.5,0.0,2023
match:2023-07-16:visitante:deportivo_pasto,2023-07-16_Visitante_Deportivo_Pasto.json,2023-07-16,Primera A,Deportivo Pasto,Visitante,0 - 0,Álvaro Montero,,G,90,7.2,True,0,0,0,0,20,15%,0,0,0,1,1,0,1,0,0,0.15,True,0.0,0.0,0.0,0.0,1.0,0.0,2023
match:2023-07-23:local:deportivo_pereira,2023-07-23_Local_Deportivo_Pereira.json,2023-07-23,Primera A,Deportivo Pereira,Local,0 - 0,Alex Moreno,,D,90,6.9,True,0,0,0,0,41,36%,0,0,0,1,0,1,0,0,0,0.36,True,0.0,0.0,0.0,0.0,0.0,1.0,2023
match:2023-07-23:local:deportivo_pereira,2023-07-23_Local_Deportivo_Pereira.json,2023-07-23,Primera A,Deportivo Pereira,Local,0 - 0,Andrés Murillo,,D,0,,False,0,0,0,0,0,0%,0,0,0,0,0,0,0,0,0,0.0,False,,,,,,,2023
match:2023-07-23:local:deportivo_pereira,2023-07-23_Local_Deportivo_Pereira.json,2023-07-23,Primera A,Deportivo Pereira,Local,0 - 0,Beckham Castro,,F,22,6.5,False,0,0,0,0,6,6%,0,0,0,3,1,0,0,0,0,0.06,True,0.0,0.0,0.0,0.0,4.090909090909091,0.0,2023
match:2023-07-23:local:deportivo_pereira,2023-07-23_Local_Deportivo_Pereira.json,2023-07-23,Primera A,Deportivo Pereira,Local,0 - 0,Daniel Cataño,,M,88,6.6,True,0,0,1,0,44,36%,0,0,0,9,2,1,1,1,0,0.36,True,0.0,0.0,1.0227272727272727,0.0,2.0454545454545454,1.0227272727272727,2023
match:2023-07-23:local:deportivo_pereira,2023-07-23_Local_Deportivo_Pereira.json,2023-07-23,Primera A,Deportivo Pereira,Local,0 - 0,Daniel Giraldo,,M,90,7.3,True,0,0,0,0,48,42%,2,2,1,6,5,1,1,0,0,0.42,True,0.0,0.0,0.0,0.0,5.0,1.0,2023
match:2023-07-23:local:deportivo_pereira,2023-07-23_Local_Deportivo_Pereira.json,2023-07-23,Primera A,Deportivo Pereira,Local,0 - 0,David Macalister Silva,,M,90,6.6,True,0,0,0,0,38,28%,0,0,0,5,1,2,1,0,0,0.28,True,0.0,0.0,0.0,0.0,1.0,2.0,2023
match:2023-07-23:local:deportivo_pereira,2023-07-23_Local_Deportivo_Pereira.json,2023-07-23,Primera A,Deportivo Pereira,Local,0 - 0,Elvis Perlaza,,D,90,8.0,True,0,0,0,0,76,62%,3,1,0,6,6,0,2,0,0,0.62,True,0.0,0.0,0.0,0.0,6.0,0.0,2023
match:2023-07-23:local:deportivo_pereira,2023-07-23_Local_Deportivo_Pereira.json,2023-07-23,Primera A,Deportivo Pereira,Local,0 - 0,Fernando Uribe,,F,22,6.6,False,0,0,1,0,4,0%,0,0,0,2,1,0,0,0,0,0.0,True,0.0,0.0,4.090909090909091,0.0,4.090909090909091,0.0,2023
match:2023-07-23:local:deportivo_pereira,2023-07-23_Local_Deportivo_Pereira.json,2023-07-23,Primera A,Deportivo Pereira,Local,0 - 0,Jader Valencia,,M,68,6.9,True,0,0,2,0,22,20%,1,0,0,5,2,0,0,0,0,0.2,True,0.0,0.0,2.6470588235294117,0.0,2.6470588235294117,0.0,2023
match:2023-07-23:local:deportivo_pereira,2023-07-23_Local_Deportivo_Pereira.json,2023-07-23,Primera A,Deportivo Pereira,Local,0 - 0,Jorge Arias,,D,90,7.7,True,0,0,2,1,49,37%,0,2,0,2,2,0,0,0,0,0.37,True,0.0,0.0,2.0,1.0,2.0,0.0,2023
match:2023-07-23:local:deportivo_pereira,2023-07-23_Local_Deportivo_Pereira.json,2023-07-23,Primera A,Deportivo Pereira,Local,0 - 0,Juan Moreno,,G,0,,False,0,0,0,0,0,0%,0,0,0,0,0,0,0,0,0,0.0,False,,,,,,,2023
match:2023-07-23:local:deportivo_pereira,2023-07-23_Local_Deportivo_Pereira.json,2023-07-23,Primera A,Deportivo Pereira,Local,0 - 0,Juan Pablo Vargas,,D,81,7.5,True,0,0,0,0,44,37%,1,3,0,6,5,0,0,0,0,0.37,True,0.0,0.0,0.0,0.0,5.555555555555555,0.0,2023
match:2023-07-23:local:deportivo_pereira,2023-07-23_Local_Deportivo_Pereira.json,2023-07-23,Primera A,Deportivo Pereira,Local,0 - 0,Juan Pereira,,M,9,6.7,False,0,0,0,0,7,5%,0,0,0,0,0,0,0,0,0,0.05,True,0.0,0.0,0.0,0.0,0.0,0.0,2023
match:2023-07-23:local:deportivo_pereira,2023-07-23_Local_Deportivo_Pereira.json,2023-07-23,Primera A,Deportivo Pereira,Local,0 - 0,Larry Vásquez,,M,88,7.3,True,0,0,0,0,45,39%,1,2,0,3,2,0,1,0,0,0.39,True,0.0,0.0,0.0,0.0,2.0454545454545454,0.0,2023
match:2023-07-23:local:deportivo_pereira,2023-07-23_Local_Deportivo_Pereira.json,2023-07-23,Primera A,Deportivo Pereira,Local,0 - 0,Leonardo Castro,,F,68,6.7,True,0,0,2,0,19,10%,0,0,0,0,0,0,0,0,0,0.1,True,0.0,0.0,2.6470588235294117,0.0,0.0,0.0,2023
match:2023-07-23:local:deportivo_pereira,2023-07-23_Local_Deportivo_Pereira.json,2023-07-23,Primera A,Deportivo Pereira,Local,0 - 0,Luis Paredes,,F,9,6.7,False,0,0,0,0,4,2%,0,0,0,1,1,0,1,0,0,0.02,True,0.0,0.0,0.0,0.0,10.0,0.0,2023
match:2023-07-23:local:deportivo_pereira,2023-07-23_Local_Deportivo_Pereira.json,2023-07-23,Primera A,Deportivo Pereira,Local,0 - 0,Samuel Asprilla,,D,9,6.9,False,0,0,0,0,2,2%,1,0,1,1,1,0,0,0,0,0.02,True,0.0,0.0,0.0,0.0,10.0,0.0,2023
match:2023-07-23:local:deportivo_pereira,2023-07-23_Local_Deportivo_Pereira.json,2023-07-23,Primera A,Deportivo Pereira,Local,0 - 0,Álvaro Montero,,G,90,7.6,True,0,0,0,0,18,14%,0,0,0,0,0,0,0,0,0,0.14,True,0.0,0.0,0.0,0.0,0.0,0.0,2023
match:2023-07-29:visitante:alianza_petrolera,2023-07-29_Visitante_Alianza_Petrolera.json,2023-07-29,Primera A,Alianza Petrolera,Visitante,1 - 0,Alex Moreno,,D,90,7.2,True,0,0,0,0,51,42%,4,0,1,6,5,1,0,0,0,0.42,True,0.0,0.0,0.0,0.0,5.0,1.0,2023
match:2023-07-29:visitante:alianza_petrolera,2023-07-29_Visitante_Alianza_Petrolera.json,2023-07-29,Primera A,Alianza Petrolera,Visitante,1 - 0,Andrés Murillo,,D,0,,False,0,0,0,0,0,0%,0,0,0,0,0,0,0,0,0,0.0,False,,,,,,,2023
match:2023-07-29:visitante:alianza_petrolera,2023-07-29_Visitante_Alianza_Petrolera.json,2023-07-29,Primera A,Alianza Petrolera,Visitante,1 - 0,Daniel Cataño,,M,73,6.7,True,0,0,1,0,36,29%,0,0,0,4,2,0,2,0,0,0.29,True,0.0,0.0,1.2328767123287672,0.0,2.4657534246575343,0.0,2023
match:2023-07-29:visitante:alianza_petrolera,2023-07-29_Visitante_Alianza_Petrolera.json,2023-07-29,Primera A,Alianza Petrolera,Visitante,1 - 0,Daniel Giraldo,,M,45,6.9,True,0,0,1,0,29,26%,0,0,0,2,2,0,1,0,0,0.26,True,0.0,0.0,2.0,0.0,4.0,0.0,2023
match:2023-07-29:visitante:alianza_petrolera,2023-07-29_Visitante_Alianza_Petrolera.json,2023-07-29,Primera A,Alianza Petrolera,Visitante,1 - 0,David Macalister Silva,,M,90,6.6,True,0,0,0,0,46,40%,1,0,0,6,2,1,0,0,0,0.4,True,0.0,0.0,0.0,0.0,2.0,1.0,2023
match:2023-07-29:visitante:alianza_petrolera,2023-07-29_Visitante_Alianza_Petrolera.json,2023-07-29,Primera A,Alianza Petrolera,Visitante,1 - 0,Elvis Perlaza,,D,90,6.9,True,0,0,0,0,35,30%,3,1,0,13,6,2,2,0,0,0.3,True,0.0,0.0,0.0,0.0,6.0,2.0,2023
match:2023-07-29:visitante:alianza_petrolera,2023-07-29_Visitante_Alianza_Petrolera.json,2023-07-29,Primera A,Alianza Petrolera,Visitante,1 - 0,Jader Valencia,,M,18,3.2,True,0,0,0,0,9,4%,0,0,0,3,2,1,0,0,1,0.04,True,0.0,0.0,0.0,0.0,10.0,5.0,2023
match:2023-07-29:visitante:alianza_petrolera,2023-07-29_Visitante_Alianza_Petrolera.json,2023-07-29,Primera A,Alianza Petrolera,Visitante,1 - 0,Jorge Arias,,D,90,7.2,True,0,0,0,0,60,54%,2,2,0,9,7,2,2,1,0,0.54,True,0.0,0.0,0.0,0.0,7.0,2.0,2023
match:2023-07-29:visitante:alianza_petrolera,2023-07-29_Visitante_Alianza_Petrolera.json,2023-07-29,Primera A,Alianza Petrolera,Visitante,1 - 0,Juan Carvajal,,F,11,6.6,False,0,0,0,0,7,6%,1,0,0,2,1,0,0,0,0,0.06,True,0.0,0.0,0.0,0.0,8.181818181818182,0.0,2023
match:2023-07-29:visitante:alianza_petrolera,2023-07-29_Visitante_Alianza_Petrolera.json,2023-07-29,Primera A,Alianza Petrolera,Visitante,1 - 0,Juan Moreno,,G,0,,False,0,0,0,0,0,0%,0,0,0,0,0,0,0,0,0,0.0,False,,,,,,,2023
match:2023-07-29:visitante:alianza_petrolera,2023-07-29_Visitante_Alianza_Petrolera.json,2023-07-29,Primera A,Alianza Petrolera,Visitante,1 - 0,Juan Pereira,,M,45,6.7,True,0,0,0,0,25,22%,1,0,0,3,2,0,0,0,0,0.22,True,0.0,0.0,0.0,0.0,4.0,0.0,2023
match:2023-07-29:visitante:alianza_petrolera,2023-07-29_Visitante_Alianza_Petrolera.json,2023-07-29,Primera A,Alianza Petrolera,Visitante,1 - 0,Larry Vásquez,,M,45,7.0,False,0,0,2,0,33,29%,0,1,0,0,0,0,0,0,0,0.29,True,0.0,0.0,4.0,0.0,0.0,0.0,2023
match:2023-07-29:visitante:alianza_petrolera,2023-07-29_Visitante_Alianza_Petrolera.json,2023-07-29,Primera A,Alianza Petrolera,Visitante,1 - 0,Leonardo Castro,,F,79,6.3,True,0,0,1,0,8,7%,0,0,1,5,3,1,3,0,0,0.07,True,0.0,0.0,1.139240506329114,0.0,3.4177215189873418,1.139240506329114,2023
match:2023-07-29:visitante:alianza_petrolera,2023-07-29_Visitante_Alianza_Petrolera.json,2023-07-29,Primera A,Alianza Petrolera,Visitante,1 - 0,Luis Paredes,,F,17,7.2,False,0,0,2,1,6,5%,0,0,1,5,4,0,1,0,0,0.05,True,0.0,0.0,10.588235294117647,5.294117647058823,21.176470588235293,0.0,2023
match:2023-07-29:visitante:alianza_petrolera,2023-07-29_Visitante_Alianza_Petrolera.json,2023-07-29,Primera A,Alianza Petrolera,Visitante,1 - 0,Omar Bertel,,D,45,6.7,False,0,0,1,0,18,13%,1,1,0,2,1,0,0,0,0,0.13,True,0.0,0.0,2.0,0.0,2.0,0.0,2023
match:2023-07-29:visitante:alianza_petrolera,2023-07-29_Visitante_Alianza_Petrolera.json,2023-07-29,Primera A,Alianza Petrolera,Visitante,1 - 0,Samuel Asprilla,,D,45,6.7,True,0,0,0,0,17,12%,1,0,0,4,1,1,0,0,0,0.12,True,0.0,0.0,0.0,0.0,2.0,2.0,2023
match:2023-07-29:visitante:alianza_petrolera,2023-07-29_Visitante_Alianza_Petrolera.json,2023-07-29,Primera A,Alianza Petrolera,Visitante,1 - 0,Stiven Vega,,D,45,6.6,False,0,0,0,0,30,26%,0,0,0,4,2,0,1,0,0,0.26,True,0.0,0.0,0.0,0.0,4.0,0.0,2023
match:2023-07-29:visitante:alianza_petrolera,2023-07-29_Visitante_Alianza_Petrolera.json,2023-07-29,Primera A,Alianza Petrolera,Visitante,1 - 0,Álvaro Montero,,G,90,7.3,True,0,0,0,0,23,19%,0,0,0,0,0,0,0,0,0,0.19,True,0.0,0.0,0.0,0.0,0.0,0.0,2023
match:2023-08-08:local:deportes_tolima,2023-08-08_Local_Deportes_Tolima.json,2023-08-08,Primera A,Deportes Tolima,Local,1 - 0,Andrés Llinás,,D,90,7.2,True,0,0,0,0,36,32%,3,1,0,9,5,2,0,1,0,0.32,True,0.0,0.0,0.0,0.0,5.0,2.0,2023
match:2023-08-08:local:deportes_tolima,2023-08-08_Local_Deportes_Tolima.json,2023-08-08,Primera A,Deportes Tolima,Local,1 - 0,Andrés Murillo,,D,0,,False,0,0,0,0,0,0%,0,0,0,0,0,0,0,0,0,0.0,False,,,,,,,2023
match:2023-08-08:local:deportes_tolima,2023-08-08_Local_Deportes_Tolima.json,2023-08-08,Primera A,Deportes Tolima,Local,1 - 0,Beckham Castro,,M,45,6.7,True,0,0,0,0,10,5%,2,0,0,9,5,1,3,0,0,0.05,True,0.0,0.0,0.0,0.0,10.0,2.0,2023
match:2023-08-08:local:deportes_tolima,2023-08-08_Local_Deportes_Tolima.json,2023-08-08,Primera A,Deportes Tolima,Local,1 - 0,Daniel Cataño,,M,45,7.2,False,0,1,0,0,28,21%,2,1,0,9,3,1,1,0,0,0.21,True,0.0,2.0,0.0,0.0,6.0,2.0,2023
match:2023-08-08:local:deportes_tolima,2023-08-08_Local_Deportes_Tolima.json,2023-08-08,Primera A,Deportes Tolima,Local,1 - 0,Daniel Giraldo,,M,90,7.2,True,0,0,1,1,48,40%,3,2,0,6,3,1,0,0,0,0.4,True,0.0,0.0,1.0,1.0,3.0,1.0,2023
match:2023-08-08:local:deportes_tolima,2023-08-08_Local_Deportes_Tolima.json,2023-08-08,Primera A,Deportes Tolima,Local,1 - 0,David Macalister Silva,,M,81,6.9,True,0,0,1,1,46,34%,0,1,0,7,2,0,2,0,0,0.34,True,0.0,0.0,1.1111111111111112,1.1111111111111112,2.2222222222222223,0.0,2023
match:2023-08-08:local:deportes_tolima,2023-08-08_Local_Deportes_Tolima.json,2023-08-08,Primera A,Deportes Tolima,Local,1 - 0,Elvis Perlaza,,D,45,6.6,True,0,0,0,0,22,18%,1,0,0,4,3,0,2,0,0,0.18,True,0.0,0.0,0.0,0.0,6.0,0.0,2023
match:2023-08-08:local:deportes_tolima,2023-08-08_Local_Deportes_Tolima.json,2023-08-08,Primera A,Deportes Tolima,Local,1 - 0,Fernando Uribe,,F,10,6.7,False,0,0,0,0,3,2%,0,0,0,2,1,0,1,0,0,0.02,True,0.0,0.0,0.0,0.0,9.0,0.0,2023
match:2023-08-08:local:deportes_tolima,2023-08-08_Local_Deportes_Tolima.json,2023-08-08,Primera A,Deportes Tolima,Local,1 - 0,Jorge Arias,,D,90,7.9,True,0,0,0,0,62,48%,3,1,2,11,9,1,3,0,0,0.48,True,0.0,0.0,0.0,0.0,9.0,1.0,2023
match:2023-08-08:local:deportes_tolima,2023-08-08_Local_Deportes_Tolima.json,2023-08-08,Primera A,Deportes Tolima,Local,1 - 0,Juan Moreno,,G,0,,False,0,0,0,0,0,0%,0,0,0,0,0,0,0,0,0,0.0,False,,,,,,,2023
match:2023-08-08:local:deportes_tolima,2023-08-08_Local_Deportes_Tolima.json,2023-08-08,Primera A,Deportes Tolima,Local,1 - 0,Juan Pereira,,M,9,6.9,False,0,0,0,0,11,10%,0,1,0,1,1,0,0,0,0,0.1,True,0.0,0.0,0.0,0.0,10.0,0.0,2023
match:2023-08-08:local:deportes_tolima,2023-08-08_Local_Deportes_Tolima.json,2023-08-08,Primera A,Deportes Tolima,Local,1 - 0,Larry Vásquez,,M,90,7.7,True,0,0,0,0,52,43%,3,1,0,11,9,0,3,0,0,0.43,True,0.0,0.0,0.0,0.0,9.0,0.0,2023
match:2023-08-08:local:deportes_tolima,2023-08-08_Local_Deportes_Tolima.json,2023-08-08,Primera A,Deportes Tolima,Local,1 - 0,Leonardo Castro,,F,80,7.3,True,1,0,2,2,13,8%,1,1,0,8,2,3,0,1,0,0.08,True,1.125,0.0,2.25,2.25,2.25,3.375,2023
match:2023-08-08:local:deportes_tolima,2023-08-08_Local_Deportes_Tolima.json,2023-08-08,Primera A,Deportes Tolima,Local,1 - 0,Luis Paredes,,M,66,6.9,True,0,0,2,1,28,20%,1,0,0,9,5,1,3,0,0,0.2,True,0.0,0.0,2.7272727272727275,1.3636363636363638,6.818181818181818,1.3636363636363638,2023
match:2023-08-08:local:deportes_tolima,2023-08-08_Local_Deportes_Tolima.json,2023-08-08,Primera A,Deportes Tolima,Local,1 - 0,Omar Bertel,,D,90,6.9,True,0,0,1,1,33,22%,2,2,0,11,3,3,1,0,0,0.22,True,0.0,0.0,1.0,1.0,3.0,3.0,2023
match:2023-08-08:local:deportes_tolima,2023-08-08_Local_Deportes_Tolima.json,2023-08-08,Primera A,Deportes Tolima,Local,1 - 0,Stiven Vega,,D,45,6.9,False,0,0,0,0,16,11%,0,3,0,1,0,0,0,0,0,0.11,True,0.0,0.0,0.0,0.0,0.0,0.0,2023
match:2023-08-08:local:deportes_tolima,2023-08-08_Local_Deportes_Tolima.json,2023-08-08,Primera A,Deportes Tolima,Local,1 - 0,Yuber Quiñones,,F,24,6.3,False,0,0,0,0,8,7%,0,0,0,3,0,0,0,0,0,0.07,True,0.0,0.0,0.0,0.0,0.0,0.0,2023
match:2023-08-08:local:deportes_tolima,2023-08-08_Local_Deportes_Tolima.json,2023-08-08,Primera A,Deportes Tolima,Local,1 - 0,Álvaro Montero,,G,90,7.9,True,0,0,0,0,25,20%,0,0,0,0,0,0,0,0,0,0.2,True,0.0,0.0,0.0,0.0,0.0,0.0,2023
match:2023-08-13:visitante:jaguares,2023-08-13_Visitante_Jaguares.json,2023-08-13,Primera A,Jaguares,Visitante,2 - 0,Andrés Llinás,,D,99,7.0,True,0,0,0,0,54,49%,2,1,2,6,4,1,1,1,0,0.49,True,0.0,0.0,0.0,0.0,3.6363636363636367,0.9090909090909092,2023
match:2023-08-13:visitante:jaguares,2023-08-13_Visitante_Jaguares.json,2023-08-13,Primera A,Jaguares,Visitante,2 - 0,Andrés Murillo,,D,54,6.5,False,0,0,0,0,12,10%,0,1,0,6,2,2,1,1,0,0.1,True,0.0,0.0,0.0,0.0,3.333333333333333,3.333333333333333,2023
match:2023-08-13:visitante:jaguares,2023-08-13_Visitante_Jaguares.json,2023-08-13,Primera A,Jaguares,Visitante,2 - 0,Beckham Castro,,M,45,6.5,True,0,0,0,0,6,4%,0,0,0,3,0,0,0,0,0,0.04,True,0.0,0.0,0.0,0.0,0.0,0.0,2023
match:2023-08-13:visitante:jaguares,2023-08-13_Visitante_Jaguares.json,2023-08-13,Primera A,Jaguares,Visitante,2 - 0,Daniel Cataño,,M,99,7.2,True,0,0,1,1,41,29%,2,0,0,10,5,1,2,0,0,0.29,True,0.0,0.0,0.9090909090909092,0.9090909090909092,4.545454545454545,0.9090909090909092,2023
match:2023-08-13:visitante:jaguares,2023-08-13_Visitante_Jaguares.json,2023-08-13,Primera A,Jaguares,Visitante,2 - 0,Daniel Giraldo,,M,99,7.0,True,0,0,2,0,62,51%,2,0,0,8,4,3,2,0,0,0.51,True,0.0,0.0,1.8181818181818183,0.0,3.6363636363636367,2.7272727272727275,2023
match:2023-08-13:visitante:jaguares,2023-08-13_Visitante_Jaguares.json,2023-08-13,Primera A,Jaguares,Visitante,2 - 0,Daniel Ruiz,,M,54,7.0,False,0,0,1,1,15,12%,0,0,0,3,1,0,0,0,0,0.12,True,0.0,0.0,1.6666666666666665,1.6666666666666665,1.6666666666666665,0.0,2023
match:2023-08-13:visitante:jaguares,2023-08-13_Visitante_Jaguares.json,2023-08-13,Primera A,Jaguares,Visitante,2 - 0,Edgar Guerra,,F,54,6.6,False,0,0,1,0,10,8%,0,0,0,7,4,1,2,0,0,0.08,True,0.0,0.0,1.6666666666666665,0.0,6.666666666666666,1.6666666666666665,2023
match:2023-08-13:visitante:jaguares,2023-08-13_Visitante_Jaguares.json,2023-08-13,Primera A,Jaguares,Visitante,2 - 0,Fernando Uribe,,F,26,6.7,False,0,0,0,0,6,5%,0,1,0,0,0,0,0,0,0,0.05,True,0.0,0.0,0.0,0.0,0.0,0.0,2023
match:2023-08-13:visitante:jaguares,2023-08-13_Visitante_Jaguares.json,2023-08-13,Primera A,Jaguares,Visitante,2 - 0,Jorge Arias,,D,99,6.6,True,0,0,0,0,60,55%,1,0,2,6,2,1,0,1,0,0.55,True,0.0,0.0,0.0,0.0,1.8181818181818183,0.9090909090909092,2023
match:2023-08-13:visitante:jaguares,2023-08-13_Visitante_Jaguares.json,2023-08-13,Primera A,Jaguares,Visitante,2 - 0,Juan Moreno,,G,0,,False,0,0,0,0,0,0%,0,0,0,0,0,0,0,0,0,0.0,False,,,,,,,2023
match:2023-08-13:visitante:jaguares,2023-08-13_Visitante_Jaguares.json,2023-08-13,Primera A,Jaguares,Visitante,2 - 0,Kliver Moreno,,D,0,,False,0,0,0,0,0,0%,0,0,0,0,0,0,0,0,0,0.0,False,,,,,,,2023
match:2023-08-13:visitante:jaguares,2023-08-13_Visitante_Jaguares.json,2023-08-13,Primera A,Jaguares,Visitante,2 - 0,Larry Vásquez,,M,73,7.0,True,0,0,0,0,37,34%,5,0,0,10,5,2,0,0,0,0.34,True,0.0,0.0,0.0,0.0,6.164383561643835,2.4657534246575343,2023
match:2023-08-13:visitante:jaguares,2023-08-13_Visitante_Jaguares.json,2023-08-13,Primera A,Jaguares,Visitante,2 - 0,Leonardo Castro,,F,99,6.0,True,0,0,2,1,14,10%,1,0,0,6,2,2,1,1,0,0.1,True,0.0,0.0,1.8181818181818183,0.9090909090909092,1.8181818181818183,1.8181818181818183,2023
match:2023-08-13:visitante:jaguares,2023-08-13_Visitante_Jaguares.json,2023-08-13,Primera A,Jaguares,Visitante,2 - 0,Luis Paredes,,M,45,6.5,True,0,0,0,0,17,16%,0,0,0,6,2,0,0,0,0,0.16,True,0.0,0.0,0.0,0.0,4.0,0.0,2023
match:2023-08-13:visitante:jaguares,2023-08-13_Visitante_Jaguares.json,2023-08-13,Primera A,Jaguares,Visitante,2 - 0,Samuel Asprilla,,D,45,6.2,True,0,0,0,0,19,14%,1,0,0,8,2,2,1,0,0,0.14,True,0.0,0.0,0.0,0.0,4.0,4.0,2023
match:2023-08-13:visitante:jaguares,2023-08-13_Visitante_Jaguares.json,2023-08-13,Primera A,Jaguares,Visitante,2 - 0,Sander Navarro,,D,99,6.3,True,0,0,1,1,32,26%,2,1,0,10,3,2,0,0,0,0.26,True,0.0,0.0,0.9090909090909092,0.9090909090909092,2.7272727272727275,1.8181818181818183,2023
match:2023-08-13:visitante:jaguares,2023-08-13_Visitante_Jaguares.json,2023-08-13,Primera A,Jaguares,Visitante,2 - 0,Stiven Vega,,D,0,,False,0,0,0,0,0,0%,0,0,0,0,0,0,0,0,0,0.0,False,,,,,,,2023
match:2023-08-13:visitante:jaguares,2023-08-13_Visitante_Jaguares.json,2023-08-13,Primera A,Jaguares,Visitante,2 - 0,Álvaro Montero,,G,99,6.7,True,0,0,0,0,20,17%,0,0,0,0,0,0,0,0,0,0.17,True,0.0,0.0,0.0,0.0,0.0,0.0,2023
match:2023-08-22:local:once_caldas,2023-08-22_Local_Once_Caldas.json,2023-08-22,Primera A,Once Caldas,Local,2 - 1,Andrés Llinás,,D,95,7.5,True,0,0,1,1,36,30%,2,2,2,3,3,0,0,0,0,0.3,True,0.0,0.0,0.9473684210526315,0.9473684210526315,2.8421052631578947,0.0,2023
match:2023-08-22:local:once_caldas,2023-08-22_Local_Once_Caldas.json,2023-08-22,Primera A,Once Caldas,Local,2 - 1,Daniel Cataño,,M,91,7.3,True,1,0,2,1,50,38%,2,1,0,13,4,3,2,0,0,0.38,True,0.989010989010989,0.0,1.978021978021978,0.989010989010989,3.956043956043956,2.967032967032967,2023
match:2023-08-22:local:once_caldas,2023-08-22_Local_Once_Caldas.json,2023-08-22,Primera A,Once Caldas,Local,2 - 1,Daniel Giraldo,,M,64,6.9,True,0,0,1,0,43,34%,4,0,0,7,4,2,0,1,0,0.34,True,0.0,0.0,1.40625,0.0,5.625,2.8125,2023
match:2023-08-22:local:once_caldas,2023-08-22_Local_Once_Caldas.json,2023-08-22,Primera A,Once Caldas,Local,2 - 1,Daniel Ruiz,,M,45,6.0,True,0,0,0,0,22,18%,0,0,0,7,0,1,0,1,0,0.18,True,0.0,0.0,0.0,0.0,0.0,2.0,2023
match:2023-08-22:local:once_caldas,2023-08-22_Local_Once_Caldas.json,2023-08-22,Primera A,Once Caldas,Local,2 - 1,David Macalister Silva,,M,91,7.6,True,0,0,1,1,62,55%,1,0,0,7,4,1,2,0,0,0.55,True,0.0,0.0,0.989010989010989,0.989010989010989,3.956043956043956,0.989010989010989,2023
match:2023-08-22:local:once_caldas,2023-08-22_Local_Once_Caldas.json,2023-08-22,Primera A,Once Caldas,Local,2 - 1,Fernando Uribe,,F,15,6.3,False,0,0,0,0,1,1%,0,0,0,0,0,0,0,0,0,1.0,True,0.0,0.0,0.0,0.0,0.0,0.0,2023
match:2023-08-22:local:once_caldas,2023-08-22_Local_Once_Caldas.json,2023-08-22,Primera A,Once Caldas,Local,2 - 1,Jader Valencia,,F,31,6.3,False,0,0,0,0,13,11%,0,0,0,3,1,1,0,0,0,0.11,True,0.0,0.0,0.0,0.0,2.903225806451613,2.903225806451613,2023
match:2023-08-22:local:once_caldas,2023-08-22_Local_Once_Caldas.json,2023-08-22,Primera A,Once Caldas,Local,2 - 1,Jorge Arias,,D,4,,False,0,0,0,0,0,0%,0,0,0,0,0,0,0,0,0,0.0,True,0.0,0.0,0.0,0.0,0.0,0.0,2023
match:2023-08-22:local:once_caldas,2023-08-22_Local_Once_Caldas.json,2023-08-22,Primera A,Once Caldas,Local,2 - 1,Juan Moreno,,G,0,,False,0,0,0,0,0,0%,0,0,0,0,0,0,0,0,0,0.0,False,,,,,,,2023
match:2023-08-22:local:once_caldas,2023-08-22_Local_Once_Caldas.json,2023-08-22,Primera A,Once Caldas,Local,2 - 1,Juan Pablo Vargas,,D,95,7.0,True,0,0,0,0,34,31%,3,1,0,6,4,0,0,0,0,0.31,True,0.0,0.0,0.0,0.0,3.789473684210526,0.0,2023
match:2023-08-22:local:once_caldas,2023-08-22_Local_Once_Caldas.json,2023-08-22,Primera A,Once Caldas,Local,2 - 1,Kliver Moreno,,D,4,,False,0,0,0,0,2,0%,0,0,0,1,0,1,0,0,0,0.0,True,0.0,0.0,0.0,0.0,0.0,22.5,2023
match:2023-08-22:local:once_caldas,2023-08-22_Local_Once_Caldas.json,2023-08-22,Primera A,Once Caldas,Local,2 - 1,Larry Vásquez,,M,95,6.9,True,0,0,0,0,67,54%,4,1,0,15,4,5,0,0,0,0.54,True,0.0,0.0,0.0,0.0,3.789473684210526,4.7368421052631575,2023
match:2023-08-22:local:once_caldas,2023-08-22_Local_Once_Caldas.json,2023-08-22,Primera A,Once Caldas,Local,2 - 1,Leonardo Castro,,F,80,6.9,True,0,0,1,0,19,16%,0,0,0,2,0,1,0,1,0,0.16,True,0.0,0.0,1.125,0.0,0.0,1.125,2023
match:2023-08-22:local:once_caldas,2023-08-22_Local_Once_Caldas.json,2023-08-22,Primera A,Once Caldas,Local,2 - 1,Luis Paredes,,F,50,6.9,False,0,0,1,1,12,8%,1,0,0,4,3,0,2,0,0,0.08,True,0.0,0.0,1.8,1.8,5.3999999999999995,0.0,2023
match:2023-08-22:local:once_caldas,2023-08-22_Local_Once_Caldas.json,2023-08-22,Primera A,Once Caldas,Local,2 - 1,Omar Bertel,,D,95,7.7,True,0,1,1,1,50,46%,3,0,1,6,4,0,0,0,0,0.46,True,0.0,0.9473684210526315,0.9473684210526315,0.9473684210526315,3.789473684210526,0.0,2023
match:2023-08-22:local:once_caldas,2023-08-22_Local_Once_Caldas.json,2023-08-22,Primera A,Once Caldas,Local,2 - 1,Ricardo Rosales,,F,0,,False,0,0,0,0,0,0%,0,0,0,0,0,0,0,0,0,0.0,False,,,,,,,2023
match:2023-08-22:local:once_caldas,2023-08-22_Local_Once_Caldas.json,2023-08-22,Primera A,Once Caldas,Local,2 - 1,Sander Navarro,,D,95,6.9,True,0,0,2,1,36,28%,2,0,0,9,4,2,0,0,0,0.28,True,0.0,0.0,1.894736842105263,0.9473684210526315,3.789473684210526,1.894736842105263,2023
match:2023-08-22:local:once_caldas,2023-08-22_Local_Once_Caldas.json,2023-08-22,Primera A,Once Caldas,Local,2 - 1,Álvaro Montero,,G,95,6.6,True,0,0,0,0,26,21%,0,0,0,0,0,0,0,0,0,0.21,True,0.0,0.0,0.0,0.0,0.0,0.0,2023
match:2023-08-25:visitante:deportivo_cali,2023-08-25_Visitante_Deportivo_Cali.json,2023-08-25,Primera A,Deportivo Cali,Visitante,0 - 0,Andrés Murillo,,D,0,,False,0,0,0,0,0,0%,0,0,0,0,0,0,0,0,0,0.0,False,,,,,,,2023
match:2023-08-25:visitante:deportivo_cali,2023-08-25_Visitante_Deportivo_Cali.json,2023-08-25,Primera A,Deportivo Cali,Visitante,0 - 0,Beckham Castro,,F,12,6.7,False,0,0,0,0,1,1%,0,0,0,2,2,0,2,0,0,1.0,True,0.0,0.0,0.0,0.0,15.0,0.0,2023
match:2023-08-25:visitante:deportivo_cali,2023-08-25_Visitante_Deportivo_Cali.json,2023-08-25,Primera A,Deportivo Cali,Visitante,0 - 0,Daniel Ruiz,,M,90,7.2,True,0,0,0,0,48,34%,1,0,0,9,4,0,1,0,0,0.34,True,0.0,0.0,0.0,0.0,4.0,0.0,2023
match:2023-08-25:visitante:deportivo_cali,2023-08-25_Visitante_Deportivo_Cali.json,2023-08-25,Primera A,Deportivo Cali,Visitante,0 - 0,Dewar Victoria,,M,0,,False,0,0,0,0,0,0%,0,0,0,0,0,0,0,0,0,0.0,False,,,,,,,2023
match:2023-08-25:visitante:deportivo_cali,2023-08-25_Visitante_Deportivo_Cali.json,2023-08-25,Primera A,Deportivo Cali,Visitante,0 - 0,Edgar Guerra,,F,82,6.6,False,0,0,0,0,33,25%,3,0,0,14,8,0,3,0,0,0.25,True,0.0,0.0,0.0,0.0,8.78048780487805,0.0,2023
match:2023-08-25:visitante:deportivo_cali,2023-08-25_Visitante_Deportivo_Cali.json,2023-08-25,Primera A,Deportivo Cali,Visitante,0 - 0,Fernando Uribe,,F,90,7.2,True,0,0,3,0,21,10%,0,0,0,9,7,0,0,0,0,0.1,True,0.0,0.0,3.0,0.0,7.0,0.0,2023
match:2023-08-25:visitante:deportivo_cali,2023-08-25_Visitante_Deportivo_Cali.json,2023-08-25,Primera A,Deportivo Cali,Visitante,0 - 0,Jader Valencia,,M,90,6.3,True,0,0,1,0,29,18%,1,0,0,11,5,1,1,0,0,0.18,True,0.0,0.0,1.0,0.0,5.0,1.0,2023
match:2023-08-25:visitante:deportivo_cali,2023-08-25_Visitante_Deportivo_Cali.json,2023-08-25,Primera A,Deportivo Cali,Visitante,0 - 0,Jhoan Hernandez,,D,45,6.3,False,0,0,0,0,16,12%,0,0,0,2,0,2,0,0,0,0.12,True,0.0,0.0,0.0,0.0,0.0,4.0,2023
match:2023-08-25:visitante:deportivo_cali,2023-08-25_Visitante_Deportivo_Cali.json,2023-08-25,Primera A,Deportivo Cali,Visitante,0 - 0,Jorge Arias,,D,90,7.3,True,0,0,0,0,44,37%,3,0,1,8,7,0,2,0,0,0.37,True,0.0,0.0,0.0,0.0,7.0,0.0,2023
match:2023-08-25:visitante:deportivo_cali,2023-08-25_Visitante_Deportivo_Cali.json,2023-08-25,Primera A,Deportivo Cali,Visitante,0 - 0,Juan Carvajal,,F,8,6.3,False,0,0,0,0,1,1%,0,0,0,1,0,1,0,0,0,1.0,True,0.0,0.0,0.0,0.0,0.0,11.25,2023
match:2023-08-25:visitante:deportivo_cali,2023-08-25_Visitante_Deportivo_Cali.json,2023-08-25,Primera A,Deportivo Cali,Visitante,0 - 0,Juan Moreno,,G,0,,False,0,0,0,0,0,0%,0,0,0,0,0,0,0,0,0,0.0,False,,,,,,,2023
match:2023-08-25:visitante:deportivo_cali,2023-08-25_Visitante_Deportivo_Cali.json,2023-08-25,Primera A,Deportivo Cali,Visitante,0 - 0,Juan Pablo Vargas,,D,45,6.9,True,0,0,1,0,21,11%,0,0,1,2,2,0,1,0,0,0.11,True,0.0,0.0,2.0,0.0,4.0,0.0,2023
match:2023-08-25:visitante:deportivo_cali,2023-08-25_Visitante_Deportivo_Cali.json,2023-08-25,Primera A,Deportivo Cali,Visitante,0 - 0,Kliver Moreno,,M,88,6.9,True,0,0,2,1,33,25%,2,0,0,7,3,2,0,0,0,0.25,True,0.0,0.0,2.0454545454545454,1.0227272727272727,3.068181818181818,2.0454545454545454,2023
match:2023-08-25:visitante:deportivo_cali,2023-08-25_Visitante_Deportivo_Cali.json,2023-08-25,Primera A,Deportivo Cali,Visitante,0 - 0,Luis Paredes,,M,8,6.6,True,0,0,0,0,0,0%,0,0,0,1,1,0,1,0,0,0.0,True,0.0,0.0,0.0,0.0,11.25,0.0,2023
match:2023-08-25:visitante:deportivo_cali,2023-08-25_Visitante_Deportivo_Cali.json,2023-08-25,Primera A,Deportivo Cali,Visitante,0 - 0,Nicolas Arevalo,,M,90,7.5,True,0,0,0,0,57,54%,2,2,0,9,4,2,0,0,0,0.54,True,0.0,0.0,0.0,0.0,4.0,2.0,2023
match:2023-08-25:visitante:deportivo_cali,2023-08-25_Visitante_Deportivo_Cali.json,2023-08-25,Primera A,Deportivo Cali,Visitante,0 - 0,Ricardo Rosales,,D,84,7.2,True,0,0,0,0,27,18%,3,1,0,10,7,0,2,0,0,0.18,True,0.0,0.0,0.0,0.0,7.5,0.0,2023
match:2023-08-25:visitante:deportivo_cali,2023-08-25_Visitante_Deportivo_Cali.json,2023-08-25,Primera A,Deportivo Cali,Visitante,0 - 0,Álvaro Montero,,G,90,8.2,True,0,0,0,0,21,15%,0,0,0,1,1,0,0,0,0,0.15,True,0.0,0.0,0.0,0.0,1.0,0.0,2023
match:2023-08-25:visitante:deportivo_cali,2023-08-25_Visitante_Deportivo_Cali.json,2023-08-25,Primera A,Deportivo Cali,Visitante,0 - 0,Óscar Vanegas,,D,90,7.7,True,0,0,2,0,32,23%,1,2,2,4,4,0,1,1,0,0.23,True,0.0,0.0,2.0,0.0,4.0,0.0,2023
match:2023-08-27:local:atletico_nacional,2023-08-27_Local_Atletico_Nacional.json,2023-08-27,Primera A,Atletico Nacional,Local,1 - 0,Andrés Llinás,,D,90,7.5,True,0,0,0,0,51,45%,3,1,1,7,6,0,2,0,0,0.45,True,0.0,0.0,0.0,0.0,6.0,0.0,2023
match:2023-08-27:local:atletico_nacional,2023-08-27_Local_Atletico_Nacional.json,2023-08-27,Primera A,Atletico Nacional,Local,1 - 0,Daniel Cataño,,M,89,7.9,True,1,0,1,1,46,38%,0,0,0,7,5,1,1,0,0,0.38,True,1.0112359550561798,0.0,1.0112359550561798,1.0112359550561798,5.056179775280898,1.0112359550561798,2023
match:2023-08-27:local:atletico_nacional,2023-08-27_Local_Atletico_Nacional.json,2023-08-27,Primera A,Atletico Nacional,Local,1 - 0,Daniel Giraldo,,M,90,6.3,True,0,0,0,0,69,59%,0,1,0,10,1,3,0,0,0,0.59,True,0.0,0.0,0.0,0.0,1.0,3.0,2023
match:2023-08-27:local:atletico_nacional,2023-08-27_Local_Atletico_Nacional.json,2023-08-27,Primera A,Atletico Nacional,Local,1 - 0,Daniel Ruiz,,M,73,7.2,True,0,1,2,1,26,20%,0,0,0,2,1,0,1,0,0,0.2,True,0.0,1.2328767123287672,2.4657534246575343,1.2328767123287672,1.2328767123287672,0.0,2023
match:2023-08-27:local:atletico_nacional,2023-08-27_Local_Atletico_Nacional.json,2023-08-27,Primera A,Atletico Nacional,Local,1 - 0,David Macalister Silva,,M,90,7.5,True,0,0,3,1,59,51%,2,0,0,7,3,0,1,0,0,0.51,True,0.0,0.0,3.0,1.0,3.0,0.0,2023
match:2023-08-27:local:atletico_nacional,2023-08-27_Local_Atletico_Nacional.json,2023-08-27,Primera A,Atletico Nacional,Local,1 - 0,Edgar Guerra,,F,17,6.9,False,0,0,1,0,8,7%,0,0,0,2,1,1,0,0,0,0.07,True,0.0,0.0,5.294117647058823,0.0,5.294117647058823,5.294117647058823,2023
match:2023-08-27:local:atletico_nacional,2023-08-27_Local_Atletico_Nacional.json,2023-08-27,Primera A,Atletico Nacional,Local,1 - 0,Fernando Uribe,,F,1,,False,0,0,0,0,0,0%,0,0,0,0,0,0,0,0,0,0.0,True,0.0,0.0,0.0,0.0,0.0,0.0,2023
match:2023-08-27:local:atletico_nacional,2023-08-27_Local_Atletico_Nacional.json,2023-08-27,Primera A,Atletico Nacional,Local,1 - 0,Jader Valencia,,F,45,6.9,False,0,0,2,1,32,24%,0,0,0,3,1,0,0,0,0,0.24,True,0.0,0.0,4.0,2.0,2.0,0.0,2023
match:2023-08-27:local:atletico_nacional,2023-08-27_Local_Atletico_Nacional.json,2023-08-27,Primera A,Atletico Nacional,Local,1 - 0,Jhoan Hernandez,,D,0,,False,0,0,0,0,0,0%,0,0,0,0,0,0,0,0,0,0.0,False,,,,,,,2023
match:2023-08-27:local:atletico_nacional,2023-08-27_Local_Atletico_Nacional.json,2023-08-27,Primera A,Atletico Nacional,Local,1 - 0,Jorge Arias,,D,90,7.2,True,0,0,0,0,67,57%,1,2,0,6,3,2,0,0,0,0.57,True,0.0,0.0,0.0,0.0,3.0,2.0,2023
match:2023-08-27:local:atletico_nacional,2023-08-27_Local_Atletico_Nacional.json,2023-08-27,Primera A,Atletico Nacional,Local,1 - 0,Juan Moreno,,G,0,,False,0,0,0,0,0,0%,0,0,0,0,0,0,0,0,0,0.0,False,,,,,,,2023
match:2023-08-27:local:atletico_nacional,2023-08-27_Local_Atletico_Nacional.json,2023-08-27,Primera A,Atletico Nacional,Local,1 - 0,Larry Vásquez,,M,45,6.3,True,0,0,0,0,24,20%,0,0,0,1,0,0,0,1,0,0.2,True,0.0,0.0,0.0,0.0,0.0,0.0,2023
match:2023-08-27:local:atletico_nacional,2023-08-27_Local_Atletico_Nacional.json,2023-08-27,Primera A,Atletico Nacional,Local,1 - 0,Leonardo Castro,,F,90,6.9,True,0,0,1,0,15,12%,1,0,0,1,1,0,0,0,0,0.12,True,0.0,0.0,1.0,0.0,1.0,0.0,2023
match:2023-08-27:local:atletico_nacional,2023-08-27_Local_Atletico_Nacional.json,2023-08-27,Primera A,Atletico Nacional,Local,1 - 0,Nicolas Arevalo,,M,0,,False,0,0,0,0,0,0%,0,0,0,0,0,0,0,0,0,0.0,False,,,,,,,2023
match:2023-08-27:local:atletico_nacional,2023-08-27_Local_Atletico_Nacional.json,2023-08-27,Primera A,Atletico Nacional,Local,1 - 0,Omar Bertel,,D,90,7.0,True,0,0,0,0,60,52%,0,5,0,9,2,1,1,0,0,0.52,True,0.0,0.0,0.0,0.0,2.0,1.0,2023
match:2023-08-27:local:atletico_nacional,2023-08-27_Local_Atletico_Nacional.json,2023-08-27,Primera A,Atletico Nacional,Local,1 - 0,Sander Navarro,,D,90,6.7,True,0,0,0,0,37,26%,1,1,0,12,2,4,0,0,0,0.26,True,0.0,0.0,0.0,0.0,2.0,4.0,2023
match:2023-08-27:local:atletico_nacional,2023-08-27_Local_Atletico_Nacional.json,2023-08-27,Primera A,Atletico Nacional,Local,1 - 0,Álvaro Montero,,G,90,7.9,True,0,0,0,0,22,16%,0,0,0,0,0,0,0,0,0,0.16,True,0.0,0.0,0.0,0.0,0.0,0.0,2023
match:2023-08-27:local:atletico_nacional,2023-08-27_Local_Atletico_Nacional.json,2023-08-27,Primera A,Atletico Nacional,Local,1 - 0,Óscar Vanegas,,D,0,,False,0,0,0,0,0,0%,0,0,0,0,0,0,0,0,0,0.0,False,,,,,,,2023
match:2023-09-03:visitante:rionegro_aguilas,2023-09-03_Visitante_Rionegro_Aguilas.json,2023-09-03,Primera A,Rionegro Aguilas,Visitante,2 - 0,Andrés Llinás,,D,90,6.6,True,0,0,0,0,44,36%,1,1,1,6,4,1,3,1,0,0.36,True,0.0,0.0,0.0,0.0,4.0,1.0,2023
match:2023-09-03:visitante:rionegro_aguilas,2023-09-03_Visitante_Rionegro_Aguilas.json,2023-09-03,Primera A,Rionegro Aguilas,Visitante,2 - 0,Daniel Cataño,,M,72,6.2,True,0,0,3,0,38,34%,2,0,0,11,6,2,3,2,1,0.34,True,0.0,0.0,3.75,0.0,7.5,2.5,2023
match:2023-09-03:visitante:rionegro_aguilas,2023-09-03_Visitante_Rionegro_Aguilas.json,2023-09-03,Primera A,Rionegro Aguilas,Visitante,2 - 0,Daniel Giraldo,,M,90,6.5,True,0,0,0,0,49,43%,1,0,0,4,1,0,0,0,0,0.43,True,0.0,0.0,0.0,0.0,1.0,0.0,2023
match:2023-09-03:visitante:rionegro_aguilas,2023-09-03_Visitante_Rionegro_Aguilas.json,2023-09-03,Primera A,Rionegro Aguilas,Visitante,2 - 0,Daniel Ruiz,,F,86,7.2,True,0,0,1,0,36,26%,0,0,0,7,3,1,3,0,0,0.26,True,0.0,0.0,1.0465116279069768,0.0,3.13953488372093,1.0465116279069768,2023
match:2023-09-03:visitante:rionegro_aguilas,2023-09-03_Visitante_Rionegro_Aguilas.json,2023-09-03,Primera A,Rionegro Aguilas,Visitante,2 - 0,David Macalister Silva,,F,90,6.9,True,0,0,1,0,58,48%,0,0,0,12,3,1,2,1,0,0.48,True,0.0,0.0,1.0,0.0,3.0,1.0,2023
match:2023-09-03:visitante:rionegro_aguilas,2023-09-03_Visitante_Rionegro_Aguilas.json,2023-09-03,Primera A,Rionegro Aguilas,Visitante,2 - 0,Edgar Guerra,,F,11,6.3,False,0,0,0,0,2,2%,0,0,0,0,0,0,0,0,0,0.02,True,0.0,0.0,0.0,0.0,0.0,0.0,2023
match:2023-09-03:visitante:rionegro_aguilas,2023-09-03_Visitante_Rionegro_Aguilas.json,2023-09-03,Primera A,Rionegro Aguilas,Visitante,2 - 0,Fernando Uribe,,F,11,6.3,False,0,0,0,0,1,1%,0,0,0,1,0,1,0,1,0,1.0,True,0.0,0.0,0.0,0.0,0.0,8.181818181818182,2023
match:2023-09-03:visitante:rionegro_aguilas,2023-09-03_Visitante_Rionegro_Aguilas.json,2023-09-03,Primera A,Rionegro Aguilas,Visitante,2 - 0,Jader Valencia,,F,9,6.2,False,0,0,0,0,4,4%,0,0,0,1,0,0,0,0,0,0.04,True,0.0,0.0,0.0,0.0,0.0,0.0,2023
match:2023-09-03:visitante:rionegro_aguilas,2023-09-03_Visitante_Rionegro_Aguilas.json,2023-09-03,Primera A,Rionegro Aguilas,Visitante,2 - 0,Jorge Arias,,D,90,6.3,True,0,0,0,0,40,37%,0,1,0,5,2,1,0,1,0,0.37,True,0.0,0.0,0.0,0.0,2.0,1.0,2023
match:2023-09-03:visitante:rionegro_aguilas,2023-09-03_Visitante_Rionegro_Aguilas.json,2023-09-03,Primera A,Rionegro Aguilas,Visitante,2 - 0,Juan Moreno,,G,0,,False,0,0,0,0,0,0%,0,0,0,0,0,0,0,0,0,0.0,False,,,,,,,2023
match:2023-09-03:visitante:rionegro_aguilas,2023-09-03_Visitante_Rionegro_Aguilas.json,2023-09-03,Primera A,Rionegro Aguilas,Visitante,2 - 0,Juan Pereira,,M,0,,False,0,0,0,0,0,0%,0,0,0,0,0,0,0,0,0,0.0,False,,,,,,,2023
match:2023-09-03:visitante:rionegro_aguilas,2023-09-03_Visitante_Rionegro_Aguilas.json,2023-09-03,Primera A,Rionegro Aguilas,Visitante,2 - 0,Larry Vásquez,,M,81,7.2,True,0,0,1,0,54,48%,0,1,0,5,2,0,1,0,0,0.48,True,0.0,0.0,1.1111111111111112,0.0,2.2222222222222223,0.0,2023
match:2023-09-03:visitante:rionegro_aguilas,2023-09-03_Visitante_Rionegro_Aguilas.json,2023-09-03,Primera A,Rionegro Aguilas,Visitante,2 - 0,Leonardo Castro,,F,86,6.3,True,0,0,4,1,18,11%,1,0,0,12,5,4,3,0,0,0.11,True,0.0,0.0,4.186046511627907,1.0465116279069768,5.232558139534883,4.186046511627907,2023
match:2023-09-03:visitante:rionegro_aguilas,2023-09-03_Visitante_Rionegro_Aguilas.json,2023-09-03,Primera A,Rionegro Aguilas,Visitante,2 - 0,Omar Bertel,,D,90,6.5,True,0,0,0,0,48,36%,0,0,0,3,2,1,0,0,0,0.36,True,0.0,0.0,0.0,0.0,2.0,1.0,2023
match:2023-09-03:visitante:rionegro_aguilas,2023-09-03_Visitante_Rionegro_Aguilas.json,2023-09-03,Primera A,Rionegro Aguilas,Visitante,2 - 0,Samuel Asprilla,,D,0,,False,0,0,0,0,0,0%,0,0,0,0,0,0,0,0,0,0.0,False,,,,,,,2023
match:2023-09-03:visitante:rionegro_aguilas,2023-09-03_Visitante_Rionegro_Aguilas.json,2023-09-03,Primera A,Rionegro Aguilas,Visitante,2 - 0,Sander Navarro,,D,90,6.3,True,0,0,0,0,43,38%,2,0,0,6,2,2,0,0,0,0.38,True,0.0,0.0,0.0,0.0,2.0,2.0,2023
match:2023-09-03:visitante:rionegro_aguilas,2023-09-03_Visitante_Rionegro_Aguilas.json,2023-09-03,Primera A,Rionegro Aguilas,Visitante,2 - 0,Álvaro Montero,,G,90,6.3,True,0,0,0,0,16,6%,0,0,0,0,0,0,0,0,0,0.06,True,0.0,0.0,0.0,0.0,0.0,0.0,2023
match:2023-09-03:visitante:rionegro_aguilas,2023-09-03_Visitante_Rionegro_Aguilas.json,2023-09-03,Primera A,Rionegro Aguilas,Visitante,2 - 0,Óscar Vanegas,,D,0,,False,0,0,0,0,0,0%,0,0,0,0,0,0,0,0,0,0.0,False,,,,,,,2023
match:2023-09-11:local:santa_fe,2023-09-11_Local_Santa_Fe.json,2023-09-11,Primera A,Santa Fe,Local,2 - 4,Andrés Llinás,,D,90,6.3,True,0,0,0,0,36,29%,0,1,1,1,0,0,0,0,0,0.29,True,0.0,0.0,0.0,0.0,0.0,0.0,2023
match:2023-09-11:local:santa_fe,2023-09-11_Local_Santa_Fe.json,2023-09-11,Primera A,Santa Fe,Local,2 - 4,Beckham Castro,,F,0,,False,0,0,0,0,0,0%,0,0,0,0,0,0,0,0,0,0.0,False,,,,,,,2023
match:2023-09-11:local:santa_fe,2023-09-11_Local_Santa_Fe.json,2023-09-11,Primera A,Santa Fe,Local,2 - 4,Daniel Cataño,,M,62,6.9,True,0,0,1,0,12,8%,2,0,0,7,6,0,3,1,0,0.08,True,0.0,0.0,1.4516129032258065,0.0,8.709677419354838,0.0,2023
match:2023-09-11:local:santa_fe,2023-09-11_Local_Santa_Fe.json,2023-09-11,Primera A,Santa Fe,Local,2 - 4,Daniel Giraldo,,M,47,5.7,True,0,0,0,0,13,13%,0,1,0,4,0,3,0,0,1,0.13,True,0.0,0.0,0.0,0.0,0.0,5.744680851063829,2023
match:2023-09-11:local:santa_fe,2023-09-11_Local_Santa_Fe.json,2023-09-11,Primera A,Santa Fe,Local,2 - 4,David Macalister Silva,,M,45,5.9,True,0,0,0,0,31,21%,0,1,0,3,1,1,1,0,1,0.21,True,0.0,0.0,0.0,0.0,2.0,2.0,2023
match:2023-09-11:local:santa_fe,2023-09-11_Local_Santa_Fe.json,2023-09-11,Primera A,Santa Fe,Local,2 - 4,Edgar Guerra,,M,50,7.0,True,0,0,0,0,15,9%,0,0,0,1,1,0,1,0,0,0.09,True,0.0,0.0,0.0,0.0,1.8,0.0,2023
match:2023-09-11:local:santa_fe,2023-09-11_Local_Santa_Fe.json,2023-09-11,Primera A,Santa Fe,Local,2 - 4,Fernando Uribe,,F,0,,False,0,0,0,0,0,0%,0,0,0,0,0,0,0,0,0,0.0,False,,,,,,,2023
match:2023-09-11:local:santa_fe,2023-09-11_Local_Santa_Fe.json,2023-09-11,Primera A,Santa Fe,Local,2 - 4,Jader Valencia,,M,90,7.9,True,2,0,5,2,30,19%,0,0,0,11,3,3,2,1,0,0.19,True,2.0,0.0,5.0,2.0,3.0,3.0,2023
match:2023-09-11:local:santa_fe,2023-09-11_Local_Santa_Fe.json,2023-09-11,Primera A,Santa Fe,Local,2 - 4,Jonathan Gonzalez,,G,0,,False,0,0,0,0,0,0%,0,0,0,0,0,0,0,0,0,0.0,False,,,,,,,2023
match:2023-09-11:local:santa_fe,2023-09-11_Local_Santa_Fe.json,2023-09-11,Primera A,Santa Fe,Local,2 - 4,Jorge Arias,,D,28,6.3,False,0,0,1,0,12,8%,0,0,0,0,0,0,0,0,0,0.08,True,0.0,0.0,3.214285714285714,0.0,0.0,0.0,2023
match:2023-09-11:local:santa_fe,2023-09-11_Local_Santa_Fe.json,2023-09-11,Primera A,Santa Fe,Local,2 - 4,Juan Moreno,,G,90,6.3,True,0,0,0,0,20,14%,0,0,0,0,0,0,0,0,0,0.14,True,0.0,0.0,0.0,0.0,0.0,0.0,2023
match:2023-09-11:local:santa_fe,2023-09-11_Local_Santa_Fe.json,2023-09-11,Primera A,Santa Fe,Local,2 - 4,Juan Pablo Vargas,,D,90,7.0,True,0,1,1,1,31,25%,0,1,2,1,0,0,0,0,0,0.25,True,0.0,1.0,1.0,1.0,0.0,0.0,2023
match:2023-09-11:local:santa_fe,2023-09-11_Local_Santa_Fe.json,2023-09-11,Primera A,Santa Fe,Local,2 - 4,Juan Pereira,,M,28,6.7,False,0,0,1,1,15,11%,0,1,0,0,0,0,0,0,0,0.11,True,0.0,0.0,3.214285714285714,3.214285714285714,0.0,0.0,2023
match:2023-09-11:local:santa_fe,2023-09-11_Local_Santa_Fe.json,2023-09-11,Primera A,Santa Fe,Local,2 - 4,Larry Vásquez,,M,40,6.2,False,0,0,0,0,9,6%,0,0,0,1,0,0,0,0,0,0.06,True,0.0,0.0,0.0,0.0,0.0,0.0,2023
match:2023-09-11:local:santa_fe,2023-09-11_Local_Santa_Fe.json,2023-09-11,Primera A,Santa Fe,Local,2 - 4,Leonardo Castro,,F,62,6.7,True,0,0,1,0,7,5%,0,0,0,3,1,1,1,1,0,0.05,True,0.0,0.0,1.4516129032258065,0.0,1.4516129032258065,1.4516129032258065,2023
match:2023-09-11:local:santa_fe,2023-09-11_Local_Santa_Fe.json,2023-09-11,Primera A,Santa Fe,Local,2 - 4,Neyser Villareal,,M,0,,False,0,0,0,0,0,0%,0,0,0,0,0,0,0,0,0,0.0,False,,,,,,,2023
match:2023-09-11:local:santa_fe,2023-09-11_Local_Santa_Fe.json,2023-09-11,Primera A,Santa Fe,Local,2 - 4,Omar Bertel,,D,90,6.3,True,0,0,0,0,35,26%,0,0,1,2,0,1,0,0,0,0.26,True,0.0,0.0,0.0,0.0,0.0,1.0,2023
match:2023-09-11:local:santa_fe,2023-09-11_Local_Santa_Fe.json,2023-09-11,Primera A,Santa Fe,Local,2 - 4,Sander Navarro,,D,90,6.0,True,0,0,0,0,23,16%,3,0,0,5,3,1,0,0,0,0.16,True,0.0,0.0,0.0,0.0,3.0,1.0,2023
match:2023-09-16:local:bucaramanga,2023-09-16_Local_Bucaramanga.json,2023-09-16,Primera A,Bucaramanga,Local,3 - 0,Andrés Llinás,,D,65,6.9,True,0,0,1,1,30,22%,1,1,1,6,2,3,0,0,0,0.22,True,0.0,0.0,1.3846153846153846,1.3846153846153846,2.769230769230769,4.153846153846154,2023
match:2023-09-16:local:bucaramanga,2023-09-16_Local_Bucaramanga.json,2023-09-16,Primera A,Bucaramanga,Local,3 - 0,Beckham Castro,,F,27,7.5,False,1,0,2,1,8,5%,0,0,0,1,0,0,0,0,0,0.05,True,3.333333333333333,0.0,6.666666666666666,3.333333333333333,0.0,0.0,2023
match:2023-09-16:local:bucaramanga,2023-09-16_Local_Bucaramanga.json,2023-09-16,Primera A,Bucaramanga,Local,3 - 0,Daniel Ruiz,,M,87,7.7,True,0,0,2,1,44,36%,0,0,0,6,2,1,1,0,0,0.36,True,0.0,0.0,2.0689655172413794,1.0344827586206897,2.0689655172413794,1.0344827586206897,2023
match:2023-09-16:local:bucaramanga,2023-09-16_Local_Bucaramanga.json,2023-09-16,Primera A,Bucaramanga,Local,3 - 0,Edgar Guerra,,M,73,8.2,True,1,1,2,1,21,15%,2,0,0,6,4,1,2,0,0,0.15,True,1.2328767123287672,1.2328767123287672,2.4657534246575343,1.2328767123287672,4.931506849315069,1.2328767123287672,2023
match:2023-09-16:local:bucaramanga,2023-09-16_Local_Bucaramanga.json,2023-09-16,Primera A,Bucaramanga,Local,3 - 0,Fernando Uribe,,F,0,,False,0,0,0,0,0,0%,0,0,0,0,0,0,0,0,0,0.0,False,,,,,,,2023
match:2023-09-16:local:bucaramanga,2023-09-16_Local_Bucaramanga.json,2023-09-16,Primera A,Bucaramanga,Local,3 - 0,Jader Valencia,,M,86,7.2,True,0,0,1,0,21,19%,0,0,0,3,1,0,1,0,0,0.19,True,0.0,0.0,1.0465116279069768,0.0,1.0465116279069768,0.0,2023
match:2023-09-16:local:bucaramanga,2023-09-16_Local_Bucaramanga.json,2023-09-16,Primera A,Bucaramanga,Local,3 - 0,Jorge Arias,,D,13,6.7,False,0,0,0,0,3,3%,0,0,0,0,0,0,0,0,0,0.03,True,0.0,0.0,0.0,0.0,0.0,0.0,2023
match:2023-09-16:local:bucaramanga,2023-09-16_Local_Bucaramanga.json,2023-09-16,Primera A,Bucaramanga,Local,3 - 0,Juan Carvajal,,F,14,7.0,False,0,1,0,0,3,2%,0,0,0,1,1,0,0,0,0,0.02,True,0.0,6.428571428571428,0.0,0.0,6.428571428571428,0.0,2023
match:2023-09-16:local:bucaramanga,2023-09-16_Local_Bucaramanga.json,2023-09-16,Primera A,Bucaramanga,Local,3 - 0,Juan Moreno,,G,0,,False,0,0,0,0,0,0%,0,0,0,0,0,0,0,0,0,0.0,False,,,,,,,2023
match:2023-09-16:local:bucaramanga,2023-09-16_Local_Bucaramanga.json,2023-09-16,Primera A,Bucaramanga,Local,3 - 0,Juan Pablo Vargas,,D,100,7.2,True,0,0,1,1,38,31%,2,1,0,6,4,1,0,0,0,0.31,True,0.0,0.0,0.9,0.9,3.6,0.9,2023
match:2023-09-16:local:bucaramanga,2023-09-16_Local_Bucaramanga.json,2023-09-16,Primera A,Bucaramanga,Local,3 - 0,Juan Pereira,,M,100,7.2,True,0,0,0,0,44,40%,3,2,0,6,4,0,1,0,0,0.4,True,0.0,0.0,0.0,0.0,3.6,0.0,2023
match:2023-09-16:local:bucaramanga,2023-09-16_Local_Bucaramanga.json,2023-09-16,Primera A,Bucaramanga,Local,3 - 0,Larry Vásquez,,M,87,7.5,True,0,0,0,0,58,54%,7,0,0,13,7,2,0,1,0,0.54,True,0.0,0.0,0.0,0.0,7.241379310344827,2.0689655172413794,2023
match:2023-09-16:local:bucaramanga,2023-09-16_Local_Bucaramanga.json,2023-09-16,Primera A,Bucaramanga,Local,3 - 0,Leonardo Castro,,F,100,7.9,True,1,0,6,3,13,11%,0,1,0,7,6,0,3,0,0,0.11,True,0.9,0.0,5.3999999999999995,2.6999999999999997,5.3999999999999995,0.0,2023
match:2023-09-16:local:bucaramanga,2023-09-16_Local_Bucaramanga.json,2023-09-16,Primera A,Bucaramanga,Local,3 - 0,Neyser Villareal,,M,13,6.5,False,0,0,1,0,6,3%,0,0,0,3,1,0,0,0,0,0.03,True,0.0,0.0,6.923076923076923,0.0,6.923076923076923,0.0,2023
match:2023-09-16:local:bucaramanga,2023-09-16_Local_Bucaramanga.json,2023-09-16,Primera A,Bucaramanga,Local,3 - 0,Omar Bertel,,D,100,7.3,True,0,0,0,0,44,37%,1,2,0,6,4,1,0,0,0,0.37,True,0.0,0.0,0.0,0.0,3.6,0.9,2023
match:2023-09-16:local:bucaramanga,2023-09-16_Local_Bucaramanga.json,2023-09-16,Primera A,Bucaramanga,Local,3 - 0,Sander Navarro,,D,100,6.9,True,0,0,0,0,23,16%,4,0,0,7,5,0,0,0,0,0.16,True,0.0,0.0,0.0,0.0,4.5,0.0,2023
match:2023-09-16:local:bucaramanga,2023-09-16_Local_Bucaramanga.json,2023-09-16,Primera A,Bucaramanga,Local,3 - 0,Álvaro Montero,,G,100,6.9,True,0,0,0,0,18,13%,0,0,0,1,1,0,1,0,0,0.13,True,0.0,0.0,0.0,0.0,0.9,0.0,2023
match:2023-09-16:local:bucaramanga,2023-09-16_Local_Bucaramanga.json,2023-09-16,Primera A,Bucaramanga,Local,3 - 0,Óscar Vanegas,,D,35,6.9,False,0,0,2,0,14,9%,0,0,0,1,1,0,0,0,0,0.09,True,0.0,0.0,5.142857142857142,0.0,2.571428571428571,0.0,2023
match:2023-09-19:visitante:independiente_medellin,2023-09-19_Visitante_Independiente_Medellin.json,2023-09-19,Primera A,Independiente Medellin,Visitante,1 - 1,Andrés Llinás,,D,45,6.6,False,0,0,0,0,10,8%,0,0,2,0,0,0,0,0,0,0.08,True,0.0,0.0,0.0,0.0,0.0,0.0,2023
match:2023-09-19:visitante:independiente_medellin,2023-09-19_Visitante_Independiente_Medellin.json,2023-09-19,Primera A,Independiente Medellin,Visitante,1 - 1,Beckham Castro,,F,0,,False,0,0,0,0,0,0%,0,0,0,0,0,0,0,0,0,0.0,False,,,,,,,2023
match:2023-09-19:visitante:independiente_medellin,2023-09-19_Visitante_Independiente_Medellin.json,2023-09-19,Primera A,Independiente Medellin,Visitante,1 - 1,Daniel Cataño,,M,66,6.9,True,0,0,0,0,29,24%,0,1,0,2,2,0,2,0,0,0.24,True,0.0,0.0,0.0,0.0,2.7272727272727275,0.0,2023
match:2023-09-19:visitante:independiente_medellin,2023-09-19_Visitante_Independiente_Medellin.json,2023-09-19,Primera A,Independiente Medellin,Visitante,1 - 1,Daniel Giraldo,,M,45,6.6,True,0,0,0,0,16,12%,2,0,1,5,3,2,0,1,0,0.12,True,0.0,0.0,0.0,0.0,6.0,4.0,2023
match:2023-09-19:visitante:independiente_medellin,2023-09-19_Visitante_Independiente_Medellin.json,2023-09-19,Primera A,Independiente Medellin,Visitante,1 - 1,Daniel Ruiz,,M,90,7.7,True,1,0,3,1,41,31%,1,0,0,9,5,0,3,0,0,0.31,True,1.0,0.0,3.0,1.0,5.0,0.0,2023
match:2023-09-19:visitante:independiente_medellin,2023-09-19_Visitante_Independiente_Medellin.json,2023-09-19,Primera A,Independiente Medellin,Visitante,1 - 1,David Macalister Silva,,M,90,7.3,True,0,1,0,0,41,38%,0,2,1,6,0,1,0,0,0,0.38,True,0.0,1.0,0.0,0.0,0.0,1.0,2023
match:2023-09-19:visitante:independiente_medellin,2023-09-19_Visitante_Independiente_Medellin.json,2023-09-19,Primera A,Independiente Medellin,Visitante,1 - 1,Edgar Guerra,,F,24,6.9,False,0,0,0,0,12,9%,0,0,0,4,3,1,0,0,0,0.09,True,0.0,0.0,0.0,0.0,11.25,3.75,2023
match:2023-09-19:visitante:independiente_medellin,2023-09-19_Visitante_Independiente_Medellin.json,2023-09-19,Primera A,Independiente Medellin,Visitante,1 - 1,Jorge Arias,,D,45,7.0,True,0,0,0,0,20,16%,2,1,0,7,5,0,2,0,0,0.16,True,0.0,0.0,0.0,0.0,10.0,0.0,2023
match:2023-09-19:visitante:independiente_medellin,2023-09-19_Visitante_Independiente_Medellin.json,2023-09-19,Primera A,Independiente Medellin,Visitante,1 - 1,Juan Carvajal,,F,12,6.6,False,0,0,0,0,1,1%,0,0,1,2,0,0,0,0,0,1.0,True,0.0,0.0,0.0,0.0,0.0,0.0,2023
match:2023-09-19:visitante:independiente_medellin,2023-09-19_Visitante_Independiente_Medellin.json,2023-09-19,Primera A,Independiente Medellin,Visitante,1 - 1,Juan Moreno,,G,0,,False,0,0,0,0,0,0%,0,0,0,0,0,0,0,0,0,0.0,False,,,,,,,2023
match:2023-09-19:visitante:independiente_medellin,2023-09-19_Visitante_Independiente_Medellin.json,2023-09-19,Primera A,Independiente Medellin,Visitante,1 - 1,Juan Pablo Vargas,,D,90,7.3,True,0,0,1,0,23,18%,3,3,1,7,6,0,0,0,0,0.18,True,0.0,0.0,1.0,0.0,6.0,0.0,2023
match:2023-09-19:visitante:independiente_medellin,2023-09-19_Visitante_Independiente_Medellin.json,2023-09-19,Primera A,Independiente Medellin,Visitante,1 - 1,Juan Pereira,,M,90,7.0,True,0,0,1,0,36,27%,2,1,0,8,5,1,0,0,0,0.27,True,0.0,0.0,1.0,0.0,5.0,1.0,2023
match:2023-09-19:visitante:independiente_medellin,2023-09-19_Visitante_Independiente_Medellin.json,2023-09-19,Primera A,Independiente Medellin,Visitante,1 - 1,Larry Vásquez,,M,45,6.7,False,0,0,0,0,15,14%,0,2,0,2,0,1,0,0,0,0.14,True,0.0,0.0,0.0,0.0,0.0,2.0,2023
match:2023-09-19:visitante:independiente_medellin,2023-09-19_Visitante_Independiente_Medellin.json,2023-09-19,Primera A,Independiente Medellin,Visitante,1 - 1,Leonardo Castro,,F,83,6.9,True,0,0,3,1,13,11%,0,0,0,6,2,1,0,0,0,0.11,True,0.0,0.0,3.253012048192771,1.0843373493975905,2.168674698795181,1.0843373493975905,2023
match:2023-09-19:visitante:independiente_medellin,2023-09-19_Visitante_Independiente_Medellin.json,2023-09-19,Primera A,Independiente Medellin,Visitante,1 - 1,Omar Bertel,,D,45,7.0,False,0,0,0,0,21,16%,4,1,0,8,5,1,0,0,0,0.16,True,0.0,0.0,0.0,0.0,10.0,2.0,2023
match:2023-09-19:visitante:independiente_medellin,2023-09-19_Visitante_Independiente_Medellin.json,2023-09-19,Primera A,Independiente Medellin,Visitante,1 - 1,Sander Navarro,,D,90,6.9,True,0,0,0,0,20,15%,3,2,0,6,4,1,0,0,0,0.15,True,0.0,0.0,0.0,0.0,4.0,1.0,2023
match:2023-09-19:visitante:independiente_medellin,2023-09-19_Visitante_Independiente_Medellin.json,2023-09-19,Primera A,Independiente Medellin,Visitante,1 - 1,Álvaro Montero,,G,90,8.2,True,0,0,0,0,26,7%,0,0,0,0,0,0,0,0,0,0.07,True,0.0,0.0,0.0,0.0,0.0,0.0,2023
match:2023-09-19:visitante:independiente_medellin,2023-09-19_Visitante_Independiente_Medellin.json,2023-09-19,Primera A,Independiente Medellin,Visitante,1 - 1,Óscar Vanegas,,D,45,6.5,True,0,0,0,0,16,9%,0,1,0,2,0,2,0,1,0,0.09,True,0.0,0.0,0.0,0.0,0.0,4.0,2023
match:2023-09-22:local:huila,2023-09-22_Local_Huila.json,2023-09-22,Primera A,Huila,Local,2 - 1,Andrés Llinás,,D,90,7.7,True,1,0,1,1,55,48%,1,2,0,8,5,0,1,0,0,0.48,True,1.0,0.0,1.0,1.0,5.0,0.0,2023
match:2023-09-22:local:huila,2023-09-22_Local_Huila.json,2023-09-22,Primera A,Huila,Local,2 - 1,Beckham Castro,,F,24,6.6,False,0,0,1,1,8,4%,0,0,0,3,1,1,0,0,0,0.04,True,0.0,0.0,3.75,3.75,3.75,3.75,2023
match:2023-09-22:local:huila,2023-09-22_Local_Huila.json,2023-09-22,Primera A,Huila,Local,2 - 1,Daniel Giraldo,,M,90,6.9,True,0,0,0,0,71,64%,0,0,0,0,0,0,0,0,0,0.64,True,0.0,0.0,0.0,0.0,0.0,0.0,2023
match:2023-09-22:local:huila,2023-09-22_Local_Huila.json,2023-09-22,Primera A,Huila,Local,2 - 1,Daniel Ruiz,,M,90,7.6,True,0,1,2,0,54,44%,2,1,0,8,4,1,1,0,0,0.44,True,0.0,1.0,2.0,0.0,4.0,1.0,2023
match:2023-09-22:local:huila,2023-09-22_Local_Huila.json,2023-09-22,Primera A,Huila,Local,2 - 1,David Macalister Silva,,M,85,7.2,True,0,0,0,0,56,50%,1,0,0,6,2,2,1,0,0,0.5,True,0.0,0.0,0.0,0.0,2.1176470588235294,2.1176470588235294,2023
match:2023-09-22:local:huila,2023-09-22_Local_Huila.json,2023-09-22,Primera A,Huila,Local,2 - 1,Edgar Guerra,,M,66,6.9,True,0,0,2,1,28,25%,0,0,0,6,3,0,1,0,0,0.25,True,0.0,0.0,2.7272727272727275,1.3636363636363638,4.090909090909091,0.0,2023
match:2023-09-22:local:huila,2023-09-22_Local_Huila.json,2023-09-22,Primera A,Huila,Local,2 - 1,Jorge Arias,,D,0,,False,0,0,0,0,0,0%,0,0,0,0,0,0,0,0,0,0.0,False,,,,,,,2023
match:2023-09-22:local:huila,2023-09-22_Local_Huila.json,2023-09-22,Primera A,Huila,Local,2 - 1,Juan Carvajal,,F,15,6.5,False,0,0,0,0,3,2%,0,0,0,4,0,2,0,0,0,0.02,True,0.0,0.0,0.0,0.0,0.0,12.0,2023
match:2023-09-22:local:huila,2023-09-22_Local_Huila.json,2023-09-22,Primera A,Huila,Local,2 - 1,Juan Moreno,,G,0,,False,0,0,0,0,0,0%,0,0,0,0,0,0,0,0,0,0.0,False,,,,,,,2023
match:2023-09-22:local:huila,2023-09-22_Local_Huila.json,2023-09-22,Primera A,Huila,Local,2 - 1,Juan Pablo Vargas,,D,90,8.3,True,1,0,2,2,66,47%,2,0,0,10,9,0,0,0,0,0.47,True,1.0,0.0,2.0,2.0,9.0,0.0,2023
match:2023-09-22:local:huila,2023-09-22_Local_Huila.json,2023-09-22,Primera A,Huila,Local,2 - 1,Juan Pereira,,M,66,6.7,True,0,0,1,0,41,38%,0,0,0,2,0,0,0,0,0,0.38,True,0.0,0.0,1.3636363636363638,0.0,0.0,0.0,2023
match:2023-09-22:local:huila,2023-09-22_Local_Huila.json,2023-09-22,Primera A,Huila,Local,2 - 1,Larry Vásquez,,M,15,6.6,False,0,0,0,0,11,9%,0,0,0,1,1,0,1,0,0,0.09,True,0.0,0.0,0.0,0.0,6.0,0.0,2023
match:2023-09-22:local:huila,2023-09-22_Local_Huila.json,2023-09-22,Primera A,Huila,Local,2 - 1,Leonardo Castro,,F,85,7.3,True,0,0,3,1,21,16%,0,2,0,6,2,2,2,0,0,0.16,True,0.0,0.0,3.176470588235294,1.0588235294117647,2.1176470588235294,2.1176470588235294,2023
match:2023-09-22:local:huila,2023-09-22_Local_Huila.json,2023-09-22,Primera A,Huila,Local,2 - 1,Luis Paredes,,F,24,6.3,False,0,0,0,0,14,11%,0,0,0,1,0,0,0,0,0,0.11,True,0.0,0.0,0.0,0.0,0.0,0.0,2023
match:2023-09-22:local:huila,2023-09-22_Local_Huila.json,2023-09-22,Primera A,Huila,Local,2 - 1,Omar Bertel,,D,90,7.3,True,0,1,1,0,41,30%,4,1,0,10,6,3,0,0,0,0.3,True,0.0,1.0,1.0,0.0,6.0,3.0,2023
match:2023-09-22:local:huila,2023-09-22_Local_Huila.json,2023-09-22,Primera A,Huila,Local,2 - 1,Ricardo Rosales,,F,0,,False,0,0,0,0,0,0%,0,0,0,0,0,0,0,0,0,0.0,False,,,,,,,2023
match:2023-09-22:local:huila,2023-09-22_Local_Huila.json,2023-09-22,Primera A,Huila,Local,2 - 1,Sander Navarro,,D,90,6.6,True,0,0,1,0,66,53%,1,2,0,9,3,0,0,0,0,0.53,True,0.0,0.0,1.0,0.0,3.0,0.0,2023
match:2023-09-22:local:huila,2023-09-22_Local_Huila.json,2023-09-22,Primera A,Huila,Local,2 - 1,Álvaro Montero,,G,90,6.6,True,0,0,0,0,17,13%,0,0,0,0,0,0,0,0,0,0.13,True,0.0,0.0,0.0,0.0,0.0,0.0,2023
match:2023-09-25:visitante:envigado,2023-09-25_Visitante_Envigado.json,2023-09-25,Primera A,Envigado,Visitante,1 - 2,Andrés Llinás,,D,95,6.6,True,0,0,1,0,36,30%,2,0,1,2,2,0,0,0,0,0.3,True,0.0,0.0,0.9473684210526315,0.0,1.894736842105263,0.0,2023
match:2023-09-25:visitante:envigado,2023-09-25_Visitante_Envigado.json,2023-09-25,Primera A,Envigado,Visitante,1 - 2,Beckham Castro,,F,26,7.3,False,1,0,1,1,6,5%,0,0,0,1,1,0,1,0,0,0.05,True,3.4615384615384617,0.0,3.4615384615384617,3.4615384615384617,3.4615384615384617,0.0,2023
match:2023-09-25:visitante:envigado,2023-09-25_Visitante_Envigado.json,2023-09-25,Primera A,Envigado,Visitante,1 - 2,Daniel Cataño,,M,77,7.6,True,0,0,2,2,35,27%,0,0,0,9,6,3,4,0,0,0.27,True,0.0,0.0,2.337662337662338,2.337662337662338,7.012987012987013,3.5064935064935066,2023
match:2023-09-25:visitante:envigado,2023-09-25_Visitante_Envigado.json,2023-09-25,Primera A,Envigado,Visitante,1 - 2,Daniel Giraldo,,M,18,6.7,False,0,0,0,0,6,6%,0,0,0,0,0,0,0,0,0,0.06,True,0.0,0.0,0.0,0.0,0.0,0.0,2023
match:2023-09-25:visitante:envigado,2023-09-25_Visitante_Envigado.json,2023-09-25,Primera A,Envigado,Visitante,1 - 2,Daniel Ruiz,,M,95,7.9,True,0,0,2,1,50,43%,2,0,0,7,5,0,0,0,0,0.43,True,0.0,0.0,1.894736842105263,0.9473684210526315,4.7368421052631575,0.0,2023
match:2023-09-25:visitante:envigado,2023-09-25_Visitante_Envigado.json,2023-09-25,Primera A,Envigado,Visitante,1 - 2,David Macalister Silva,,M,50,6.7,False,0,0,0,0,25,19%,0,0,0,5,1,1,1,0,0,0.19,True,0.0,0.0,0.0,0.0,1.8,1.8,2023
match:2023-09-25:visitante:envigado,2023-09-25_Visitante_Envigado.json,2023-09-25,Primera A,Envigado,Visitante,1 - 2,Edgar Guerra,,M,69,6.7,True,0,0,1,1,22,15%,0,0,0,5,1,0,1,0,0,0.15,True,0.0,0.0,1.3043478260869565,1.3043478260869565,1.3043478260869565,0.0,2023
match:2023-09-25:visitante:envigado,2023-09-25_Visitante_Envigado.json,2023-09-25,Primera A,Envigado,Visitante,1 - 2,Jorge Arias,,D,50,7.0,False,0,0,2,0,18,14%,0,0,0,0,0,0,0,0,0,0.14,True,0.0,0.0,3.6,0.0,0.0,0.0,2023
match:2023-09-25:visitante:envigado,2023-09-25_Visitante_Envigado.json,2023-09-25,Primera A,Envigado,Visitante,1 - 2,Juan Carvajal,,F,9,6.3,False,0,0,0,0,1,1%,0,0,0,1,0,1,0,0,0,1.0,True,0.0,0.0,0.0,0.0,0.0,10.0,2023
match:2023-09-25:visitante:envigado,2023-09-25_Visitante_Envigado.json,2023-09-25,Primera A,Envigado,Visitante,1 - 2,Juan Moreno,,G,0,,False,0,0,0,0,0,0%,0,0,0,0,0,0,0,0,0,0.0,False,,,,,,,2023
match:2023-09-25:visitante:envigado,2023-09-25_Visitante_Envigado.json,2023-09-25,Primera A,Envigado,Visitante,1 - 2,Juan Pablo Vargas,,D,95,7.2,True,0,0,2,2,33,28%,1,2,1,4,3,1,1,0,0,0.28,True,0.0,0.0,1.894736842105263,1.894736842105263,2.8421052631578947,0.9473684210526315,2023
match:2023-09-25:visitante:envigado,2023-09-25_Visitante_Envigado.json,2023-09-25,Primera A,Envigado,Visitante,1 - 2,Juan Pereira,,M,95,7.9,True,0,2,0,0,55,53%,0,1,0,3,2,0,1,0,0,0.53,True,0.0,1.894736842105263,0.0,0.0,1.894736842105263,0.0,2023
match:2023-09-25:visitante:envigado,2023-09-25_Visitante_Envigado.json,2023-09-25,Primera A,Envigado,Visitante,1 - 2,Larry Vásquez,,M,95,7.3,True,1,0,2,1,46,43%,0,1,0,4,1,0,1,0,0,0.43,True,0.9473684210526315,0.0,1.894736842105263,0.9473684210526315,0.9473684210526315,0.0,2023
match:2023-09-25:visitante:envigado,2023-09-25_Visitante_Envigado.json,2023-09-25,Primera A,Envigado,Visitante,1 - 2,Leonardo Castro,,F,86,7.3,True,0,0,3,1,8,7%,0,0,0,6,2,1,1,0,0,0.07,True,0.0,0.0,3.13953488372093,1.0465116279069768,2.0930232558139537,1.0465116279069768,2023
match:2023-09-25:visitante:envigado,2023-09-25_Visitante_Envigado.json,2023-09-25,Primera A,Envigado,Visitante,1 - 2,Omar Bertel,,D,45,6.9,True,0,0,0,0,13,10%,2,1,0,5,4,0,1,0,0,0.1,True,0.0,0.0,0.0,0.0,8.0,0.0,2023
match:2023-09-25:visitante:envigado,2023-09-25_Visitante_Envigado.json,2023-09-25,Primera A,Envigado,Visitante,1 - 2,Ricardo Rosales,,D,45,6.7,True,0,0,0,0,9,8%,0,0,1,0,0,0,0,0,0,0.08,True,0.0,0.0,0.0,0.0,0.0,0.0,2023
match:2023-09-25:visitante:envigado,2023-09-25_Visitante_Envigado.json,2023-09-25,Primera A,Envigado,Visitante,1 - 2,Álvaro Montero,,G,95,6.2,True,0,0,0,0,26,14%,0,0,0,0,0,0,0,0,0,0.14,True,0.0,0.0,0.0,0.0,0.0,0.0,2023
match:2023-09-25:visitante:envigado,2023-09-25_Visitante_Envigado.json,2023-09-25,Primera A,Envigado,Visitante,1 - 2,Óscar Vanegas,,D,0,,False,0,0,0,0,0,0%,0,0,0,0,0,0,0,0,0,0.0,False,,,,,,,2023
match:2023-10-15:local:junior,2023-10-15_Local_Junior.json,2023-10-15,Primera A,Junior,Local,1 - 0,Andrés Llinás,,D,95,6.9,True,0,0,0,0,23,19%,2,0,0,5,3,1,0,0,0,0.19,True,0.0,0.0,0.0,0.0,2.8421052631578947,0.9473684210526315,2023
match:2023-10-15:local:junior,2023-10-15_Local_Junior.json,2023-10-15,Primera A,Junior,Local,1 - 0,Beckham Castro,,M,64,7.5,True,1,0,2,1,9,8%,1,1,0,13,6,1,3,1,0,0.08,True,1.40625,0.0,2.8125,1.40625,8.4375,1.40625,2023
match:2023-10-15:local:junior,2023-10-15_Local_Junior.json,2023-10-15,Primera A,Junior,Local,1 - 0,Camilo Andrés Romero Jiménez,,G,0,,False,0,0,0,0,0,0%,0,0,0,0,0,0,0,0,0,0.0,False,,,,,,,2023
match:2023-10-15:local:junior,2023-10-15_Local_Junior.json,2023-10-15,Primera A,Junior,Local,1 - 0,Daniel Cataño,,M,95,6.6,True,0,0,0,0,35,30%,0,0,0,11,6,1,6,0,0,0.3,True,0.0,0.0,0.0,0.0,5.684210526315789,0.9473684210526315,2023
match:2023-10-15:local:junior,2023-10-15_Local_Junior.json,2023-10-15,Primera A,Junior,Local,1 - 0,David Macalister Silva,,M,81,7.0,True,0,0,2,0,32,23%,1,1,0,6,2,1,0,0,0,0.23,True,0.0,0.0,2.2222222222222223,0.0,2.2222222222222223,1.1111111111111112,2023
match:2023-10-15:local:junior,2023-10-15_Local_Junior.json,2023-10-15,Primera A,Junior,Local,1 - 0,Edgar Guerra,,M,80,6.7,True,0,0,0,0,21,13%,2,0,0,7,3,1,0,0,0,0.13,True,0.0,0.0,0.0,0.0,3.375,1.125,2023
match:2023-10-15:local:junior,2023-10-15_Local_Junior.json,2023-10-15,Primera A,Junior,Local,1 - 0,Jorge Arias,,D,31,6.3,False,0,0,0,0,5,5%,0,0,0,1,0,0,0,0,0,0.05,True,0.0,0.0,0.0,0.0,0.0,0.0,2023
match:2023-10-15:local:junior,2023-10-15_Local_Junior.json,2023-10-15,Primera A,Junior,Local,1 - 0,Juan Carvajal,,F,64,7.2,True,0,0,1,1,6,4%,1,0,1,4,1,2,0,0,0,0.04,True,0.0,0.0,1.40625,1.40625,1.40625,2.8125,2023
match:2023-10-15:local:junior,2023-10-15_Local_Junior.json,2023-10-15,Primera A,Junior,Local,1 - 0,Juan Moreno,,G,95,6.7,True,0,0,0,0,20,13%,0,0,0,1,1,0,0,0,0,0.13,True,0.0,0.0,0.0,0.0,0.9473684210526315,0.0,2023
match:2023-10-15:local:junior,2023-10-15_Local_Junior.json,2023-10-15,Primera A,Junior,Local,1 - 0,Juan Pablo Vargas,,D,95,6.6,True,0,0,0,0,48,37%,0,2,0,5,2,0,0,0,0,0.37,True,0.0,0.0,0.0,0.0,1.894736842105263,0.0,2023
match:2023-10-15:local:junior,2023-10-15_Local_Junior.json,2023-10-15,Primera A,Junior,Local,1 - 0,Juan Pereira,,M,95,6.9,True,0,0,1,1,43,35%,0,0,0,8,4,1,1,0,0,0.35,True,0.0,0.0,0.9473684210526315,0.9473684210526315,3.789473684210526,0.9473684210526315,2023
match:2023-10-15:local:junior,2023-10-15_Local_Junior.json,2023-10-15,Primera A,Junior,Local,1 - 0,Larry Vásquez,,M,14,6.7,False,0,0,0,0,5,5%,0,0,0,0,0,0,0,0,0,0.05,True,0.0,0.0,0.0,0.0,0.0,0.0,2023
match:2023-10-15:local:junior,2023-10-15_Local_Junior.json,2023-10-15,Primera A,Junior,Local,1 - 0,Luis Paredes,,F,15,6.7,False,0,0,0,0,4,3%,0,0,0,3,2,0,1,0,0,0.03,True,0.0,0.0,0.0,0.0,12.0,0.0,2023
match:2023-10-15:local:junior,2023-10-15_Local_Junior.json,2023-10-15,Primera A,Junior,Local,1 - 0,Ramiro Brochero,,F,31,6.6,False,0,0,1,0,5,3%,0,0,0,2,1,1,0,0,0,0.03,True,0.0,0.0,2.903225806451613,0.0,2.903225806451613,2.903225806451613,2023
match:2023-10-15:local:junior,2023-10-15_Local_Junior.json,2023-10-15,Primera A,Junior,Local,1 - 0,Samuel Asprilla,,D,91,6.6,True,0,0,0,0,22,16%,0,1,0,4,1,2,1,0,0,0.16,True,0.0,0.0,0.0,0.0,0.989010989010989,1.978021978021978,2023
match:2023-10-15:local:junior,2023-10-15_Local_Junior.json,2023-10-15,Primera A,Junior,Local,1 - 0,Sander Navarro,,D,95,7.3,True,0,0,1,0,30,22%,4,1,0,11,7,0,1,0,0,0.22,True,0.0,0.0,0.9473684210526315,0.0,6.63157894736842,0.0,2023
match:2023-10-15:local:junior,2023-10-15_Local_Junior.json,2023-10-15,Primera A,Junior,Local,1 - 0,Yuber Quiñones,,F,0,,False,0,0,0,0,0,0%,0,0,0,0,0,0,0,0,0,0.0,False,,,,,,,2023
match:2023-10-15:local:junior,2023-10-15_Local_Junior.json,2023-10-15,Primera A,Junior,Local,1 - 0,Óscar Vanegas,,D,4,,False,0,0,0,0,4,4%,0,0,0,0,0,0,0,0,0,0.04,True,0.0,0.0,0.0,0.0,0.0,0.0,2023
match:2023-10-19:local:union_magdalena,2023-10-19_Local_Union_Magdalena.json,2023-10-19,Primera A,Union Magdalena,Local,1 - 1,Andrés Llinás,,D,90,7.0,True,0,0,0,0,93,86%,3,0,0,5,4,0,0,0,0,0.86,True,0.0,0.0,0.0,0.0,4.0,0.0,2023
match:2023-10-19:local:union_magdalena,2023-10-19_Local_Union_Magdalena.json,2023-10-19,Primera A,Union Magdalena,Local,1 - 1,Beckham Castro,,M,90,7.3,True,0,0,1,1,28,22%,0,0,0,10,5,1,2,0,0,0.22,True,0.0,0.0,1.0,1.0,5.0,1.0,2023
match:2023-10-19:local:union_magdalena,2023-10-19_Local_Union_Magdalena.json,2023-10-19,Primera A,Union Magdalena,Local,1 - 1,Camilo Andrés Romero Jiménez,,G,0,,False,0,0,0,0,0,0%,0,0,0,0,0,0,0,0,0,0.0,False,,,,,,,2023
match:2023-10-19:local:union_magdalena,2023-10-19_Local_Union_Magdalena.json,2023-10-19,Primera A,Union Magdalena,Local,1 - 1,Daniel Giraldo,,M,90,7.0,True,0,0,0,0,66,60%,0,0,0,2,1,0,1,0,0,0.6,True,0.0,0.0,0.0,0.0,1.0,0.0,2023
match:2023-10-19:local:union_magdalena,2023-10-19_Local_Union_Magdalena.json,2023-10-19,Primera A,Union Magdalena,Local,1 - 1,Edgar Guerra,,M,90,7.3,True,0,0,2,0,44,35%,3,1,0,14,10,0,1,0,0,0.35,True,0.0,0.0,2.0,0.0,10.0,0.0,2023
match:2023-10-19:local:union_magdalena,2023-10-19_Local_Union_Magdalena.json,2023-10-19,Primera A,Union Magdalena,Local,1 - 1,Jhoan Hernandez,,D,0,,False,0,0,0,0,0,0%,0,0,0,0,0,0,0,0,0,0.0,False,,,,,,,2023
match:2023-10-19:local:union_magdalena,2023-10-19_Local_Union_Magdalena.json,2023-10-19,Primera A,Union Magdalena,Local,1 - 1,Jorge Arias,,D,0,,False,0,0,0,0,0,0%,0,0,0,0,0,0,0,0,0,0.0,False,,,,,,,2023
match:2023-10-19:local:union_magdalena,2023-10-19_Local_Union_Magdalena.json,2023-10-19,Primera A,Union Magdalena,Local,1 - 1,Juan Carvajal,,F,12,6.3,False,0,0,0,0,2,1%,0,0,0,0,0,0,0,0,0,1.0,True,0.0,0.0,0.0,0.0,0.0,0.0,2023
match:2023-10-19:local:union_magdalena,2023-10-19_Local_Union_Magdalena.json,2023-10-19,Primera A,Union Magdalena,Local,1 - 1,Juan Moreno,,G,90,7.7,True,0,0,0,0,26,20%,0,0,0,1,1,0,1,0,0,0.2,True,0.0,0.0,0.0,0.0,1.0,0.0,2023
match:2023-10-19:local:union_magdalena,2023-10-19_Local_Union_Magdalena.json,2023-10-19,Primera A,Union Magdalena,Local,1 - 1,Juan Pablo Vargas,,D,90,7.3,True,0,0,1,0,98,81%,2,1,0,7,6,1,1,0,0,0.81,True,0.0,0.0,1.0,0.0,6.0,1.0,2023
match:2023-10-19:local:union_magdalena,2023-10-19_Local_Union_Magdalena.json,2023-10-19,Primera A,Union Magdalena,Local,1 - 1,Juan Pereira,,M,45,6.9,True,0,0,1,0,25,18%,0,1,0,2,1,0,0,0,0,0.18,True,0.0,0.0,2.0,0.0,2.0,0.0,2023
match:2023-10-19:local:union_magdalena,2023-10-19_Local_Union_Magdalena.json,2023-10-19,Primera A,Union Magdalena,Local,1 - 1,Larry Vásquez,,M,90,7.7,True,0,0,1,0,87,83%,0,1,0,4,2,0,1,0,0,0.83,True,0.0,0.0,1.0,0.0,2.0,0.0,2023
match:2023-10-19:local:union_magdalena,2023-10-19_Local_Union_Magdalena.json,2023-10-19,Primera A,Union Magdalena,Local,1 - 1,Leonardo Castro,,F,78,6.5,True,0,0,0,0,5,4%,0,0,0,4,2,1,2,0,0,0.04,True,0.0,0.0,0.0,0.0,2.3076923076923075,1.1538461538461537,2023
match:2023-10-19:local:union_magdalena,2023-10-19_Local_Union_Magdalena.json,2023-10-19,Primera A,Union Magdalena,Local,1 - 1,Luis Paredes,,F,45,6.9,False,0,0,1,0,22,17%,1,0,0,11,7,0,1,0,0,0.17,True,0.0,0.0,2.0,0.0,14.0,0.0,2023
match:2023-10-19:local:union_magdalena,2023-10-19_Local_Union_Magdalena.json,2023-10-19,Primera A,Union Magdalena,Local,1 - 1,Ramiro Brochero,,F,0,,False,0,0,0,0,0,0%,0,0,0,0,0,0,0,0,0,0.0,False,,,,,,,2023
match:2023-10-19:local:union_magdalena,2023-10-19_Local_Union_Magdalena.json,2023-10-19,Primera A,Union Magdalena,Local,1 - 1,Samuel Asprilla,,D,90,7.5,True,1,0,1,1,40,39%,1,0,0,8,3,1,1,0,0,0.39,True,1.0,0.0,1.0,1.0,3.0,1.0,2023
match:2023-10-19:local:union_magdalena,2023-10-19_Local_Union_Magdalena.json,2023-10-19,Primera A,Union Magdalena,Local,1 - 1,Sander Navarro,,D,90,6.7,True,0,0,0,0,49,45%,0,0,0,5,2,0,1,0,0,0.45,True,0.0,0.0,0.0,0.0,2.0,0.0,2023
match:2023-10-19:local:union_magdalena,2023-10-19_Local_Union_Magdalena.json,2023-10-19,Primera A,Union Magdalena,Local,1 - 1,Óscar Vanegas,,D,0,,False,0,0,0,0,0,0%,0,0,0,0,0,0,0,0,0,0.0,False,,,,,,,2023
match:2023-10-21:visitante:santa_fe,2023-10-21_Visitante_Santa_Fe.json,2023-10-21,Primera A,Santa Fe,Visitante,2 - 3,Andrés Llinás,,D,98,6.5,True,0,0,0,0,54,49%,1,0,0,9,4,0,1,0,0,0.49,True,0.0,0.0,0.0,0.0,3.6734693877551017,0.0,2023
match:2023-10-21:visitante:santa_fe,2023-10-21_Visitante_Santa_Fe.json,2023-10-21,Primera A,Santa Fe,Visitante,2 - 3,Beckham Castro,,F,84,8.5,True,1,1,2,1,29,22%,0,0,0,5,4,0,4,0,0,0.22,True,1.0714285714285714,1.0714285714285714,2.142857142857143,1.0714285714285714,4.285714285714286,0.0,2023
match:2023-10-21:visitante:santa_fe,2023-10-21_Visitante_Santa_Fe.json,2023-10-21,Primera A,Santa Fe,Visitante,2 - 3,Daniel Giraldo,,M,98,7.3,True,0,0,1,0,60,56%,1,0,0,4,4,0,1,0,0,0.56,True,0.0,0.0,0.9183673469387754,0.0,3.6734693877551017,0.0,2023
match:2023-10-21:visitante:santa_fe,2023-10-21_Visitante_Santa_Fe.json,2023-10-21,Primera A,Santa Fe,Visitante,2 - 3,David Macalister Silva,,M,71,6.6,True,0,0,0,0,40,34%,0,0,0,4,1,2,1,0,0,0.34,True,0.0,0.0,0.0,0.0,1.267605633802817,2.535211267605634,2023
match:2023-10-21:visitante:santa_fe,2023-10-21_Visitante_Santa_Fe.json,2023-10-21,Primera A,Santa Fe,Visitante,2 - 3,Edgar Guerra,,M,45,7.3,True,1,0,2,2,7,7%,0,0,0,2,1,1,1,1,0,0.07,True,2.0,0.0,4.0,4.0,2.0,2.0,2023
match:2023-10-21:visitante:santa_fe,2023-10-21_Visitante_Santa_Fe.json,2023-10-21,Primera A,Santa Fe,Visitante,2 - 3,Fernando Uribe,,F,22,6.3,False,0,0,0,0,5,4%,0,0,0,0,0,0,0,0,0,0.04,True,0.0,0.0,0.0,0.0,0.0,0.0,2023
match:2023-10-21:visitante:santa_fe,2023-10-21_Visitante_Santa_Fe.json,2023-10-21,Primera A,Santa Fe,Visitante,2 - 3,Jorge Arias,,D,27,5.9,False,0,0,0,0,15,14%,0,0,0,1,0,1,0,0,0,0.14,True,0.0,0.0,0.0,0.0,0.0,3.333333333333333,2023
match:2023-10-21:visitante:santa_fe,2023-10-21_Visitante_Santa_Fe.json,2023-10-21,Primera A,Santa Fe,Visitante,2 - 3,Juan Moreno,,G,0,,False,0,0,0,0,0,0%,0,0,0,0,0,0,0,0,0,0.0,False,,,,,,,2023
match:2023-10-21:visitante:santa_fe,2023-10-21_Visitante_Santa_Fe.json,2023-10-21,Primera A,Santa Fe,Visitante,2 - 3,Juan Pablo Vargas,,D,71,6.9,True,0,0,0,0,49,40%,1,1,0,3,2,1,0,1,0,0.4,True,0.0,0.0,0.0,0.0,2.535211267605634,1.267605633802817,2023
match:2023-10-21:visitante:santa_fe,2023-10-21_Visitante_Santa_Fe.json,2023-10-21,Primera A,Santa Fe,Visitante,2 - 3,Juan Pereira,,M,98,7.9,True,0,2,0,0,52,47%,0,0,0,6,2,1,0,1,0,0.47,True,0.0,1.8367346938775508,0.0,0.0,1.8367346938775508,0.9183673469387754,2023
match:2023-10-21:visitante:santa_fe,2023-10-21_Visitante_Santa_Fe.json,2023-10-21,Primera A,Santa Fe,Visitante,2 - 3,Juan Torres,,M,27,6.6,False,0,0,0,0,13,10%,1,0,0,4,3,0,1,0,0,0.1,True,0.0,0.0,0.0,0.0,10.0,0.0,2023
match:2023-10-21:visitante:santa_fe,2023-10-21_Visitante_Santa_Fe.json,2023-10-21,Primera A,Santa Fe,Visitante,2 - 3,Larry Vásquez,,M,0,,False,0,0,0,0,0,0%,0,0,0,0,0,0,0,0,0,0.0,False,,,,,,,2023
match:2023-10-21:visitante:santa_fe,2023-10-21_Visitante_Santa_Fe.json,2023-10-21,Primera A,Santa Fe,Visitante,2 - 3,Leonardo Castro,,M,76,7.5,True,1,0,3,2,19,14%,1,0,0,2,1,0,0,0,0,0.14,True,1.1842105263157894,0.0,3.552631578947368,2.3684210526315788,1.1842105263157894,0.0,2023
match:2023-10-21:visitante:santa_fe,2023-10-21_Visitante_Santa_Fe.json,2023-10-21,Primera A,Santa Fe,Visitante,2 - 3,Luis Paredes,,F,53,6.9,False,0,0,0,0,28,24%,0,0,0,5,3,1,1,0,0,0.24,True,0.0,0.0,0.0,0.0,5.09433962264151,1.6981132075471697,2023
match:2023-10-21:visitante:santa_fe,2023-10-21_Visitante_Santa_Fe.json,2023-10-21,Primera A,Santa Fe,Visitante,2 - 3,Omar Bertel,,D,98,6.6,True,0,0,0,0,57,47%,5,2,0,15,8,3,1,0,0,0.47,True,0.0,0.0,0.0,0.0,7.346938775510203,2.7551020408163263,2023
match:2023-10-21:visitante:santa_fe,2023-10-21_Visitante_Santa_Fe.json,2023-10-21,Primera A,Santa Fe,Visitante,2 - 3,Sander Navarro,,D,98,6.3,True,0,0,1,0,49,42%,1,0,0,5,2,1,1,0,0,0.42,True,0.0,0.0,0.9183673469387754,0.0,1.8367346938775508,0.9183673469387754,2023
match:2023-10-21:visitante:santa_fe,2023-10-21_Visitante_Santa_Fe.json,2023-10-21,Primera A,Santa Fe,Visitante,2 - 3,Stiven Vega,,D,14,6.3,False,0,0,0,0,0,0%,0,0,0,0,0,0,0,0,0,0.0,True,0.0,0.0,0.0,0.0,0.0,0.0,2023
match:2023-10-21:visitante:santa_fe,2023-10-21_Visitante_Santa_Fe.json,2023-10-21,Primera A,Santa Fe,Visitante,2 - 3,Álvaro Montero,,G,98,6.6,True,0,0,0,0,32,22%,0,0,0,3,2,0,1,1,0,0.22,True,0.0,0.0,0.0,0.0,1.8367346938775508,0.0,2023
match:2023-10-26:local:chico,2023-10-26_Local_Chico.json,2023-10-26,Primera A,Chico,Local,1 - 1,Andrés Llinás,,D,90,6.9,True,0,0,0,0,72,65%,3,2,1,9,5,0,0,0,0,0.65,True,0.0,0.0,0.0,0.0,5.0,0.0,2023
match:2023-10-26:local:chico,2023-10-26_Local_Chico.json,2023-10-26,Primera A,Chico,Local,1 - 1,Beckham Castro,,M,90,6.3,True,0,0,2,1,31,23%,1,0,0,8,2,3,0,0,0,0.23,True,0.0,0.0,2.0,1.0,2.0,3.0,2023
match:2023-10-26:local:chico,2023-10-26_Local_Chico.json,2023-10-26,Primera A,Chico,Local,1 - 1,Daniel Giraldo,,M,21,6.3,False,0,0,0,0,13,9%,0,0,0,3,1,1,1,0,0,0.09,True,0.0,0.0,0.0,0.0,4.285714285714286,4.285714285714286,2023
match:2023-10-26:local:chico,2023-10-26_Local_Chico.json,2023-10-26,Primera A,Chico,Local,1 - 1,David Macalister Silva,,M,85,6.9,True,0,0,1,0,42,33%,3,1,0,10,4,0,0,0,0,0.33,True,0.0,0.0,1.0588235294117647,0.0,4.235294117647059,0.0,2023
match:2023-10-26:local:chico,2023-10-26_Local_Chico.json,2023-10-26,Primera A,Chico,Local,1 - 1,Edgar Guerra,,M,69,7.5,True,1,0,1,1,23,18%,1,1,1,3,2,0,1,0,0,0.18,True,1.3043478260869565,0.0,1.3043478260869565,1.3043478260869565,2.608695652173913,0.0,2023
match:2023-10-26:local:chico,2023-10-26_Local_Chico.json,2023-10-26,Primera A,Chico,Local,1 - 1,Fernando Uribe,,F,11,6.3,False,0,0,0,0,1,1%,0,0,0,0,0,0,0,0,0,1.0,True,0.0,0.0,0.0,0.0,0.0,0.0,2023
match:2023-10-26:local:chico,2023-10-26_Local_Chico.json,2023-10-26,Primera A,Chico,Local,1 - 1,Jorge Arias,,D,90,7.2,True,0,0,0,0,73,63%,3,0,1,6,5,0,1,0,0,0.63,True,0.0,0.0,0.0,0.0,5.0,0.0,2023
match:2023-10-26:local:chico,2023-10-26_Local_Chico.json,2023-10-26,Primera A,Chico,Local,1 - 1,Juan Moreno,,G,0,,False,0,0,0,0,0,0%,0,0,0,0,0,0,0,0,0,0.0,False,,,,,,,2023
match:2023-10-26:local:chico,2023-10-26_Local_Chico.json,2023-10-26,Primera A,Chico,Local,1 - 1,Juan Pereira,,M,69,6.6,True,0,0,0,0,47,34%,2,0,0,4,4,0,0,0,0,0.34,True,0.0,0.0,0.0,0.0,5.217391304347826,0.0,2023
match:2023-10-26:local:chico,2023-10-26_Local_Chico.json,2023-10-26,Primera A,Chico,Local,1 - 1,Larry Vásquez,,M,90,7.3,True,0,0,0,0,63,55%,2,3,0,7,4,2,0,0,0,0.55,True,0.0,0.0,0.0,0.0,4.0,2.0,2023
match:2023-10-26:local:chico,2023-10-26_Local_Chico.json,2023-10-26,Primera A,Chico,Local,1 - 1,Leonardo Castro,,F,85,7.3,True,0,1,1,0,16,11%,0,0,0,7,4,0,2,0,0,0.11,True,0.0,1.0588235294117647,1.0588235294117647,0.0,4.235294117647059,0.0,2023
match:2023-10-26:local:chico,2023-10-26_Local_Chico.json,2023-10-26,Primera A,Chico,Local,1 - 1,Luis Paredes,,F,21,6.3,False,0,0,0,0,5,3%,0,0,0,1,1,1,0,0,0,0.03,True,0.0,0.0,0.0,0.0,4.285714285714286,4.285714285714286,2023
match:2023-10-26:local:chico,2023-10-26_Local_Chico.json,2023-10-26,Primera A,Chico,Local,1 - 1,Neyser Villareal,,M,11,6.3,False,0,0,0,0,2,0%,1,0,0,2,1,1,0,0,0,0.0,True,0.0,0.0,0.0,0.0,8.181818181818182,8.181818181818182,2023
match:2023-10-26:local:chico,2023-10-26_Local_Chico.json,2023-10-26,Primera A,Chico,Local,1 - 1,Omar Bertel,,D,90,7.2,True,0,0,0,0,57,42%,4,3,0,6,5,0,0,0,0,0.42,True,0.0,0.0,0.0,0.0,5.0,0.0,2023
match:2023-10-26:local:chico,2023-10-26_Local_Chico.json,2023-10-26,Primera A,Chico,Local,1 - 1,Sander Navarro,,D,77,6.9,True,0,0,0,0,45,38%,1,2,0,3,1,3,0,0,0,0.38,True,0.0,0.0,0.0,0.0,1.168831168831169,3.5064935064935066,2023
match:2023-10-26:local:chico,2023-10-26_Local_Chico.json,2023-10-26,Primera A,Chico,Local,1 - 1,Stiven Vega,,D,13,6.5,False,0,0,0,0,7,5%,0,0,0,1,0,0,0,0,0,0.05,True,0.0,0.0,0.0,0.0,0.0,0.0,2023
match:2023-10-26:local:chico,2023-10-26_Local_Chico.json,2023-10-26,Primera A,Chico,Local,1 - 1,Álvaro Montero,,G,90,6.9,True,0,0,0,0,24,21%,0,0,0,0,0,0,0,0,0,0.21,True,0.0,0.0,0.0,0.0,0.0,0.0,2023
match:2023-10-26:local:chico,2023-10-26_Local_Chico.json,2023-10-26,Primera A,Chico,Local,1 - 1,Óscar Vanegas,,D,0,,False,0,0,0,0,0,0%,0,0,0,0,0,0,0,0,0,0.0,False,,,,,,,2023
match:2023-10-31:visitante:america_de_cali,2023-10-31_Visitante_America_de_Cali.json,2023-10-31,Primera A,America de Cali,Visitante,1 - 0,Alex Moreno,,D,90,6.9,True,0,0,0,0,12,10%,3,1,1,7,4,1,0,0,0,0.1,True,0.0,0.0,0.0,0.0,4.0,1.0,2023
match:2023-10-31:visitante:america_de_cali,2023-10-31_Visitante_America_de_Cali.json,2023-10-31,Primera A,America de Cali,Visitante,1 - 0,Andrés Llinás,,D,0,,False,0,0,0,0,0,0%,0,0,0,0,0,0,0,0,0,0.0,False,,,,,,,2023
match:2023-10-31:visitante:america_de_cali,2023-10-31_Visitante_America_de_Cali.json,2023-10-31,Primera A,America de Cali,Visitante,1 - 0,Beckham Castro,,F,45,6.7,False,0,0,0,0,10,6%,0,0,0,0,0,0,0,0,0,0.06,True,0.0,0.0,0.0,0.0,0.0,0.0,2023
match:2023-10-31:visitante:america_de_cali,2023-10-31_Visitante_America_de_Cali.json,2023-10-31,Primera A,America de Cali,Visitante,1 - 0,Daniel Giraldo,,M,84,6.9,True,0,0,1,0,40,33%,3,1,0,7,5,2,2,1,0,0.33,True,0.0,0.0,1.0714285714285714,0.0,5.357142857142857,2.142857142857143,2023
match:2023-10-31:visitante:america_de_cali,2023-10-31_Visitante_America_de_Cali.json,2023-10-31,Primera A,America de Cali,Visitante,1 - 0,David Macalister Silva,,M,45,7.5,False,0,0,4,0,22,15%,1,0,0,7,6,1,2,1,0,0.15,True,0.0,0.0,8.0,0.0,12.0,2.0,2023
match:2023-10-31:visitante:america_de_cali,2023-10-31_Visitante_America_de_Cali.json,2023-10-31,Primera A,America de Cali,Visitante,1 - 0,Edgar Guerra,,F,18,6.3,False,0,0,0,0,7,5%,1,0,0,8,2,1,0,0,0,0.05,True,0.0,0.0,0.0,0.0,10.0,5.0,2023
match:2023-10-31:visitante:america_de_cali,2023-10-31_Visitante_America_de_Cali.json,2023-10-31,Primera A,America de Cali,Visitante,1 - 0,Fernando Uribe,,F,90,7.3,True,0,0,0,0,16,12%,0,1,0,7,4,0,2,0,0,0.12,True,0.0,0.0,0.0,0.0,4.0,0.0,2023
match:2023-10-31:visitante:america_de_cali,2023-10-31_Visitante_America_de_Cali.json,2023-10-31,Primera A,America de Cali,Visitante,1 - 0,Jorge Arias,,D,45,6.5,True,0,0,0,0,13,9%,0,0,1,4,1,2,0,1,0,0.09,True,0.0,0.0,0.0,0.0,2.0,4.0,2023
match:2023-10-31:visitante:america_de_cali,2023-10-31_Visitante_America_de_Cali.json,2023-10-31,Primera A,America de Cali,Visitante,1 - 0,Juan Carvajal,,F,14,6.2,False,0,0,1,0,2,1%,0,0,0,1,0,0,0,0,0,1.0,True,0.0,0.0,6.428571428571428,0.0,0.0,0.0,2023
match:2023-10-31:visitante:america_de_cali,2023-10-31_Visitante_America_de_Cali.json,2023-10-31,Primera A,America de Cali,Visitante,1 - 0,Juan Moreno,,G,0,,False,0,0,0,0,0,0%,0,0,0,0,0,0,0,0,0,0.0,False,,,,,,,2023
match:2023-10-31:visitante:america_de_cali,2023-10-31_Visitante_America_de_Cali.json,2023-10-31,Primera A,America de Cali,Visitante,1 - 0,Larry Vásquez,,M,45,6.9,False,0,0,0,0,30,26%,3,0,0,5,4,0,0,0,0,0.26,True,0.0,0.0,0.0,0.0,8.0,0.0,2023
match:2023-10-31:visitante:america_de_cali,2023-10-31_Visitante_America_de_Cali.json,2023-10-31,Primera A,America de Cali,Visitante,1 - 0,Luis Paredes,,M,72,6.6,True,0,0,1,0,27,19%,2,1,0,8,3,0,0,0,0,0.19,True,0.0,0.0,1.25,0.0,3.75,0.0,2023
match:2023-10-31:visitante:america_de_cali,2023-10-31_Visitante_America_de_Cali.json,2023-10-31,Primera A,America de Cali,Visitante,1 - 0,Omar Bertel,,D,90,7.0,True,0,0,0,0,44,28%,4,1,0,10,5,0,0,1,0,0.28,True,0.0,0.0,0.0,0.0,5.0,0.0,2023
match:2023-10-31:visitante:america_de_cali,2023-10-31_Visitante_America_de_Cali.json,2023-10-31,Primera A,America de Cali,Visitante,1 - 0,Ricardo Rosales,,D,45,6.3,True,0,0,0,0,14,10%,0,1,0,3,1,1,0,0,0,0.1,True,0.0,0.0,0.0,0.0,2.0,2.0,2023
match:2023-10-31:visitante:america_de_cali,2023-10-31_Visitante_America_de_Cali.json,2023-10-31,Primera A,America de Cali,Visitante,1 - 0,Stiven Vega,,M,90,6.9,True,0,0,0,0,27,24%,2,2,0,8,3,2,0,0,0,0.24,True,0.0,0.0,0.0,0.0,3.0,2.0,2023
match:2023-10-31:visitante:america_de_cali,2023-10-31_Visitante_America_de_Cali.json,2023-10-31,Primera A,America de Cali,Visitante,1 - 0,Yuber Quiñones,,F,45,6.9,True,0,0,2,1,9,5%,1,0,0,4,2,0,0,0,0,0.05,True,0.0,0.0,4.0,2.0,4.0,0.0,2023
match:2023-10-31:visitante:america_de_cali,2023-10-31_Visitante_America_de_Cali.json,2023-10-31,Primera A,America de Cali,Visitante,1 - 0,Álvaro Montero,,G,90,7.2,True,0,0,0,0,26,11%,0,0,0,0,0,0,0,0,0,0.11,True,0.0,0.0,0.0,0.0,0.0,0.0,2023
match:2023-10-31:visitante:america_de_cali,2023-10-31_Visitante_America_de_Cali.json,2023-10-31,Primera A,America de Cali,Visitante,1 - 0,Óscar Vanegas,,D,90,7.0,True,0,0,0,0,30,26%,2,0,1,5,4,1,0,0,0,0.26,True,0.0,0.0,0.0,0.0,4.0,1.0,2023
match:2023-11-09:visitante:la_equidad,2023-11-09_Visitante_La_Equidad.json,2023-11-09,Primera A,La Equidad,Visitante,2 - 1,Alex Moreno,,D,90,6.2,True,0,0,0,0,35,18%,0,0,2,2,1,2,0,0,0,0.18,True,0.0,0.0,0.0,0.0,1.0,2.0,2023
match:2023-11-09:visitante:la_equidad,2023-11-09_Visitante_La_Equidad.json,2023-11-09,Primera A,La Equidad,Visitante,2 - 1,Andrés Murillo,,D,85,6.3,True,0,0,0,0,9,5%,0,0,0,3,1,1,0,0,0,0.05,True,0.0,0.0,0.0,0.0,1.0588235294117647,1.0588235294117647,2023
match:2023-11-09:visitante:la_equidad,2023-11-09_Visitante_La_Equidad.json,2023-11-09,Primera A,La Equidad,Visitante,2 - 1,Dewar Victoria,,M,0,,False,0,0,0,0,0,0%,0,0,0,0,0,0,0,0,0,0.0,False,,,,,,,2023
match:2023-11-09:visitante:la_equidad,2023-11-09_Visitante_La_Equidad.json,2023-11-09,Primera A,La Equidad,Visitante,2 - 1,Edgar Guerra,,M,81,6.3,True,0,0,0,0,17,14%,2,0,0,6,3,1,1,0,0,0.14,True,0.0,0.0,0.0,0.0,3.333333333333333,1.1111111111111112,2023
match:2023-11-09:visitante:la_equidad,2023-11-09_Visitante_La_Equidad.json,2023-11-09,Primera A,La Equidad,Visitante,2 - 1,Elvis Perlaza,,D,90,6.3,True,0,0,0,0,15,8%,1,2,0,5,2,2,0,0,0,0.08,True,0.0,0.0,0.0,0.0,2.0,2.0,2023
match:2023-11-09:visitante:la_equidad,2023-11-09_Visitante_La_Equidad.json,2023-11-09,Primera A,La Equidad,Visitante,2 - 1,Fernando Uribe,,F,81,6.7,True,0,0,1,1,10,4%,0,0,0,0,0,0,0,0,0,0.04,True,0.0,0.0,1.1111111111111112,1.1111111111111112,0.0,0.0,2023
match:2023-11-09:visitante:la_equidad,2023-11-09_Visitante_La_Equidad.json,2023-11-09,Primera A,La Equidad,Visitante,2 - 1,Juan Carvajal,,F,57,7.0,True,1,0,2,2,15,12%,0,1,0,6,2,0,1,0,0,0.12,True,1.5789473684210527,0.0,3.1578947368421053,3.1578947368421053,3.1578947368421053,0.0,2023
match:2023-11-09:visitante:la_equidad,2023-11-09_Visitante_La_Equidad.json,2023-11-09,Primera A,La Equidad,Visitante,2 - 1,Juan Moreno,,G,90,7.3,True,0,0,0,0,27,14%,0,0,0,1,0,0,0,0,0,0.14,True,0.0,0.0,0.0,0.0,0.0,0.0,2023
match:2023-11-09:visitante:la_equidad,2023-11-09_Visitante_La_Equidad.json,2023-11-09,Primera A,La Equidad,Visitante,2 - 1,Juan Torres,,M,8,6.3,False,0,0,0,0,1,1%,0,0,0,0,0,0,0,0,0,1.0,True,0.0,0.0,0.0,0.0,0.0,0.0,2023
match:2023-11-09:visitante:la_equidad,2023-11-09_Visitante_La_Equidad.json,2023-11-09,Primera A,La Equidad,Visitante,2 - 1,Kliver Moreno,,M,90,6.6,True,0,0,1,1,23,19%,0,1,2,7,2,1,0,0,0,0.19,True,0.0,0.0,1.0,1.0,2.0,1.0,2023
match:2023-11-09:visitante:la_equidad,2023-11-09_Visitante_La_Equidad.json,2023-11-09,Primera A,La Equidad,Visitante,2 - 1,Neyser Villareal,,M,9,6.2,False,0,0,0,0,3,1%,0,0,0,3,0,0,0,0,0,1.0,True,0.0,0.0,0.0,0.0,0.0,0.0,2023
match:2023-11-09:visitante:la_equidad,2023-11-09_Visitante_La_Equidad.json,2023-11-09,Primera A,La Equidad,Visitante,2 - 1,Nicolas Arevalo,,M,56,5.9,True,0,0,0,0,28,23%,0,0,0,4,0,1,0,0,1,0.23,True,0.0,0.0,0.0,0.0,0.0,1.607142857142857,2023
match:2023-11-09:visitante:la_equidad,2023-11-09_Visitante_La_Equidad.json,2023-11-09,Primera A,La Equidad,Visitante,2 - 1,Ramiro Brochero,,F,9,6.3,False,0,0,0,0,0,0%,0,0,0,2,1,0,1,0,0,0.0,True,0.0,0.0,0.0,0.0,10.0,0.0,2023
match:2023-11-09:visitante:la_equidad,2023-11-09_Visitante_La_Equidad.json,2023-11-09,Primera A,La Equidad,Visitante,2 - 1,Samuel Asprilla,,D,9,7.2,False,0,0,0,0,0,0%,0,0,1,0,0,0,0,0,0,0.0,True,0.0,0.0,0.0,0.0,0.0,0.0,2023
match:2023-11-09:visitante:la_equidad,2023-11-09_Visitante_La_Equidad.json,2023-11-09,Primera A,La Equidad,Visitante,2 - 1,Stiven Vega,,D,33,6.2,False,0,0,0,0,5,1%,0,0,0,3,1,0,1,0,0,1.0,True,0.0,0.0,0.0,0.0,2.7272727272727275,0.0,2023
match:2023-11-09:visitante:la_equidad,2023-11-09_Visitante_La_Equidad.json,2023-11-09,Primera A,La Equidad,Visitante,2 - 1,Yuber Quiñones,,M,81,6.5,True,0,0,0,0,13,8%,1,1,0,9,2,4,1,0,0,0.08,True,0.0,0.0,0.0,0.0,2.2222222222222223,4.444444444444445,2023
match:2023-11-09:visitante:la_equidad,2023-11-09_Visitante_La_Equidad.json,2023-11-09,Primera A,La Equidad,Visitante,2 - 1,Álvaro Montero,,G,0,,False,0,0,0,0,0,0%,0,0,0,0,0,0,0,0,0,0.0,False,,,,,,,2023
match:2023-11-09:visitante:la_equidad,2023-11-09_Visitante_La_Equidad.json,2023-11-09,Primera A,La Equidad,Visitante,2 - 1,Óscar Vanegas,,D,90,6.2,True,0,0,0,0,38,16%,2,0,0,4,3,0,0,0,0,0.16,True,0.0,0.0,0.0,0.0,3.0,0.0,2023
match:2023-11-12:visitante:atletico_nacional,2023-11-12_Visitante_Atletico_Nacional.json,2023-11-12,Primera A,Atletico Nacional,Visitante,0 - 1,Andrés Llinás,,D,90,7.0,True,0,0,0,0,36,30%,2,1,0,7,4,0,0,0,0,0.3,True,0.0,0.0,0.0,0.0,4.0,0.0,2023
match:2023-11-12:visitante:atletico_nacional,2023-11-12_Visitante_Atletico_Nacional.json,2023-11-12,Primera A,Atletico Nacional,Visitante,0 - 1,Beckham Castro,,F,17,6.5,False,0,0,1,0,2,1%,0,0,0,3,1,0,1,0,0,1.0,True,0.0,0.0,5.294117647058823,0.0,5.294117647058823,0.0,2023
match:2023-11-12:visitante:atletico_nacional,2023-11-12_Visitante_Atletico_Nacional.json,2023-11-12,Primera A,Atletico Nacional,Visitante,0 - 1,Daniel Cataño,,M,72,7.3,True,1,0,1,1,36,28%,1,0,0,4,2,0,1,0,0,0.28,True,1.25,0.0,1.25,1.25,2.5,0.0,2023
match:2023-11-12:visitante:atletico_nacional,2023-11-12_Visitante_Atletico_Nacional.json,2023-11-12,Primera A,Atletico Nacional,Visitante,0 - 1,Daniel Giraldo,,M,90,7.3,True,0,0,0,0,59,54%,2,1,1,5,4,0,1,0,0,0.54,True,0.0,0.0,0.0,0.0,4.0,0.0,2023
match:2023-11-12:visitante:atletico_nacional,2023-11-12_Visitante_Atletico_Nacional.json,2023-11-12,Primera A,Atletico Nacional,Visitante,0 - 1,Daniel Ruiz,,M,81,7.0,True,0,0,0,0,40,30%,1,1,0,4,3,0,1,0,0,0.3,True,0.0,0.0,0.0,0.0,3.333333333333333,0.0,2023
match:2023-11-12:visitante:atletico_nacional,2023-11-12_Visitante_Atletico_Nacional.json,2023-11-12,Primera A,Atletico Nacional,Visitante,0 - 1,David Macalister Silva,,M,73,7.3,True,0,1,1,1,33,26%,1,1,0,9,5,1,2,0,0,0.26,True,0.0,1.2328767123287672,1.2328767123287672,1.2328767123287672,6.164383561643835,1.2328767123287672,2023
match:2023-11-12:visitante:atletico_nacional,2023-11-12_Visitante_Atletico_Nacional.json,2023-11-12,Primera A,Atletico Nacional,Visitante,0 - 1,Edgar Guerra,,F,18,6.6,False,0,0,0,0,6,6%,1,0,0,5,3,1,1,0,0,0.06,True,0.0,0.0,0.0,0.0,15.0,5.0,2023
match:2023-11-12:visitante:atletico_nacional,2023-11-12_Visitante_Atletico_Nacional.json,2023-11-12,Primera A,Atletico Nacional,Visitante,0 - 1,Elvis Perlaza,,D,0,,False,0,0,0,0,0,0%,0,0,0,0,0,0,0,0,0,0.0,False,,,,,,,2023
match:2023-11-12:visitante:atletico_nacional,2023-11-12_Visitante_Atletico_Nacional.json,2023-11-12,Primera A,Atletico Nacional,Visitante,0 - 1,Fernando Uribe,,F,10,6.3,False,0,0,0,0,10,8%,0,0,0,1,1,0,0,0,0,0.08,True,0.0,0.0,0.0,0.0,9.0,0.0,2023
match:2023-11-12:visitante:atletico_nacional,2023-11-12_Visitante_Atletico_Nacional.json,2023-11-12,Primera A,Atletico Nacional,Visitante,0 - 1,Jorge Arias,,D,9,6.6,False,0,0,0,0,12,9%,0,0,1,0,0,0,0,0,0,0.09,True,0.0,0.0,0.0,0.0,0.0,0.0,2023
match:2023-11-12:visitante:atletico_nacional,2023-11-12_Visitante_Atletico_Nacional.json,2023-11-12,Primera A,Atletico Nacional,Visitante,0 - 1,Juan Moreno,,G,0,,False,0,0,0,0,0,0%,0,0,0,0,0,0,0,0,0,0.0,False,,,,,,,2023
match:2023-11-12:visitante:atletico_nacional,2023-11-12_Visitante_Atletico_Nacional.json,2023-11-12,Primera A,Atletico Nacional,Visitante,0 - 1,Juan Pablo Vargas,,D,90,7.2,True,0,0,0,0,34,28%,1,3,1,5,2,1,0,0,0,0.28,True,0.0,0.0,0.0,0.0,2.0,1.0,2023
match:2023-11-12:visitante:atletico_nacional,2023-11-12_Visitante_Atletico_Nacional.json,2023-11-12,Primera A,Atletico Nacional,Visitante,0 - 1,Juan Pereira,,M,89,7.3,True,0,0,1,1,46,38%,0,4,0,7,5,0,2,0,0,0.38,True,0.0,0.0,1.0112359550561798,1.0112359550561798,5.056179775280898,0.0,2023
match:2023-11-12:visitante:atletico_nacional,2023-11-12_Visitante_Atletico_Nacional.json,2023-11-12,Primera A,Atletico Nacional,Visitante,0 - 1,Larry Vásquez,,M,1,,False,0,0,0,0,1,1%,0,0,0,0,0,0,0,0,0,1.0,True,0.0,0.0,0.0,0.0,0.0,0.0,2023
match:2023-11-12:visitante:atletico_nacional,2023-11-12_Visitante_Atletico_Nacional.json,2023-11-12,Primera A,Atletico Nacional,Visitante,0 - 1,Leonardo Castro,,F,80,7.2,True,0,0,4,1,17,13%,0,1,1,9,1,1,0,0,0,0.13,True,0.0,0.0,4.5,1.125,1.125,1.125,2023
match:2023-11-12:visitante:atletico_nacional,2023-11-12_Visitante_Atletico_Nacional.json,2023-11-12,Primera A,Atletico Nacional,Visitante,0 - 1,Omar Bertel,,D,90,7.5,True,0,0,1,0,40,33%,4,3,1,8,6,0,0,0,0,0.33,True,0.0,0.0,1.0,0.0,6.0,0.0,2023
match:2023-11-12:visitante:atletico_nacional,2023-11-12_Visitante_Atletico_Nacional.json,2023-11-12,Primera A,Atletico Nacional,Visitante,0 - 1,Stiven Vega,,D,90,7.9,True,0,0,0,0,36,31%,6,0,0,8,7,1,0,0,0,0.31,True,0.0,0.0,0.0,0.0,7.0,1.0,2023
match:2023-11-12:visitante:atletico_nacional,2023-11-12_Visitante_Atletico_Nacional.json,2023-11-12,Primera A,Atletico Nacional,Visitante,0 - 1,Álvaro Montero,,G,90,7.2,True,0,0,0,0,21,11%,0,0,0,0,0,0,0,0,0,0.11,True,0.0,0.0,0.0,0.0,0.0,0.0,2023
match:2023-11-19:local:america_de_cali,2023-11-19_Local_America_de_Cali.json,2023-11-19,Primera A,America de Cali,Local,2 - 1,Andrés Llinás,,D,89,6.9,True,0,0,1,0,36,30%,2,0,0,5,3,1,0,0,0,0.3,True,0.0,0.0,1.0112359550561798,0.0,3.033707865168539,1.0112359550561798,2023
match:2023-11-19:local:america_de_cali,2023-11-19_Local_America_de_Cali.json,2023-11-19,Primera A,America de Cali,Local,2 - 1,Beckham Castro,,F,4,,False,0,0,1,1,1,1%,0,0,0,0,0,0,0,0,0,1.0,True,0.0,0.0,22.5,22.5,0.0,0.0,2023
match:2023-11-19:local:america_de_cali,2023-11-19_Local_America_de_Cali.json,2023-11-19,Primera A,America de Cali,Local,2 - 1,Camilo Andrés Romero Jiménez,,G,0,,False,0,0,0,0,0,0%,0,0,0,0,0,0,0,0,0,0.0,False,,,,,,,2023
match:2023-11-19:local:america_de_cali,2023-11-19_Local_America_de_Cali.json,2023-11-19,Primera A,America de Cali,Local,2 - 1,Daniel Cataño,,F,83,7.3,True,0,1,3,2,18,17%,1,0,0,12,6,0,4,0,0,0.17,True,0.0,1.0843373493975905,3.253012048192771,2.168674698795181,6.506024096385542,0.0,2023
match:2023-11-19:local:america_de_cali,2023-11-19_Local_America_de_Cali.json,2023-11-19,Primera A,America de Cali,Local,2 - 1,Daniel Giraldo,,M,8,6.9,False,0,0,0,0,4,4%,0,0,0,0,0,0,0,0,0,0.04,True,0.0,0.0,0.0,0.0,0.0,0.0,2023
match:2023-11-19:local:america_de_cali,2023-11-19_Local_America_de_Cali.json,2023-11-19,Primera A,America de Cali,Local,2 - 1,Daniel Ruiz,,F,87,7.3,True,0,0,0,0,34,21%,1,1,0,13,7,1,5,0,0,0.21,True,0.0,0.0,0.0,0.0,7.241379310344827,1.0344827586206897,2023
match:2023-11-19:local:america_de_cali,2023-11-19_Local_America_de_Cali.json,2023-11-19,Primera A,America de Cali,Local,2 - 1,David Macalister Silva,,M,83,6.6,True,0,0,1,1,28,23%,1,0,0,7,4,2,1,0,0,0.23,True,0.0,0.0,1.0843373493975905,1.0843373493975905,4.337349397590362,2.168674698795181,2023
match:2023-11-19:local:america_de_cali,2023-11-19_Local_America_de_Cali.json,2023-11-19,Primera A,America de Cali,Local,2 - 1,Edgar Guerra,,F,8,6.7,False,0,0,1,0,3,3%,0,0,0,1,0,0,0,0,0,0.03,True,0.0,0.0,11.25,0.0,0.0,0.0,2023
match:2023-11-19:local:america_de_cali,2023-11-19_Local_America_de_Cali.json,2023-11-19,Primera A,America de Cali,Local,2 - 1,Elvis Perlaza,,D,91,6.9,True,0,0,0,0,33,22%,1,1,0,5,4,0,2,0,0,0.22,True,0.0,0.0,0.0,0.0,3.956043956043956,0.0,2023
match:2023-11-19:local:america_de_cali,2023-11-19_Local_America_de_Cali.json,2023-11-19,Primera A,America de Cali,Local,2 - 1,Fernando Uribe,,F,4,,False,0,0,0,0,2,2%,0,0,0,0,0,0,0,0,0,0.02,True,0.0,0.0,0.0,0.0,0.0,0.0,2023
match:2023-11-19:local:america_de_cali,2023-11-19_Local_America_de_Cali.json,2023-11-19,Primera A,America de Cali,Local,2 - 1,Jorge Arias,,D,91,6.5,True,0,0,0,0,21,17%,1,2,0,9,3,0,0,1,0,0.17,True,0.0,0.0,0.0,0.0,2.967032967032967,0.0,2023
match:2023-11-19:local:america_de_cali,2023-11-19_Local_America_de_Cali.json,2023-11-19,Primera A,America de Cali,Local,2 - 1,Juan Carvajal,,F,0,,False,0,0,0,0,0,0%,0,0,0,0,0,0,0,0,0,0.0,False,,,,,,,2023
match:2023-11-19:local:america_de_cali,2023-11-19_Local_America_de_Cali.json,2023-11-19,Primera A,America de Cali,Local,2 - 1,Juan Moreno,,G,91,6.3,True,0,0,0,0,22,10%,0,0,0,0,0,0,0,0,0,0.1,True,0.0,0.0,0.0,0.0,0.0,0.0,2023
match:2023-11-19:local:america_de_cali,2023-11-19_Local_America_de_Cali.json,2023-11-19,Primera A,America de Cali,Local,2 - 1,Larry Vásquez,,M,91,6.9,True,0,0,1,1,36,25%,4,1,0,9,5,0,1,0,0,0.25,True,0.0,0.0,0.989010989010989,0.989010989010989,4.945054945054945,0.0,2023
match:2023-11-19:local:america_de_cali,2023-11-19_Local_America_de_Cali.json,2023-11-19,Primera A,America de Cali,Local,2 - 1,Leonardo Castro,,F,87,8.5,True,2,0,5,2,12,6%,0,0,0,5,1,2,0,0,0,0.06,True,2.0689655172413794,0.0,5.172413793103448,2.0689655172413794,1.0344827586206897,2.0689655172413794,2023
match:2023-11-19:local:america_de_cali,2023-11-19_Local_America_de_Cali.json,2023-11-19,Primera A,America de Cali,Local,2 - 1,Omar Bertel,,D,91,7.0,True,0,1,0,0,29,20%,1,1,0,6,3,0,0,0,0,0.2,True,0.0,0.989010989010989,0.0,0.0,2.967032967032967,0.0,2023
match:2023-11-19:local:america_de_cali,2023-11-19_Local_America_de_Cali.json,2023-11-19,Primera A,America de Cali,Local,2 - 1,Stiven Vega,,M,91,7.0,True,0,0,0,0,33,28%,1,1,0,4,3,0,0,0,0,0.28,True,0.0,0.0,0.0,0.0,2.967032967032967,0.0,2023
match:2023-11-19:local:america_de_cali,2023-11-19_Local_America_de_Cali.json,2023-11-19,Primera A,America de Cali,Local,2 - 1,Óscar Vanegas,,D,2,,False,0,0,0,0,1,0%,0,0,0,0,0,0,0,0,0,0.0,True,0.0,0.0,0.0,0.0,0.0,0.0,2023
match:2023-11-26:local:independiente_medellin,2023-11-26_Local_Independiente_Medellin.json,2023-11-26,Primera A,Independiente Medellin,Local,1 - 0,Andrés Llinás,,D,90,7.6,True,0,0,0,0,25,22%,2,2,1,11,9,0,2,0,0,0.22,True,0.0,0.0,0.0,0.0,9.0,0.0,2023
match:2023-11-26:local:independiente_medellin,2023-11-26_Local_Independiente_Medellin.json,2023-11-26,Primera A,Independiente Medellin,Local,1 - 0,Beckham Castro,,F,0,,False,0,0,0,0,0,0%,0,0,0,0,0,0,0,0,0,0.0,False,,,,,,,2023
match:2023-11-26:local:independiente_medellin,2023-11-26_Local_Independiente_Medellin.json,2023-11-26,Primera A,Independiente Medellin,Local,1 - 0,Daniel Cataño,,M,76,7.2,True,0,0,2,1,33,29%,2,0,0,13,5,2,2,1,0,0.29,True,0.0,0.0,2.3684210526315788,1.1842105263157894,5.921052631578947,2.3684210526315788,2023
match:2023-11-26:local:independiente_medellin,2023-11-26_Local_Independiente_Medellin.json,2023-11-26,Primera A,Independiente Medellin,Local,1 - 0,Daniel Giraldo,,M,0,,False,0,0,0,0,0,0%,0,0,0,0,0,0,0,0,0,0.0,False,,,,,,,2023
match:2023-11-26:local:independiente_medellin,2023-11-26_Local_Independiente_Medellin.json,2023-11-26,Primera A,Independiente Medellin,Local,1 - 0,Daniel Ruiz,,M,89,7.9,True,0,1,1,1,40,33%,3,2,0,14,6,1,1,0,0,0.33,True,0.0,1.0112359550561798,1.0112359550561798,1.0112359550561798,6.067415730337078,1.0112359550561798,2023
match:2023-11-26:local:independiente_medellin,2023-11-26_Local_Independiente_Medellin.json,2023-11-26,Primera A,Independiente Medellin,Local,1 - 0,David Macalister Silva,,M,89,6.9,True,0,0,3,1,53,42%,1,0,0,6,2,2,0,0,0,0.42,True,0.0,0.0,3.033707865168539,1.0112359550561798,2.0224719101123596,2.0224719101123596,2023
match:2023-11-26:local:independiente_medellin,2023-11-26_Local_Independiente_Medellin.json,2023-11-26,Primera A,Independiente Medellin,Local,1 - 0,Edgar Guerra,,F,14,6.6,False,0,0,2,2,6,3%,1,1,0,2,2,0,0,0,0,0.03,True,0.0,0.0,12.857142857142856,12.857142857142856,12.857142857142856,0.0,2023
match:2023-11-26:local:independiente_medellin,2023-11-26_Local_Independiente_Medellin.json,2023-11-26,Primera A,Independiente Medellin,Local,1 - 0,Elvis Perlaza,,D,90,6.9,True,0,0,1,0,33,25%,2,0,0,11,4,3,1,0,0,0.25,True,0.0,0.0,1.0,0.0,4.0,3.0,2023
match:2023-11-26:local:independiente_medellin,2023-11-26_Local_Independiente_Medellin.json,2023-11-26,Primera A,Independiente Medellin,Local,1 - 0,Fernando Uribe,,F,10,6.3,False,0,0,0,0,2,1%,0,0,0,2,0,1,0,0,0,1.0,True,0.0,0.0,0.0,0.0,0.0,9.0,2023
match:2023-11-26:local:independiente_medellin,2023-11-26_Local_Independiente_Medellin.json,2023-11-26,Primera A,Independiente Medellin,Local,1 - 0,Jorge Arias,,D,1,,False,0,0,0,0,0,0%,0,0,0,0,0,0,0,0,0,0.0,True,0.0,0.0,0.0,0.0,0.0,0.0,2023
match:2023-11-26:local:independiente_medellin,2023-11-26_Local_Independiente_Medellin.json,2023-11-26,Primera A,Independiente Medellin,Local,1 - 0,Juan Moreno,,G,0,,False,0,0,0,0,0,0%,0,0,0,0,0,0,0,0,0,0.0,False,,,,,,,2023
match:2023-11-26:local:independiente_medellin,2023-11-26_Local_Independiente_Medellin.json,2023-11-26,Primera A,Independiente Medellin,Local,1 - 0,Juan Pablo Vargas,,D,90,7.3,True,0,0,1,0,30,22%,4,0,0,7,6,1,0,0,0,0.22,True,0.0,0.0,1.0,0.0,6.0,1.0,2023
match:2023-11-26:local:independiente_medellin,2023-11-26_Local_Independiente_Medellin.json,2023-11-26,Primera A,Independiente Medellin,Local,1 - 0,Juan Pereira,,M,1,,False,0,0,0,0,0,0%,0,0,0,0,0,0,0,0,0,0.0,True,0.0,0.0,0.0,0.0,0.0,0.0,2023
match:2023-11-26:local:independiente_medellin,2023-11-26_Local_Independiente_Medellin.json,2023-11-26,Primera A,Independiente Medellin,Local,1 - 0,Larry Vásquez,,M,90,8.2,True,1,0,2,1,39,34%,4,0,0,14,9,1,2,0,0,0.34,True,1.0,0.0,2.0,1.0,9.0,1.0,2023
match:2023-11-26:local:independiente_medellin,2023-11-26_Local_Independiente_Medellin.json,2023-11-26,Primera A,Independiente Medellin,Local,1 - 0,Leonardo Castro,,F,85,6.9,True,0,0,1,0,15,6%,2,0,0,13,7,1,3,0,0,0.06,True,0.0,0.0,1.0588235294117647,0.0,7.411764705882353,1.0588235294117647,2023
match:2023-11-26:local:independiente_medellin,2023-11-26_Local_Independiente_Medellin.json,2023-11-26,Primera A,Independiente Medellin,Local,1 - 0,Omar Bertel,,D,90,7.2,True,0,0,0,0,39,28%,1,3,0,7,5,1,0,0,0,0.28,True,0.0,0.0,0.0,0.0,5.0,1.0,2023
match:2023-11-26:local:independiente_medellin,2023-11-26_Local_Independiente_Medellin.json,2023-11-26,Primera A,Independiente Medellin,Local,1 - 0,Stiven Vega,,M,90,6.9,True,0,0,0,0,34,29%,3,0,1,6,5,1,2,0,0,0.29,True,0.0,0.0,0.0,0.0,5.0,1.0,2023
match:2023-11-26:local:independiente_medellin,2023-11-26_Local_Independiente_Medellin.json,2023-11-26,Primera A,Independiente Medellin,Local,1 - 0,Álvaro Montero,,G,90,6.9,True,0,0,0,0,18,9%,0,0,0,1,1,0,0,0,0,0.09,True,0.0,0.0,0.0,0.0,1.0,0.0,2023
match:2023-12-01:visitante:independiente_medellin,2023-12-01_Visitante_Independiente_Medellin.json,2023-12-01,Primera A,Independiente Medellin,Visitante,2 - 1,Beckham Castro,,F,45,7.2,False,0,0,0,0,13,10%,0,0,0,1,0,1,0,0,0,0.1,True,0.0,0.0,0.0,0.0,0.0,2.0,2023
match:2023-12-01:visitante:independiente_medellin,2023-12-01_Visitante_Independiente_Medellin.json,2023-12-01,Primera A,Independiente Medellin,Visitante,2 - 1,Daniel Cataño,,M,45,6.2,True,0,0,1,0,19,11%,1,0,0,5,2,1,1,1,0,0.11,True,0.0,0.0,2.0,0.0,4.0,2.0,2023
match:2023-12-01:visitante:independiente_medellin,2023-12-01_Visitante_Independiente_Medellin.json,2023-12-01,Primera A,Independiente Medellin,Visitante,2 - 1,Daniel Giraldo,,M,53,6.9,False,0,0,0,0,36,33%,0,0,0,4,2,2,1,1,0,0.33,True,0.0,0.0,0.0,0.0,3.3962264150943393,3.3962264150943393,2023
match:2023-12-01:visitante:independiente_medellin,2023-12-01_Visitante_Independiente_Medellin.json,2023-12-01,Primera A,Independiente Medellin,Visitante,2 - 1,Daniel Ruiz,,M,45,6.5,True,0,0,0,0,14,12%,0,0,0,3,1,1,1,1,0,0.12,True,0.0,0.0,0.0,0.0,2.0,2.0,2023
match:2023-12-01:visitante:independiente_medellin,2023-12-01_Visitante_Independiente_Medellin.json,2023-12-01,Primera A,Independiente Medellin,Visitante,2 - 1,Edgar Guerra,,M,77,6.9,True,0,0,1,0,21,17%,5,0,0,16,8,2,1,0,0,0.17,True,0.0,0.0,1.168831168831169,0.0,9.350649350649352,2.337662337662338,2023
match:2023-12-01:visitante:independiente_medellin,2023-12-01_Visitante_Independiente_Medellin.json,2023-12-01,Primera A,Independiente Medellin,Visitante,2 - 1,Elvis Perlaza,,D,90,6.2,True,0,0,0,0,30,21%,2,0,0,7,4,1,1,0,0,0.21,True,0.0,0.0,0.0,0.0,4.0,1.0,2023
match:2023-12-01:visitante:independiente_medellin,2023-12-01_Visitante_Independiente_Medellin.json,2023-12-01,Primera A,Independiente Medellin,Visitante,2 - 1,Fernando Uribe,,F,13,6.3,False,0,0,1,0,3,2%,0,0,0,1,0,0,0,0,0,0.02,True,0.0,0.0,6.923076923076923,0.0,0.0,0.0,2023
match:2023-12-01:visitante:independiente_medellin,2023-12-01_Visitante_Independiente_Medellin.json,2023-12-01,Primera A,Independiente Medellin,Visitante,2 - 1,Jorge Arias,,D,45,6.9,False,0,0,1,0,22,14%,2,0,1,6,3,0,0,0,0,0.14,True,0.0,0.0,2.0,0.0,6.0,0.0,2023
match:2023-12-01:visitante:independiente_medellin,2023-12-01_Visitante_Independiente_Medellin.json,2023-12-01,Primera A,Independiente Medellin,Visitante,2 - 1,Juan Moreno,,G,0,,False,0,0,0,0,0,0%,0,0,0,0,0,0,0,0,0,0.0,False,,,,,,,2023
match:2023-12-01:visitante:independiente_medellin,2023-12-01_Visitante_Independiente_Medellin.json,2023-12-01,Primera A,Independiente Medellin,Visitante,2 - 1,Juan Pablo Vargas,,D,90,6.2,True,0,0,0,0,32,25%,1,0,0,10,5,1,1,1,0,0.25,True,0.0,0.0,0.0,0.0,5.0,1.0,2023
match:2023-12-01:visitante:independiente_medellin,2023-12-01_Visitante_Independiente_Medellin.json,2023-12-01,Primera A,Independiente Medellin,Visitante,2 - 1,Juan Pereira,,M,45,7.2,False,1,0,2,1,17,14%,0,1,0,1,0,0,0,0,0,0.14,True,2.0,0.0,4.0,2.0,0.0,0.0,2023
match:2023-12-01:visitante:independiente_medellin,2023-12-01_Visitante_Independiente_Medellin.json,2023-12-01,Primera A,Independiente Medellin,Visitante,2 - 1,Larry Vásquez,,M,45,6.2,True,0,0,0,0,20,18%,3,0,0,11,4,3,0,1,0,0.18,True,0.0,0.0,0.0,0.0,8.0,6.0,2023
match:2023-12-01:visitante:independiente_medellin,2023-12-01_Visitante_Independiente_Medellin.json,2023-12-01,Primera A,Independiente Medellin,Visitante,2 - 1,Leonardo Castro,,F,90,6.7,True,0,0,2,0,14,9%,0,0,0,11,5,1,2,1,0,0.09,True,0.0,0.0,2.0,0.0,5.0,1.0,2023
match:2023-12-01:visitante:independiente_medellin,2023-12-01_Visitante_Independiente_Medellin.json,2023-12-01,Primera A,Independiente Medellin,Visitante,2 - 1,Luis Paredes,,F,0,,False,0,0,0,0,0,0%,0,0,0,0,0,0,0,0,0,0.0,False,,,,,,,2023
match:2023-12-01:visitante:independiente_medellin,2023-12-01_Visitante_Independiente_Medellin.json,2023-12-01,Primera A,Independiente Medellin,Visitante,2 - 1,Omar Bertel,,D,90,6.2,True,0,0,1,1,33,21%,0,0,0,4,1,0,0,0,0,0.21,True,0.0,0.0,1.0,1.0,1.0,0.0,2023
match:2023-12-01:visitante:independiente_medellin,2023-12-01_Visitante_Independiente_Medellin.json,2023-12-01,Primera A,Independiente Medellin,Visitante,2 - 1,Stiven Vega,,M,45,6.2,True,0,0,0,0,18,16%,0,1,0,3,2,1,0,1,0,0.16,True,0.0,0.0,0.0,0.0,4.0,2.0,2023
match:2023-12-01:visitante:independiente_medellin,2023-12-01_Visitante_Independiente_Medellin.json,2023-12-01,Primera A,Independiente Medellin,Visitante,2 - 1,Álvaro Montero,,G,90,7.7,True,0,0,1,0,26,15%,0,0,0,1,1,0,0,1,0,0.15,True,0.0,0.0,1.0,0.0,1.0,0.0,2023
match:2023-12-01:visitante:independiente_medellin,2023-12-01_Visitante_Independiente_Medellin.json,2023-12-01,Primera A,Independiente Medellin,Visitante,2 - 1,Óscar Vanegas,,D,90,6.6,True,0,0,3,1,37,28%,0,0,0,6,3,1,2,1,0,0.28,True,0.0,0.0,3.0,1.0,3.0,1.0,2023
match:2023-12-04:visitante:america_de_cali,2023-12-04_Visitante_America_de_Cali.json,2023-12-04,Primera A,America de Cali,Visitante,1 - 0,Beckham Castro,,F,18,6.3,False,0,0,0,0,2,1%,0,0,0,0,0,0,0,0,0,1.0,True,0.0,0.0,0.0,0.0,0.0,0.0,2023
match:2023-12-04:visitante:america_de_cali,2023-12-04_Visitante_America_de_Cali.json,2023-12-04,Primera A,America de Cali,Visitante,1 - 0,Daniel Cataño,,M,72,7.5,True,0,0,0,0,29,24%,1,0,0,13,8,1,3,0,0,0.24,True,0.0,0.0,0.0,0.0,10.0,1.25,2023
match:2023-12-04:visitante:america_de_cali,2023-12-04_Visitante_America_de_Cali.json,2023-12-04,Primera A,America de Cali,Visitante,1 - 0,Daniel Giraldo,,M,76,7.2,False,0,0,0,0,27,20%,3,0,0,8,7,0,2,0,0,0.2,True,0.0,0.0,0.0,0.0,8.289473684210526,0.0,2023
match:2023-12-04:visitante:america_de_cali,2023-12-04_Visitante_America_de_Cali.json,2023-12-04,Primera A,America de Cali,Visitante,1 - 0,Daniel Ruiz,,M,90,7.3,True,0,0,2,2,29,13%,1,1,0,12,6,0,5,0,0,0.13,True,0.0,0.0,2.0,2.0,6.0,0.0,2023
match:2023-12-04:visitante:america_de_cali,2023-12-04_Visitante_America_de_Cali.json,2023-12-04,Primera A,America de Cali,Visitante,1 - 0,David Macalister Silva,,M,85,6.3,True,0,0,0,0,37,31%,0,0,1,8,2,0,1,0,0,0.31,True,0.0,0.0,0.0,0.0,2.1176470588235294,0.0,2023
match:2023-12-04:visitante:america_de_cali,2023-12-04_Visitante_America_de_Cali.json,2023-12-04,Primera A,America de Cali,Visitante,1 - 0,Fernando Uribe,,F,11,6.3,False,0,0,0,0,4,1%,0,0,0,5,2,0,0,0,0,1.0,True,0.0,0.0,0.0,0.0,16.363636363636363,0.0,2023
match:2023-12-04:visitante:america_de_cali,2023-12-04_Visitante_America_de_Cali.json,2023-12-04,Primera A,America de Cali,Visitante,1 - 0,Jorge Arias,,D,0,,False,0,0,0,0,0,0%,0,0,0,0,0,0,0,0,0,0.0,False,,,,,,,2023
match:2023-12-04:visitante:america_de_cali,2023-12-04_Visitante_America_de_Cali.json,2023-12-04,Primera A,America de Cali,Visitante,1 - 0,Juan Moreno,,G,0,,False,0,0,0,0,0,0%,0,0,0,0,0,0,0,0,0,0.0,False,,,,,,,2023
match:2023-12-04:visitante:america_de_cali,2023-12-04_Visitante_America_de_Cali.json,2023-12-04,Primera A,America de Cali,Visitante,1 - 0,Juan Pablo Vargas,,D,90,7.7,True,0,0,3,1,17,16%,4,0,2,8,7,0,0,0,0,0.16,True,0.0,0.0,3.0,1.0,7.0,0.0,2023
match:2023-12-04:visitante:america_de_cali,2023-12-04_Visitante_America_de_Cali.json,2023-12-04,Primera A,America de Cali,Visitante,1 - 0,Juan Pereira,,M,72,6.9,True,0,0,0,0,26,17%,0,3,1,6,3,0,2,0,0,0.17,True,0.0,0.0,0.0,0.0,3.75,0.0,2023
match:2023-12-04:visitante:america_de_cali,2023-12-04_Visitante_America_de_Cali.json,2023-12-04,Primera A,America de Cali,Visitante,1 - 0,Larry Vásquez,,M,0,,False,0,0,0,0,0,0%,0,0,0,0,0,0,0,0,0,0.0,False,,,,,,,2023
match:2023-12-04:visitante:america_de_cali,2023-12-04_Visitante_America_de_Cali.json,2023-12-04,Primera A,America de Cali,Visitante,1 - 0,Leonardo Castro,,F,90,7.3,True,0,0,5,2,22,14%,0,0,1,11,4,2,3,0,0,0.14,True,0.0,0.0,5.0,2.0,4.0,2.0,2023
match:2023-12-04:visitante:america_de_cali,2023-12-04_Visitante_America_de_Cali.json,2023-12-04,Primera A,America de Cali,Visitante,1 - 0,Luis Paredes,,F,18,6.3,False,0,0,2,1,12,8%,0,0,0,6,3,0,2,0,0,0.08,True,0.0,0.0,10.0,5.0,15.0,0.0,2023
match:2023-12-04:visitante:america_de_cali,2023-12-04_Visitante_America_de_Cali.json,2023-12-04,Primera A,America de Cali,Visitante,1 - 0,Omar Bertel,,D,90,6.6,True,0,0,0,0,30,21%,2,0,0,7,3,1,0,0,0,0.21,True,0.0,0.0,0.0,0.0,3.0,1.0,2023
match:2023-12-04:visitante:america_de_cali,2023-12-04_Visitante_America_de_Cali.json,2023-12-04,Primera A,America de Cali,Visitante,1 - 0,Sander Navarro,,D,14,6.7,True,0,0,0,0,3,2%,0,0,0,1,0,0,0,0,0,0.02,True,0.0,0.0,0.0,0.0,0.0,0.0,2023
match:2023-12-04:visitante:america_de_cali,2023-12-04_Visitante_America_de_Cali.json,2023-12-04,Primera A,America de Cali,Visitante,1 - 0,Stiven Vega,,M,90,7.0,True,0,0,0,0,43,33%,2,1,0,4,3,1,1,0,0,0.33,True,0.0,0.0,0.0,0.0,3.0,1.0,2023
match:2023-12-04:visitante:america_de_cali,2023-12-04_Visitante_America_de_Cali.json,2023-12-04,Primera A,America de Cali,Visitante,1 - 0,Álvaro Montero,,G,90,7.2,True,0,0,0,0,19,10%,0,0,0,0,0,0,0,0,0,0.1,True,0.0,0.0,0.0,0.0,0.0,0.0,2023
match:2023-12-04:visitante:america_de_cali,2023-12-04_Visitante_America_de_Cali.json,2023-12-04,Primera A,America de Cali,Visitante,1 - 0,Óscar Vanegas,,D,90,7.0,True,0,0,1,1,35,23%,2,0,2,8,7,0,0,0,0,0.23,True,0.0,0.0,1.0,1.0,7.0,0.0,2023
match:2023-12-06:local:atletico_nacional,2023-12-06_Local_Atletico_Nacional.json,2023-12-06,Primera A,Atletico Nacional,Local,0 - 1,Alex Moreno,,D,90,6.6,True,0,0,0,0,44,39%,2,1,0,3,2,0,0,0,0,0.39,True,0.0,0.0,0.0,0.0,2.0,0.0,2023
match:2023-12-06:local:atletico_nacional,2023-12-06_Local_Atletico_Nacional.json,2023-12-06,Primera A,Atletico Nacional,Local,0 - 1,Beckham Castro,,M,84,6.5,True,0,0,0,0,22,18%,1,0,0,11,2,1,1,0,0,0.18,True,0.0,0.0,0.0,0.0,2.142857142857143,1.0714285714285714,2023
match:2023-12-06:local:atletico_nacional,2023-12-06_Local_Atletico_Nacional.json,2023-12-06,Primera A,Atletico Nacional,Local,0 - 1,Camilo Andrés Romero Jiménez,,G,0,,False,0,0,0,0,0,0%,0,0,0,0,0,0,0,0,0,0.0,False,,,,,,,2023
match:2023-12-06:local:atletico_nacional,2023-12-06_Local_Atletico_Nacional.json,2023-12-06,Primera A,Atletico Nacional,Local,0 - 1,Daniel Giraldo,,M,90,7.0,True,0,0,0,0,27,25%,1,1,0,4,2,1,1,0,0,0.25,True,0.0,0.0,0.0,0.0,2.0,1.0,2023
match:2023-12-06:local:atletico_nacional,2023-12-06_Local_Atletico_Nacional.json,2023-12-06,Primera A,Atletico Nacional,Local,0 - 1,Daniel Ruiz,,M,89,7.0,True,0,0,2,0,39,24%,0,0,0,17,11,0,7,0,0,0.24,True,0.0,0.0,2.0224719101123596,0.0,11.123595505617978,0.0,2023
match:2023-12-06:local:atletico_nacional,2023-12-06_Local_Atletico_Nacional.json,2023-12-06,Primera A,Atletico Nacional,Local,0 - 1,Edgar Guerra,,F,45,6.5,False,0,0,1,0,10,6%,1,0,0,9,2,2,0,1,0,0.06,True,0.0,0.0,2.0,0.0,4.0,4.0,2023
match:2023-12-06:local:atletico_nacional,2023-12-06_Local_Atletico_Nacional.json,2023-12-06,Primera A,Atletico Nacional,Local,0 - 1,Jorge Arias,,D,0,,False,0,0,0,0,0,0%,0,0,0,0,0,0,0,0,0,0.0,False,,,,,,,2023
match:2023-12-06:local:atletico_nacional,2023-12-06_Local_Atletico_Nacional.json,2023-12-06,Primera A,Atletico Nacional,Local,0 - 1,Juan Carvajal,,F,15,6.7,False,0,0,0,0,8,5%,0,0,0,1,1,0,0,0,0,0.05,True,0.0,0.0,0.0,0.0,6.0,0.0,2023
match:2023-12-06:local:atletico_nacional,2023-12-06_Local_Atletico_Nacional.json,2023-12-06,Primera A,Atletico Nacional,Local,0 - 1,Juan Moreno,,G,90,7.0,True,0,0,0,0,20,16%,0,0,0,3,3,0,2,0,0,0.16,True,0.0,0.0,0.0,0.0,3.0,0.0,2023
match:2023-12-06:local:atletico_nacional,2023-12-06_Local_Atletico_Nacional.json,2023-12-06,Primera A,Atletico Nacional,Local,0 - 1,Juan Pablo Vargas,,D,90,7.2,True,0,0,0,0,47,38%,3,0,0,10,7,1,1,1,0,0.38,True,0.0,0.0,0.0,0.0,7.0,1.0,2023
match:2023-12-06:local:atletico_nacional,2023-12-06_Local_Atletico_Nacional.json,2023-12-06,Primera A,Atletico Nacional,Local,0 - 1,Juan Pereira,,M,90,7.5,True,0,0,1,0,47,41%,1,1,0,4,3,0,0,0,0,0.41,True,0.0,0.0,1.0,0.0,3.0,0.0,2023
match:2023-12-06:local:atletico_nacional,2023-12-06_Local_Atletico_Nacional.json,2023-12-06,Primera A,Atletico Nacional,Local,0 - 1,Larry Vásquez,,M,0,,False,0,0,0,0,0,0%,0,0,0,0,0,0,0,1,0,0.0,False,,,,,,,2023
match:2023-12-06:local:atletico_nacional,2023-12-06_Local_Atletico_Nacional.json,2023-12-06,Primera A,Atletico Nacional,Local,0 - 1,Leonardo Castro,,F,75,7.0,True,0,0,2,1,23,17%,2,0,0,10,7,0,4,0,0,0.17,True,0.0,0.0,2.4000000000000004,1.2000000000000002,8.4,0.0,2023
match:2023-12-06:local:atletico_nacional,2023-12-06_Local_Atletico_Nacional.json,2023-12-06,Primera A,Atletico Nacional,Local,0 - 1,Luis Paredes,,M,45,6.3,True,0,0,1,0,12,6%,0,0,0,6,1,0,0,0,0,0.06,True,0.0,0.0,2.0,0.0,2.0,0.0,2023
match:2023-12-06:local:atletico_nacional,2023-12-06_Local_Atletico_Nacional.json,2023-12-06,Primera A,Atletico Nacional,Local,0 - 1,Omar Bertel,,D,90,6.6,True,0,0,0,0,27,21%,5,0,0,9,5,1,0,0,0,0.21,True,0.0,0.0,0.0,0.0,5.0,1.0,2023
match:2023-12-06:local:atletico_nacional,2023-12-06_Local_Atletico_Nacional.json,2023-12-06,Primera A,Atletico Nacional,Local,0 - 1,Ramiro Brochero,,F,1,,False,0,0,0,0,1,1%,0,0,0,0,0,0,0,0,0,1.0,True,0.0,0.0,0.0,0.0,0.0,0.0,2023
match:2023-12-06:local:atletico_nacional,2023-12-06_Local_Atletico_Nacional.json,2023-12-06,Primera A,Atletico Nacional,Local,0 - 1,Stiven Vega,,D,90,6.2,True,0,0,1,0,53,40%,1,2,0,8,2,0,0,0,0,0.4,True,0.0,0.0,1.0,0.0,2.0,0.0,2023
match:2023-12-06:local:atletico_nacional,2023-12-06_Local_Atletico_Nacional.json,2023-12-06,Primera A,Atletico Nacional,Local,0 - 1,Yuber Quiñones,,F,12,6.3,False,0,0,0,0,3,2%,0,0,0,0,0,0,0,0,0,0.02,True,0.0,0.0,0.0,0.0,0.0,0.0,2023
match:2024-01-21:local:independiente_medellin,2024-01-21_Local_Independiente_Medellin.json,2024-01-21,Primera A,Independiente Medellin,Local,5 - 0,Alex Moreno,,D,0,,False,0,0,0,0,0,0%,0,0,0,0,0,0,0,0,0,0.0,False,,,,,,,2024
match:2024-01-21:local:independiente_medellin,2024-01-21_Local_Independiente_Medellin.json,2024-01-21,Primera A,Independiente Medellin,Local,5 - 0,Andrés Llinás,,D,90,6.9,True,0,0,0,0,29,21%,2,2,0,4,3,1,0,1,0,0.21,True,0.0,0.0,0.0,0.0,3.0,1.0,2024
match:2024-01-21:local:independiente_medellin,2024-01-21_Local_Independiente_Medellin.json,2024-01-21,Primera A,Independiente Medellin,Local,5 - 0,Beckham Castro,,M,65,6.9,True,0,0,0,0,10,8%,2,0,0,4,3,0,1,0,0,0.08,True,0.0,0.0,0.0,0.0,4.153846153846154,0.0,2024
match:2024-01-21:local:independiente_medellin,2024-01-21_Local_Independiente_Medellin.json,2024-01-21,Primera A,Independiente Medellin,Local,5 - 0,Daniel Giraldo,,M,73,7.0,True,0,0,2,1,25,23%,0,1,0,3,1,1,1,1,0,0.23,True,0.0,0.0,2.4657534246575343,1.2328767123287672,1.2328767123287672,1.2328767123287672,2024
match:2024-01-21:local:independiente_medellin,2024-01-21_Local_Independiente_Medellin.json,2024-01-21,Primera A,Independiente Medellin,Local,5 - 0,Danovis Banguero,,D,90,7.3,True,0,0,1,1,30,20%,3,1,0,8,3,1,0,0,0,0.2,True,0.0,0.0,1.0,1.0,3.0,1.0,2024
match:2024-01-21:local:independiente_medellin,2024-01-21_Local_Independiente_Medellin.json,2024-01-21,Primera A,Independiente Medellin,Local,5 - 0,David Macalister Silva,,M,8,6.9,False,0,0,0,0,8,6%,0,0,0,0,0,0,0,0,0,0.06,True,0.0,0.0,0.0,0.0,0.0,0.0,2024
match:2024-01-21:local:independiente_medellin,2024-01-21_Local_Independiente_Medellin.json,2024-01-21,Primera A,Independiente Medellin,Local,5 - 0,Delvin Alfonzo,,D,90,6.6,True,0,0,0,0,31,21%,0,0,0,2,1,1,1,0,0,0.21,True,0.0,0.0,0.0,0.0,1.0,1.0,2024
match:2024-01-21:local:independiente_medellin,2024-01-21_Local_Independiente_Medellin.json,2024-01-21,Primera A,Independiente Medellin,Local,5 - 0,Diego Novoa,,G,0,,False,0,0,0,0,0,0%,0,0,0,0,0,0,0,0,0,0.0,False,,,,,,,2024
match:2024-01-21:local:independiente_medellin,2024-01-21_Local_Independiente_Medellin.json,2024-01-21,Primera A,Independiente Medellin,Local,5 - 0,Edgar Guerra,,M,65,9.5,True,3,0,3,3,10,8%,1,1,0,6,3,1,0,1,0,0.08,True,4.153846153846154,0.0,4.153846153846154,4.153846153846154,4.153846153846154,1.3846153846153846,2024
match:2024-01-21:local:independiente_medellin,2024-01-21_Local_Independiente_Medellin.json,2024-01-21,Primera A,Independiente Medellin,Local,5 - 0,Jhoan Hernandez,,D,25,6.3,False,0,0,0,0,6,4%,0,0,0,4,1,1,1,0,0,0.04,True,0.0,0.0,0.0,0.0,3.6,3.6,2024
match:2024-01-21:local:independiente_medellin,2024-01-21_Local_Independiente_Medellin.json,2024-01-21,Primera A,Independiente Medellin,Local,5 - 0,Jorge Arias,,D,90,6.7,True,0,0,0,0,22,15%,0,0,0,5,1,2,1,1,0,0.15,True,0.0,0.0,0.0,0.0,1.0,2.0,2024
match:2024-01-21:local:independiente_medellin,2024-01-21_Local_Independiente_Medellin.json,2024-01-21,Primera A,Independiente Medellin,Local,5 - 0,Juan Carvajal,,F,16,6.5,False,0,0,0,0,5,4%,0,0,0,1,0,0,0,0,0,0.04,True,0.0,0.0,0.0,0.0,0.0,0.0,2024
match:2024-01-21:local:independiente_medellin,2024-01-21_Local_Independiente_Medellin.json,2024-01-21,Primera A,Independiente Medellin,Local,5 - 0,Larry Vásquez,,M,17,7.6,False,1,0,1,1,17,14%,2,1,0,5,3,1,0,0,0,0.14,True,5.294117647058823,0.0,5.294117647058823,5.294117647058823,15.882352941176471,5.294117647058823,2024
match:2024-01-21:local:independiente_medellin,2024-01-21_Local_Independiente_Medellin.json,2024-01-21,Primera A,Independiente Medellin,Local,5 - 0,Leonardo Castro,,F,82,8.3,True,1,1,3,2,19,10%,0,1,1,6,4,0,1,0,0,0.1,True,1.0975609756097562,1.0975609756097562,3.292682926829268,2.1951219512195124,4.390243902439025,0.0,2024
match:2024-01-21:local:independiente_medellin,2024-01-21_Local_Independiente_Medellin.json,2024-01-21,Primera A,Independiente Medellin,Local,5 - 0,Omar Bertel,,D,25,6.6,False,0,0,0,0,8,6%,1,2,0,5,1,0,0,0,0,0.06,True,0.0,0.0,0.0,0.0,3.6,0.0,2024
match:2024-01-21:local:independiente_medellin,2024-01-21_Local_Independiente_Medellin.json,2024-01-21,Primera A,Independiente Medellin,Local,5 - 0,Santiago Giordana,,F,74,7.0,True,0,0,2,0,12,5%,2,0,0,10,6,3,3,0,0,0.05,True,0.0,0.0,2.4324324324324325,0.0,7.297297297297297,3.6486486486486487,2024
match:2024-01-21:local:independiente_medellin,2024-01-21_Local_Independiente_Medellin.json,2024-01-21,Primera A,Independiente Medellin,Local,5 - 0,Stiven Vega,,M,90,7.2,True,0,1,0,0,39,32%,1,3,1,12,5,4,1,0,0,0.32,True,0.0,1.0,0.0,0.0,5.0,4.0,2024
match:2024-01-21:local:independiente_medellin,2024-01-21_Local_Independiente_Medellin.json,2024-01-21,Primera A,Independiente Medellin,Local,5 - 0,Álvaro Montero,,G,90,6.9,True,0,0,0,0,24,12%,0,0,0,0,0,0,0,0,0,0.12,True,0.0,0.0,0.0,0.0,0.0,0.0,2024
match:2024-01-29:visitante:bucaramanga,2024-01-29_Visitante_Bucaramanga.json,2024-01-29,Primera A,Bucaramanga,Visitante,0 - 0,Alex Moreno,,D,0,,False,0,0,0,0,0,0%,0,0,0,0,0,0,0,0,0,0.0,False,,,,,,,2024
match:2024-01-29:visitante:bucaramanga,2024-01-29_Visitante_Bucaramanga.json,2024-01-29,Primera A,Bucaramanga,Visitante,0 - 0,Andrés Llinás,,D,90,7.3,True,0,0,1,0,42,30%,2,0,0,11,8,1,2,0,0,0.3,True,0.0,0.0,1.0,0.0,8.0,1.0,2024
match:2024-01-29:visitante:bucaramanga,2024-01-29_Visitante_Bucaramanga.json,2024-01-29,Primera A,Bucaramanga,Visitante,0 - 0,Beckham Castro,,F,89,7.2,True,0,0,2,2,10,5%,2,0,0,12,5,1,1,0,0,0.05,True,0.0,0.0,2.0224719101123596,2.0224719101123596,5.056179775280898,1.0112359550561798,2024
match:2024-01-29:visitante:bucaramanga,2024-01-29_Visitante_Bucaramanga.json,2024-01-29,Primera A,Bucaramanga,Visitante,0 - 0,Daniel Giraldo,,M,90,6.9,True,0,0,0,0,45,37%,1,0,1,7,4,2,1,0,0,0.37,True,0.0,0.0,0.0,0.0,4.0,2.0,2024
match:2024-01-29:visitante:bucaramanga,2024-01-29_Visitante_Bucaramanga.json,2024-01-29,Primera A,Bucaramanga,Visitante,0 - 0,Delvin Alfonzo,,D,90,7.3,True,0,0,0,0,28,16%,1,1,1,10,6,2,4,0,0,0.16,True,0.0,0.0,0.0,0.0,6.0,2.0,2024
match:2024-01-29:visitante:bucaramanga,2024-01-29_Visitante_Bucaramanga.json,2024-01-29,Primera A,Bucaramanga,Visitante,0 - 0,Diego Novoa,,G,0,,False,0,0,0,0,0,0%,0,0,0,0,0,0,0,0,0,0.0,False,,,,,,,2024
match:2024-01-29:visitante:bucaramanga,2024-01-29_Visitante_Bucaramanga.json,2024-01-29,Primera A,Bucaramanga,Visitante,0 - 0,Jhon Largacha,,D,45,6.3,True,0,0,1,1,4,4%,0,0,0,4,1,1,1,1,0,0.04,True,0.0,0.0,2.0,2.0,2.0,2.0,2024
match:2024-01-29:visitante:bucaramanga,2024-01-29_Visitante_Bucaramanga.json,2024-01-29,Primera A,Bucaramanga,Visitante,0 - 0,Jorge Arias,,D,90,7.2,True,0,0,0,0,38,33%,0,4,0,6,1,1,0,1,0,0.33,True,0.0,0.0,0.0,0.0,1.0,1.0,2024
match:2024-01-29:visitante:bucaramanga,2024-01-29_Visitante_Bucaramanga.json,2024-01-29,Primera A,Bucaramanga,Visitante,0 - 0,Juan Carvajal,,F,10,6.3,False,0,0,0,0,0,0%,0,0,0,1,0,0,0,0,0,0.0,True,0.0,0.0,0.0,0.0,0.0,0.0,2024
match:2024-01-29:visitante:bucaramanga,2024-01-29_Visitante_Bucaramanga.json,2024-01-29,Primera A,Bucaramanga,Visitante,0 - 0,Larry Vásquez,,M,90,6.9,True,0,0,3,0,47,35%,1,0,0,12,5,1,1,0,0,0.35,True,0.0,0.0,3.0,0.0,5.0,1.0,2024
match:2024-01-29:visitante:bucaramanga,2024-01-29_Visitante_Bucaramanga.json,2024-01-29,Primera A,Bucaramanga,Visitante,0 - 0,Leonardo Castro,,F,85,6.6,True,0,0,0,0,18,9%,0,0,0,6,3,2,3,0,0,0.09,True,0.0,0.0,0.0,0.0,3.176470588235294,2.1176470588235294,2024
match:2024-01-29:visitante:bucaramanga,2024-01-29_Visitante_Bucaramanga.json,2024-01-29,Primera A,Bucaramanga,Visitante,0 - 0,Nicolas Arevalo,,M,0,,False,0,0,0,0,0,0%,0,0,0,0,0,0,0,0,0,0.0,False,,,,,,,2024
match:2024-01-29:visitante:bucaramanga,2024-01-29_Visitante_Bucaramanga.json,2024-01-29,Primera A,Bucaramanga,Visitante,0 - 0,Omar Bertel,,D,90,6.9,True,0,0,0,0,25,19%,0,1,0,6,1,3,0,0,0,0.19,True,0.0,0.0,0.0,0.0,1.0,3.0,2024
match:2024-01-29:visitante:bucaramanga,2024-01-29_Visitante_Bucaramanga.json,2024-01-29,Primera A,Bucaramanga,Visitante,0 - 0,Sander Navarro,,F,45,6.5,False,0,0,0,0,13,10%,0,0,0,6,1,1,0,0,0,0.1,True,0.0,0.0,0.0,0.0,2.0,2.0,2024
match:2024-01-29:visitante:bucaramanga,2024-01-29_Visitante_Bucaramanga.json,2024-01-29,Primera A,Bucaramanga,Visitante,0 - 0,Stiven Vega,,M,90,6.9,True,0,0,0,0,51,44%,1,1,0,5,2,1,1,0,0,0.44,True,0.0,0.0,0.0,0.0,2.0,1.0,2024
match:2024-01-29:visitante:bucaramanga,2024-01-29_Visitante_Bucaramanga.json,2024-01-29,Primera A,Bucaramanga,Visitante,0 - 0,Yuber Quiñones,,F,1,,False,0,0,1,1,1,1%,0,0,0,1,0,0,0,0,0,1.0,True,0.0,0.0,90.0,90.0,0.0,0.0,2024
match:2024-01-29:visitante:bucaramanga,2024-01-29_Visitante_Bucaramanga.json,2024-01-29,Primera A,Bucaramanga,Visitante,0 - 0,Álvaro Montero,,G,90,7.9,True,0,0,0,0,19,11%,0,0,0,0,0,0,0,0,0,0.11,True,0.0,0.0,0.0,0.0,0.0,0.0,2024
match:2024-01-29:visitante:bucaramanga,2024-01-29_Visitante_Bucaramanga.json,2024-01-29,Primera A,Bucaramanga,Visitante,0 - 0,Óscar Vanegas,,D,0,,False,0,0,0,0,0,0%,0,0,0,0,0,0,0,0,0,0.0,False,,,,,,,2024
match:2024-02-03:visitante:deportes_tolima,2024-02-03_Visitante_Deportes_Tolima.json,2024-02-03,Primera A,Deportes Tolima,Visitante,2 - 0,Andrés Llinás,,D,90,6.2,True,0,0,0,0,51,35%,1,1,1,9,4,1,0,0,0,0.35,True,0.0,0.0,0.0,0.0,4.0,1.0,2024
match:2024-02-03:visitante:deportes_tolima,2024-02-03_Visitante_Deportes_Tolima.json,2024-02-03,Primera A,Deportes Tolima,Visitante,2 - 0,Beckham Castro,,M,45,6.5,True,0,0,0,0,10,8%,0,0,0,0,0,0,0,0,0,0.08,True,0.0,0.0,0.0,0.0,0.0,0.0,2024
match:2024-02-03:visitante:deportes_tolima,2024-02-03_Visitante_Deportes_Tolima.json,2024-02-03,Primera A,Deportes Tolima,Visitante,2 - 0,Daniel Giraldo,,M,45,6.7,True,0,0,1,0,22,19%,0,0,0,1,0,0,0,0,0,0.19,True,0.0,0.0,2.0,0.0,0.0,0.0,2024
match:2024-02-03:visitante:deportes_tolima,2024-02-03_Visitante_Deportes_Tolima.json,2024-02-03,Primera A,Deportes Tolima,Visitante,2 - 0,Daniel Ruiz,,F,45,7.2,False,0,0,4,2,30,21%,1,0,0,8,2,0,1,0,0,0.21,True,0.0,0.0,8.0,4.0,4.0,0.0,2024
match:2024-02-03:visitante:deportes_tolima,2024-02-03_Visitante_Deportes_Tolima.json,2024-02-03,Primera A,Deportes Tolima,Visitante,2 - 0,Delvin Alfonzo,,D,90,6.6,True,0,0,0,0,38,30%,5,1,0,15,8,1,1,0,0,0.3,True,0.0,0.0,0.0,0.0,8.0,1.0,2024
match:2024-02-03:visitante:deportes_tolima,2024-02-03_Visitante_Deportes_Tolima.json,2024-02-03,Primera A,Deportes Tolima,Visitante,2 - 0,Diego Novoa,,G,0,,False,0,0,0,0,0,0%,0,0,0,0,0,0,0,0,0,0.0,False,,,,,,,2024
match:2024-02-03:visitante:deportes_tolima,2024-02-03_Visitante_Deportes_Tolima.json,2024-02-03,Primera A,Deportes Tolima,Visitante,2 - 0,Jhon Largacha,,M,69,6.3,True,0,0,0,0,20,14%,0,0,0,9,4,0,1,0,0,0.14,True,0.0,0.0,0.0,0.0,5.217391304347826,0.0,2024
match:2024-02-03:visitante:deportes_tolima,2024-02-03_Visitante_Deportes_Tolima.json,2024-02-03,Primera A,Deportes Tolima,Visitante,2 - 0,Jorge Arias,,D,90,6.7,True,0,0,0,0,44,43%,1,1,2,9,2,0,0,0,0,0.43,True,0.0,0.0,0.0,0.0,2.0,0.0,2024
match:2024-02-03:visitante:deportes_tolima,2024-02-03_Visitante_Deportes_Tolima.json,2024-02-03,Primera A,Deportes Tolima,Visitante,2 - 0,Juan Carvajal,,F,0,,False,0,0,0,0,0,0%,0,0,0,0,0,0,0,0,0,0.0,False,,,,,,,2024
match:2024-02-03:visitante:deportes_tolima,2024-02-03_Visitante_Deportes_Tolima.json,2024-02-03,Primera A,Deportes Tolima,Visitante,2 - 0,Juan Pablo Vargas,,D,21,6.9,False,0,0,0,0,19,18%,0,1,0,2,2,0,0,0,0,0.18,True,0.0,0.0,0.0,0.0,8.571428571428571,0.0,2024
match:2024-02-03:visitante:deportes_tolima,2024-02-03_Visitante_Deportes_Tolima.json,2024-02-03,Primera A,Deportes Tolima,Visitante,2 - 0,Larry Vásquez,,M,45,7.2,False,0,0,2,1,37,35%,3,0,0,4,4,0,1,0,0,0.35,True,0.0,0.0,4.0,2.0,8.0,0.0,2024
match:2024-02-03:visitante:deportes_tolima,2024-02-03_Visitante_Deportes_Tolima.json,2024-02-03,Primera A,Deportes Tolima,Visitante,2 - 0,Leonardo Castro,,F,85,7.5,True,0,0,4,1,22,16%,2,0,1,7,6,0,1,0,0,0.16,True,0.0,0.0,4.235294117647059,1.0588235294117647,6.352941176470588,0.0,2024
match:2024-02-03:visitante:deportes_tolima,2024-02-03_Visitante_Deportes_Tolima.json,2024-02-03,Primera A,Deportes Tolima,Visitante,2 - 0,Omar Bertel,,D,69,6.7,True,0,0,0,0,32,29%,2,0,0,4,3,0,0,0,0,0.29,True,0.0,0.0,0.0,0.0,3.9130434782608696,0.0,2024
match:2024-02-03:visitante:deportes_tolima,2024-02-03_Visitante_Deportes_Tolima.json,2024-02-03,Primera A,Deportes Tolima,Visitante,2 - 0,Sander Navarro,,F,10,6.3,False,0,0,0,0,4,4%,0,0,0,1,0,0,0,0,0,0.04,True,0.0,0.0,0.0,0.0,0.0,0.0,2024
match:2024-02-03:visitante:deportes_tolima,2024-02-03_Visitante_Deportes_Tolima.json,2024-02-03,Primera A,Deportes Tolima,Visitante,2 - 0,Santiago Giordana,,F,90,6.6,True,0,0,0,0,17,12%,1,0,0,12,4,4,2,0,0,0.12,True,0.0,0.0,0.0,0.0,4.0,4.0,2024
match:2024-02-03:visitante:deportes_tolima,2024-02-03_Visitante_Deportes_Tolima.json,2024-02-03,Primera A,Deportes Tolima,Visitante,2 - 0,Stiven Vega,,M,90,6.6,True,0,0,0,0,60,52%,3,2,0,11,4,1,0,0,0,0.52,True,0.0,0.0,0.0,0.0,4.0,1.0,2024
match:2024-02-03:visitante:deportes_tolima,2024-02-03_Visitante_Deportes_Tolima.json,2024-02-03,Primera A,Deportes Tolima,Visitante,2 - 0,Yuber Quiñones,,F,21,6.7,False,0,0,1,0,14,9%,2,0,0,4,2,0,0,0,0,0.09,True,0.0,0.0,4.285714285714286,0.0,8.571428571428571,0.0,2024
match:2024-02-03:visitante:deportes_tolima,2024-02-03_Visitante_Deportes_Tolima.json,2024-02-03,Primera A,Deportes Tolima,Visitante,2 - 0,Álvaro Montero,,G,90,6.5,True,0,0,0,0,20,14%,0,0,0,1,1,0,0,0,0,0.14,True,0.0,0.0,0.0,0.0,1.0,0.0,2024
match:2024-02-08:local:america_de_cali,2024-02-08_Local_America_de_Cali.json,2024-02-08,Primera A,America de Cali,Local,1 - 0,Andrés Llinás,,D,90,7.9,True,0,1,1,0,47,40%,4,0,1,11,8,1,0,1,0,0.4,True,0.0,1.0,1.0,0.0,8.0,1.0,2024
match:2024-02-08:local:america_de_cali,2024-02-08_Local_America_de_Cali.json,2024-02-08,Primera A,America de Cali,Local,1 - 0,Beckham Castro,,F,44,6.6,False,0,0,0,0,12,9%,1,0,0,5,3,1,1,0,0,0.09,True,0.0,0.0,0.0,0.0,6.136363636363636,2.0454545454545454,2024
match:2024-02-08:local:america_de_cali,2024-02-08_Local_America_de_Cali.json,2024-02-08,Primera A,America de Cali,Local,1 - 0,Daniel Giraldo,,M,90,7.5,True,0,0,2,1,52,50%,2,0,0,3,2,1,0,1,0,0.5,True,0.0,0.0,2.0,1.0,2.0,1.0,2024
match:2024-02-08:local:america_de_cali,2024-02-08_Local_America_de_Cali.json,2024-02-08,Primera A,America de Cali,Local,1 - 0,Daniel Ruiz,,M,74,7.2,True,0,0,3,1,50,37%,1,0,0,5,2,1,0,0,0,0.37,True,0.0,0.0,3.6486486486486487,1.2162162162162162,2.4324324324324325,1.2162162162162162,2024
match:2024-02-08:local:america_de_cali,2024-02-08_Local_America_de_Cali.json,2024-02-08,Primera A,America de Cali,Local,1 - 0,Delvin Alfonzo,,D,90,7.3,True,0,0,0,0,42,34%,2,3,0,8,3,2,0,0,0,0.34,True,0.0,0.0,0.0,0.0,3.0,2.0,2024
match:2024-02-08:local:america_de_cali,2024-02-08_Local_America_de_Cali.json,2024-02-08,Primera A,America de Cali,Local,1 - 0,Diego Novoa,,G,0,,False,0,0,0,0,0,0%,0,0,0,0,0,0,0,0,0,0.0,False,,,,,,,2024
match:2024-02-08:local:america_de_cali,2024-02-08_Local_America_de_Cali.json,2024-02-08,Primera A,America de Cali,Local,1 - 0,Jhon Largacha,,M,45,6.7,True,0,0,0,0,12,7%,1,0,0,6,3,2,1,0,0,0.07,True,0.0,0.0,0.0,0.0,6.0,4.0,2024
match:2024-02-08:local:america_de_cali,2024-02-08_Local_America_de_Cali.json,2024-02-08,Primera A,America de Cali,Local,1 - 0,Jorge Arias,,D,11,6.7,False,0,0,0,0,6,3%,1,0,0,1,1,0,0,0,0,0.03,True,0.0,0.0,0.0,0.0,8.181818181818182,0.0,2024
match:2024-02-08:local:america_de_cali,2024-02-08_Local_America_de_Cali.json,2024-02-08,Primera A,America de Cali,Local,1 - 0,Juan Carvajal,,F,1,,False,0,0,0,0,1,1%,0,0,0,0,0,0,0,0,0,1.0,True,0.0,0.0,0.0,0.0,0.0,0.0,2024
match:2024-02-08:local:america_de_cali,2024-02-08_Local_America_de_Cali.json,2024-02-08,Primera A,America de Cali,Local,1 - 0,Juan Pablo Vargas,,D,90,7.7,True,0,0,1,1,55,48%,1,1,2,8,5,0,0,0,0,0.48,True,0.0,0.0,1.0,1.0,5.0,0.0,2024
match:2024-02-08:local:america_de_cali,2024-02-08_Local_America_de_Cali.json,2024-02-08,Primera A,America de Cali,Local,1 - 0,Larry Vásquez,,M,90,6.9,True,0,0,0,0,52,41%,5,1,0,15,7,1,1,0,0,0.41,True,0.0,0.0,0.0,0.0,7.0,1.0,2024
match:2024-02-08:local:america_de_cali,2024-02-08_Local_America_de_Cali.json,2024-02-08,Primera A,America de Cali,Local,1 - 0,Leonardo Castro,,F,89,7.6,True,1,0,2,1,25,15%,1,0,0,10,7,3,2,0,0,0.15,True,1.0112359550561798,0.0,2.0224719101123596,1.0112359550561798,7.078651685393258,3.033707865168539,2024
match:2024-02-08:local:america_de_cali,2024-02-08_Local_America_de_Cali.json,2024-02-08,Primera A,America de Cali,Local,1 - 0,Neyser Villareal,,M,1,,False,0,0,0,0,0,0%,0,0,0,1,0,0,0,0,0,0.0,True,0.0,0.0,0.0,0.0,0.0,0.0,2024
match:2024-02-08:local:america_de_cali,2024-02-08_Local_America_de_Cali.json,2024-02-08,Primera A,America de Cali,Local,1 - 0,Nicolas Arevalo,,M,0,,False,0,0,0,0,0,0%,0,0,0,0,0,0,0,0,0,0.0,False,,,,,,,2024
match:2024-02-08:local:america_de_cali,2024-02-08_Local_America_de_Cali.json,2024-02-08,Primera A,America de Cali,Local,1 - 0,Omar Bertel,,D,90,6.9,True,0,0,0,0,49,42%,1,2,0,6,2,2,0,1,0,0.42,True,0.0,0.0,0.0,0.0,2.0,2.0,2024
match:2024-02-08:local:america_de_cali,2024-02-08_Local_America_de_Cali.json,2024-02-08,Primera A,America de Cali,Local,1 - 0,Santiago Giordana,,F,87,6.5,True,0,0,0,0,22,14%,1,0,0,10,4,2,3,1,0,0.14,True,0.0,0.0,0.0,0.0,4.137931034482759,2.0689655172413794,2024
match:2024-02-08:local:america_de_cali,2024-02-08_Local_America_de_Cali.json,2024-02-08,Primera A,America de Cali,Local,1 - 0,Stiven Vega,,D,16,6.7,False,0,0,0,0,9,7%,0,0,0,0,0,0,0,0,0,0.07,True,0.0,0.0,0.0,0.0,0.0,0.0,2024
match:2024-02-08:local:america_de_cali,2024-02-08_Local_America_de_Cali.json,2024-02-08,Primera A,America de Cali,Local,1 - 0,Álvaro Montero,,G,90,7.2,True,0,0,0,0,28,22%,0,0,0,0,0,0,0,0,0,0.22,True,0.0,0.0,0.0,0.0,0.0,0.0,2024
match:2024-02-11:visitante:atletico_nacional,2024-02-11_Visitante_Atletico_Nacional.json,2024-02-11,Primera A,Atletico Nacional,Visitante,0 - 1,Andrés Llinás,,D,101,7.6,True,0,0,0,0,42,34%,1,1,2,12,7,1,1,0,0,0.34,True,0.0,0.0,0.0,0.0,6.237623762376238,0.8910891089108911,2024
match:2024-02-11:visitante:atletico_nacional,2024-02-11_Visitante_Atletico_Nacional.json,2024-02-11,Primera A,Atletico Nacional,Visitante,0 - 1,Daniel Giraldo,,M,101,6.6,True,0,0,0,0,46,38%,2,0,0,9,4,2,0,0,0,0.38,True,0.0,0.0,0.0,0.0,3.5643564356435644,1.7821782178217822,2024
match:2024-02-11:visitante:atletico_nacional,2024-02-11_Visitante_Atletico_Nacional.json,2024-02-11,Primera A,Atletico Nacional,Visitante,0 - 1,Daniel Ruiz,,M,91,6.2,True,0,0,2,1,34,24%,0,0,0,11,2,2,2,1,0,0.24,True,0.0,0.0,1.978021978021978,0.989010989010989,1.978021978021978,1.978021978021978,2024
match:2024-02-11:visitante:atletico_nacional,2024-02-11_Visitante_Atletico_Nacional.json,2024-02-11,Primera A,Atletico Nacional,Visitante,0 - 1,Delvin Alfonzo,,D,101,6.9,True,0,0,0,0,25,15%,3,1,0,13,8,1,2,0,0,0.15,True,0.0,0.0,0.0,0.0,7.128712871287129,0.8910891089108911,2024
match:2024-02-11:visitante:atletico_nacional,2024-02-11_Visitante_Atletico_Nacional.json,2024-02-11,Primera A,Atletico Nacional,Visitante,0 - 1,Diego Novoa,,G,10,6.6,False,0,0,0,0,3,2%,0,0,0,1,1,0,0,0,0,0.02,True,0.0,0.0,0.0,0.0,9.0,0.0,2024
match:2024-02-11:visitante:atletico_nacional,2024-02-11_Visitante_Atletico_Nacional.json,2024-02-11,Primera A,Atletico Nacional,Visitante,0 - 1,Jhon Largacha,,M,71,6.2,True,0,0,0,0,12,10%,0,0,0,10,2,3,0,0,0,0.1,True,0.0,0.0,0.0,0.0,2.535211267605634,3.8028169014084505,2024
match:2024-02-11:visitante:atletico_nacional,2024-02-11_Visitante_Atletico_Nacional.json,2024-02-11,Primera A,Atletico Nacional,Visitante,0 - 1,Jorge Arias,,D,101,7.0,True,0,0,0,0,39,29%,2,0,1,6,3,0,1,0,0,0.29,True,0.0,0.0,0.0,0.0,2.673267326732673,0.0,2024
match:2024-02-11:visitante:atletico_nacional,2024-02-11_Visitante_Atletico_Nacional.json,2024-02-11,Primera A,Atletico Nacional,Visitante,0 - 1,Juan Carvajal,,F,10,6.6,False,0,0,1,1,5,4%,0,0,0,1,0,1,0,1,0,0.04,True,0.0,0.0,9.0,9.0,0.0,9.0,2024
match:2024-02-11:visitante:atletico_nacional,2024-02-11_Visitante_Atletico_Nacional.json,2024-02-11,Primera A,Atletico Nacional,Visitante,0 - 1,Juan Pablo Vargas,,D,101,6.9,True,0,0,0,0,53,45%,1,1,0,8,4,0,0,0,0,0.45,True,0.0,0.0,0.0,0.0,3.5643564356435644,0.0,2024
match:2024-02-11:visitante:atletico_nacional,2024-02-11_Visitante_Atletico_Nacional.json,2024-02-11,Primera A,Atletico Nacional,Visitante,0 - 1,Larry Vásquez,,M,71,6.7,True,0,0,0,0,45,38%,3,0,0,14,5,1,0,0,0,0.38,True,0.0,0.0,0.0,0.0,6.338028169014085,1.267605633802817,2024
match:2024-02-11:visitante:atletico_nacional,2024-02-11_Visitante_Atletico_Nacional.json,2024-02-11,Primera A,Atletico Nacional,Visitante,0 - 1,Leonardo Castro,,F,78,7.3,True,1,0,3,2,16,11%,1,0,0,6,3,1,1,0,0,0.11,True,1.1538461538461537,0.0,3.4615384615384617,2.3076923076923075,3.4615384615384617,1.1538461538461537,2024
match:2024-02-11:visitante:atletico_nacional,2024-02-11_Visitante_Atletico_Nacional.json,2024-02-11,Primera A,Atletico Nacional,Visitante,0 - 1,Neyser Villareal,,M,0,,False,0,0,0,0,0,0%,0,0,0,0,0,0,0,0,0,0.0,False,,,,,,,2024
match:2024-02-11:visitante:atletico_nacional,2024-02-11_Visitante_Atletico_Nacional.json,2024-02-11,Primera A,Atletico Nacional,Visitante,0 - 1,Omar Bertel,,D,30,6.7,False,0,0,0,0,0,0%,0,0,1,0,0,0,0,0,0,0.0,True,0.0,0.0,0.0,0.0,0.0,0.0,2024
match:2024-02-11:visitante:atletico_nacional,2024-02-11_Visitante_Atletico_Nacional.json,2024-02-11,Primera A,Atletico Nacional,Visitante,0 - 1,Santiago Giordana,,F,91,6.9,True,0,0,1,0,19,13%,1,0,1,14,6,4,1,1,0,0.13,True,0.0,0.0,0.989010989010989,0.0,5.934065934065934,3.956043956043956,2024
match:2024-02-11:visitante:atletico_nacional,2024-02-11_Visitante_Atletico_Nacional.json,2024-02-11,Primera A,Atletico Nacional,Visitante,0 - 1,Stiven Vega,,D,30,6.7,False,0,0,0,0,6,3%,0,0,0,1,1,0,0,0,0,0.03,True,0.0,0.0,0.0,0.0,3.0,0.0,2024
match:2024-02-11:visitante:atletico_nacional,2024-02-11_Visitante_Atletico_Nacional.json,2024-02-11,Primera A,Atletico Nacional,Visitante,0 - 1,Yuber Quiñones,,F,23,6.3,False,0,0,0,0,3,2%,0,0,0,5,1,1,0,1,0,0.02,True,0.0,0.0,0.0,0.0,3.9130434782608696,3.9130434782608696,2024
match:2024-02-11:visitante:atletico_nacional,2024-02-11_Visitante_Atletico_Nacional.json,2024-02-11,Primera A,Atletico Nacional,Visitante,0 - 1,Álvaro Montero,,G,85,7.2,True,0,0,0,0,28,17%,0,0,0,2,2,0,1,0,1,0.17,True,0.0,0.0,0.0,0.0,2.1176470588235294,0.0,2024
match:2024-02-11:visitante:atletico_nacional,2024-02-11_Visitante_Atletico_Nacional.json,2024-02-11,Primera A,Atletico Nacional,Visitante,0 - 1,Óscar Vanegas,,D,0,,False,0,0,0,0,0,0%,0,0,0,0,0,0,0,0,0,0.0,False,,,,,,,2024
fixture:1153126,2024-02-16_Local_Águilas_Doradas.json,2024-02-16,Primera A,Águilas Doradas,Local,0 - 1,Andrés Llinás,,D,95,6.9,True,0,0,0,0,70,60%,2,0,0,5,5,0,0,0,0,0.6,True,0.0,0.0,0.0,0.0,4.7368421052631575,0.0,2024
fixture:1153126,2024-02-16_Local_Águilas_Doradas.json,2024-02-16,Primera A,Águilas Doradas,Local,0 - 1,Camilo Andrés Romero Jiménez,,G,0,,False,0,0,0,0,0,0%,0,0,0,0,0,0,0,0,0,0.0,False,,,,,,,2024
fixture:1153126,2024-02-16_Local_Águilas_Doradas.json,2024-02-16,Primera A,Águilas Doradas,Local,0 - 1,Daniel Giraldo,,M,82,6.6,True,0,0,0,0,54,53%,0,0,1,7,0,1,0,0,0,0.53,True,0.0,0.0,0.0,0.0,0.0,1.0975609756097562,2024
fixture:1153126,2024-02-16_Local_Águilas_Doradas.json,2024-02-16,Primera A,Águilas Doradas,Local,0 - 1,Daniel Ruiz,,M,95,7.2,True,0,0,3,2,69,55%,1,0,0,14,7,1,4,0,0,0.55,True,0.0,0.0,2.8421052631578947,1.894736842105263,6.63157894736842,0.9473684210526315,2024
fixture:1153126,2024-02-16_Local_Águilas_Doradas.json,2024-02-16,Primera A,Águilas Doradas,Local,0 - 1,Delvin Alfonzo,,D,95,6.9,True,0,0,1,0,64,56%,2,0,0,5,3,0,0,0,0,0.56,True,0.0,0.0,0.9473684210526315,0.0,2.8421052631578947,0.0,2024
fixture:1153126,2024-02-16_Local_Águilas_Doradas.json,2024-02-16,Primera A,Águilas Doradas,Local,0 - 1,Dewar Victoria,,M,0,,False,0,0,0,0,0,0%,0,0,0,0,0,0,0,0,0,0.0,False,,,,,,,2024
fixture:1153126,2024-02-16_Local_Águilas_Doradas.json,2024-02-16,Primera A,Águilas Doradas,Local,0 - 1,Diego Novoa,,G,95,6.7,True,0,0,0,0,18,14%,0,0,0,0,0,0,0,0,0,0.14,True,0.0,0.0,0.0,0.0,0.0,0.0,2024
fixture:1153126,2024-02-16_Local_Águilas_Doradas.json,2024-02-16,Primera A,Águilas Doradas,Local,0 - 1,Jhon Largacha,,M,76,7.0,True,0,0,0,0,21,19%,1,0,0,7,3,1,0,0,0,0.19,True,0.0,0.0,0.0,0.0,3.552631578947368,1.1842105263157894,2024
fixture:1153126,2024-02-16_Local_Águilas_Doradas.json,2024-02-16,Primera A,Águilas Doradas,Local,0 - 1,Jorge Arias,,D,95,7.3,True,0,0,0,0,71,54%,2,2,1,11,7,0,0,1,0,0.54,True,0.0,0.0,0.0,0.0,6.63157894736842,0.0,2024
fixture:1153126,2024-02-16_Local_Águilas_Doradas.json,2024-02-16,Primera A,Águilas Doradas,Local,0 - 1,Juan Pablo Vargas,,D,95,6.7,True,0,0,0,0,75,61%,1,0,0,12,5,1,0,0,0,0.61,True,0.0,0.0,0.0,0.0,4.7368421052631575,0.9473684210526315,2024
fixture:1153126,2024-02-16_Local_Águilas_Doradas.json,2024-02-16,Primera A,Águilas Doradas,Local,0 - 1,Neyser Villareal,,M,19,6.3,False,0,0,0,0,1,0%,0,0,0,4,2,0,2,0,0,0.0,True,0.0,0.0,0.0,0.0,9.473684210526315,0.0,2024
fixture:1153126,2024-02-16_Local_Águilas_Doradas.json,2024-02-16,Primera A,Águilas Doradas,Local,0 - 1,Omar Bertel,,M,10,6.7,True,0,0,0,0,2,1%,0,1,0,0,0,0,0,0,0,1.0,True,0.0,0.0,0.0,0.0,0.0,0.0,2024
fixture:1153126,2024-02-16_Local_Águilas_Doradas.json,2024-02-16,Primera A,Águilas Doradas,Local,0 - 1,Ramiro Brochero,,F,13,6.3,False,0,0,0,0,3,2%,0,0,0,2,0,0,0,0,0,0.02,True,0.0,0.0,0.0,0.0,0.0,0.0,2024
fixture:1153126,2024-02-16_Local_Águilas_Doradas.json,2024-02-16,Primera A,Águilas Doradas,Local,0 - 1,Ricardo Rosales,,F,0,,False,0,0,0,0,0,0%,0,0,0,0,0,0,0,0,0,0.0,False,,,,,,,2024
fixture:1153126,2024-02-16_Local_Águilas_Doradas.json,2024-02-16,Primera A,Águilas Doradas,Local,0 - 1,Santiago Giordana,,F,95,6.6,True,0,0,2,1,7,4%,0,0,0,4,0,1,0,0,0,0.04,True,0.0,0.0,1.894736842105263,0.9473684210526315,0.0,0.9473684210526315,2024
fixture:1153126,2024-02-16_Local_Águilas_Doradas.json,2024-02-16,Primera A,Águilas Doradas,Local,0 - 1,Stiven Vega,,M,95,6.9,True,0,0,0,0,74,72%,1,2,0,5,2,1,1,0,0,0.72,True,0.0,0.0,0.0,0.0,1.894736842105263,0.9473684210526315,2024
fixture:1153126,2024-02-16_Local_Águilas_Doradas.json,2024-02-16,Primera A,Águilas Doradas,Local,0 - 1,Yuber Quiñones,,F,85,6.6,False,0,0,3,3,37,27%,0,0,0,16,6,2,4,1,0,0.27,True,0.0,0.0,3.176470588235294,3.176470588235294,6.352941176470588,2.1176470588235294,2024
fixture:1153126,2024-02-16_Local_Águilas_Doradas.json,2024-02-16,Primera A,Águilas Doradas,Local,0 - 1,Óscar Vanegas,,D,0,,False,0,0,0,0,0,0%,0,0,0,0,0,0,0,0,0,0.0,False,,,,,,,2024
match:2024-02-25:visitante:patriotas,2024-02-25_Visitante_Patriotas.json,2024-02-25,Primera A,Patriotas,Visitante,1 - 0,Camilo Andrés Romero Jiménez,,G,0,,False,0,0,0,0,0,0%,0,0,0,0,0,0,0,0,0,0.0,False,,,,,,,2024
match:2024-02-25:visitante:patriotas,2024-02-25_Visitante_Patriotas.json,2024-02-25,Primera A,Patriotas,Visitante,1 - 0,Daniel Cataño,,M,16,6.7,False,0,0,1,0,15,9%,0,0,0,6,2,0,0,0,0,0.09,True,0.0,0.0,5.625,0.0,11.25,0.0,2024
match:2024-02-25:visitante:patriotas,2024-02-25_Visitante_Patriotas.json,2024-02-25,Primera A,Patriotas,Visitante,1 - 0,Daniel Giraldo,,M,74,6.9,True,0,0,1,1,20,16%,1,0,1,2,2,0,0,0,0,0.16,True,0.0,0.0,1.2162162162162162,1.2162162162162162,2.4324324324324325,0.0,2024
match:2024-02-25:visitante:patriotas,2024-02-25_Visitante_Patriotas.json,2024-02-25,Primera A,Patriotas,Visitante,1 - 0,Daniel Ruiz,,M,89,6.7,True,0,0,0,0,23,19%,0,0,0,15,5,0,2,0,0,0.19,True,0.0,0.0,0.0,0.0,5.056179775280898,0.0,2024
match:2024-02-25:visitante:patriotas,2024-02-25_Visitante_Patriotas.json,2024-02-25,Primera A,Patriotas,Visitante,1 - 0,David Macalister Silva,,M,90,7.2,True,0,0,0,0,60,47%,4,0,0,9,5,1,0,0,0,0.47,True,0.0,0.0,0.0,0.0,5.0,1.0,2024
match:2024-02-25:visitante:patriotas,2024-02-25_Visitante_Patriotas.json,2024-02-25,Primera A,Patriotas,Visitante,1 - 0,Delvin Alfonzo,,D,90,6.3,True,0,0,0,0,27,22%,1,0,0,9,3,3,1,0,0,0.22,True,0.0,0.0,0.0,0.0,3.0,3.0,2024
match:2024-02-25:visitante:patriotas,2024-02-25_Visitante_Patriotas.json,2024-02-25,Primera A,Patriotas,Visitante,1 - 0,Diego Novoa,,G,90,7.0,True,0,0,0,0,18,15%,0,0,0,0,0,0,0,0,0,0.15,True,0.0,0.0,0.0,0.0,0.0,0.0,2024
match:2024-02-25:visitante:patriotas,2024-02-25_Visitante_Patriotas.json,2024-02-25,Primera A,Patriotas,Visitante,1 - 0,Emerson Rodríguez,,F,45,6.7,False,0,0,0,0,12,9%,0,1,0,9,3,3,1,1,0,0.09,True,0.0,0.0,0.0,0.0,6.0,6.0,2024
match:2024-02-25:visitante:patriotas,2024-02-25_Visitante_Patriotas.json,2024-02-25,Primera A,Patriotas,Visitante,1 - 0,Jhon Largacha,,M,45,6.2,True,0,0,0,0,8,5%,1,0,1,7,1,2,0,0,0,0.05,True,0.0,0.0,0.0,0.0,2.0,4.0,2024
match:2024-02-25:visitante:patriotas,2024-02-25_Visitante_Patriotas.json,2024-02-25,Primera A,Patriotas,Visitante,1 - 0,Jorge Arias,,D,74,6.7,True,0,0,0,0,20,20%,2,0,0,7,4,0,1,0,0,0.2,True,0.0,0.0,0.0,0.0,4.864864864864865,0.0,2024
match:2024-02-25:visitante:patriotas,2024-02-25_Visitante_Patriotas.json,2024-02-25,Primera A,Patriotas,Visitante,1 - 0,Juan Pablo Vargas,,D,90,6.6,True,0,0,1,0,43,35%,0,1,1,4,1,1,0,0,0,0.35,True,0.0,0.0,1.0,0.0,1.0,1.0,2024
match:2024-02-25:visitante:patriotas,2024-02-25_Visitante_Patriotas.json,2024-02-25,Primera A,Patriotas,Visitante,1 - 0,Juan Pereira,,M,0,,False,0,0,0,0,0,0%,0,0,0,0,0,0,0,0,0,0.0,False,,,,,,,2024
match:2024-02-25:visitante:patriotas,2024-02-25_Visitante_Patriotas.json,2024-02-25,Primera A,Patriotas,Visitante,1 - 0,Larry Vásquez,,M,66,7.2,True,0,0,2,1,33,27%,4,0,0,10,7,0,0,0,0,0.27,True,0.0,0.0,2.7272727272727275,1.3636363636363638,9.545454545454545,0.0,2024
match:2024-02-25:visitante:patriotas,2024-02-25_Visitante_Patriotas.json,2024-02-25,Primera A,Patriotas,Visitante,1 - 0,Leonardo Castro,,F,90,6.6,True,0,0,2,1,10,9%,1,0,0,7,2,1,1,0,0,0.09,True,0.0,0.0,2.0,1.0,2.0,1.0,2024
match:2024-02-25:visitante:patriotas,2024-02-25_Visitante_Patriotas.json,2024-02-25,Primera A,Patriotas,Visitante,1 - 0,Sander Navarro,,F,16,6.5,False,0,0,0,0,6,5%,0,0,0,3,0,1,0,0,0,0.05,True,0.0,0.0,0.0,0.0,0.0,5.625,2024
match:2024-02-25:visitante:patriotas,2024-02-25_Visitante_Patriotas.json,2024-02-25,Primera A,Patriotas,Visitante,1 - 0,Santiago Giordana,,F,24,6.6,False,0,0,1,1,2,2%,1,0,0,6,2,3,0,1,0,0.02,True,0.0,0.0,3.75,3.75,7.5,11.25,2024
match:2024-02-25:visitante:patriotas,2024-02-25_Visitante_Patriotas.json,2024-02-25,Primera A,Patriotas,Visitante,1 - 0,Stiven Vega,,D,8,6.6,False,0,0,0,0,8,8%,0,0,0,1,1,0,0,0,0,0.08,True,0.0,0.0,0.0,0.0,11.25,0.0,2024
match:2024-02-25:visitante:patriotas,2024-02-25_Visitante_Patriotas.json,2024-02-25,Primera A,Patriotas,Visitante,1 - 0,Óscar Vanegas,,D,85,6.3,True,0,0,1,0,31,22%,0,0,0,5,4,1,1,2,1,0.22,True,0.0,0.0,1.0588235294117647,0.0,4.235294117647059,1.0588235294117647,2024
match:2024-02-28:local:once_caldas,2024-02-28_Local_Once_Caldas.json,2024-02-28,Primera A,Once Caldas,Local,0 - 2,Alex Moreno,,D,0,,False,0,0,0,0,0,0%,0,0,0,0,0,0,0,0,0,0.0,False,,,,,,,2024
match:2024-02-28:local:once_caldas,2024-02-28_Local_Once_Caldas.json,2024-02-28,Primera A,Once Caldas,Local,0 - 2,Andrés Llinás,,D,96,6.9,True,0,0,1,1,55,46%,1,1,0,6,2,0,0,0,0,0.46,True,0.0,0.0,0.9375,0.9375,1.875,0.0,2024
match:2024-02-28:local:once_caldas,2024-02-28_Local_Once_Caldas.json,2024-02-28,Primera A,Once Caldas,Local,0 - 2,Beckham Castro,,F,12,6.3,False,0,0,0,0,1,1%,0,0,0,0,0,0,0,0,0,1.0,True,0.0,0.0,0.0,0.0,0.0,0.0,2024
match:2024-02-28:local:once_caldas,2024-02-28_Local_Once_Caldas.json,2024-02-28,Primera A,Once Caldas,Local,0 - 2,Camilo Andrés Romero Jiménez,,G,0,,False,0,0,0,0,0,0%,0,0,0,0,0,0,0,0,0,0.0,False,,,,,,,2024
match:2024-02-28:local:once_caldas,2024-02-28_Local_Once_Caldas.json,2024-02-28,Primera A,Once Caldas,Local,0 - 2,Daniel Cataño,,M,51,6.3,False,0,0,0,0,32,21%,1,0,0,8,3,0,2,0,0,0.21,True,0.0,0.0,0.0,0.0,5.294117647058823,0.0,2024
match:2024-02-28:local:once_caldas,2024-02-28_Local_Once_Caldas.json,2024-02-28,Primera A,Once Caldas,Local,0 - 2,Daniel Giraldo,,M,0,,False,0,0,0,0,0,0%,0,0,0,0,0,0,0,0,0,0.0,False,,,,,,,2024
match:2024-02-28:local:once_caldas,2024-02-28_Local_Once_Caldas.json,2024-02-28,Primera A,Once Caldas,Local,0 - 2,Daniel Ruiz,,M,45,6.9,True,0,0,0,0,28,23%,0,2,0,5,1,1,0,0,0,0.23,True,0.0,0.0,0.0,0.0,2.0,2.0,2024
match:2024-02-28:local:once_caldas,2024-02-28_Local_Once_Caldas.json,2024-02-28,Primera A,Once Caldas,Local,0 - 2,David Macalister Silva,,M,84,7.3,True,0,0,0,0,77,70%,1,0,0,5,3,1,1,0,0,0.7,True,0.0,0.0,0.0,0.0,3.214285714285714,1.0714285714285714,2024
match:2024-02-28:local:once_caldas,2024-02-28_Local_Once_Caldas.json,2024-02-28,Primera A,Once Caldas,Local,0 - 2,Delvin Alfonzo,,D,96,7.0,True,0,0,3,2,39,32%,1,0,0,7,3,1,2,0,0,0.32,True,0.0,0.0,2.8125,1.875,2.8125,0.9375,2024
match:2024-02-28:local:once_caldas,2024-02-28_Local_Once_Caldas.json,2024-02-28,Primera A,Once Caldas,Local,0 - 2,Diego Novoa,,G,96,6.9,True,0,0,0,0,20,17%,0,0,0,1,1,0,0,0,0,0.17,True,0.0,0.0,0.0,0.0,0.9375,0.0,2024
match:2024-02-28:local:once_caldas,2024-02-28_Local_Once_Caldas.json,2024-02-28,Primera A,Once Caldas,Local,0 - 2,Emerson Rodríguez,,M,96,6.9,True,0,0,1,1,39,27%,0,0,0,7,2,0,0,0,0,0.27,True,0.0,0.0,0.9375,0.9375,1.875,0.0,2024
match:2024-02-28:local:once_caldas,2024-02-28_Local_Once_Caldas.json,2024-02-28,Primera A,Once Caldas,Local,0 - 2,Jhoan Hernandez,,D,39,6.3,True,0,0,0,0,11,11%,0,0,0,3,0,0,0,0,0,0.11,True,0.0,0.0,0.0,0.0,0.0,0.0,2024
match:2024-02-28:local:once_caldas,2024-02-28_Local_Once_Caldas.json,2024-02-28,Primera A,Once Caldas,Local,0 - 2,Juan Pablo Vargas,,D,96,6.6,True,0,0,2,0,51,42%,0,1,0,7,4,0,0,0,0,0.42,True,0.0,0.0,1.875,0.0,3.75,0.0,2024
match:2024-02-28:local:once_caldas,2024-02-28_Local_Once_Caldas.json,2024-02-28,Primera A,Once Caldas,Local,0 - 2,Juan Pereira,,M,27,6.9,False,0,0,0,0,17,15%,1,0,0,2,2,0,0,0,0,0.15,True,0.0,0.0,0.0,0.0,6.666666666666666,0.0,2024
match:2024-02-28:local:once_caldas,2024-02-28_Local_Once_Caldas.json,2024-02-28,Primera A,Once Caldas,Local,0 - 2,Leonardo Castro,,F,96,7.7,True,0,0,6,1,21,15%,1,1,0,15,8,1,1,0,0,0.15,True,0.0,0.0,5.625,0.9375,7.5,0.9375,2024
match:2024-02-28:local:once_caldas,2024-02-28_Local_Once_Caldas.json,2024-02-28,Primera A,Once Caldas,Local,0 - 2,Sander Navarro,,F,57,6.6,False,0,0,1,0,22,20%,0,1,0,4,0,2,0,0,0,0.2,True,0.0,0.0,1.5789473684210527,0.0,0.0,3.1578947368421053,2024
match:2024-02-28:local:once_caldas,2024-02-28_Local_Once_Caldas.json,2024-02-28,Primera A,Once Caldas,Local,0 - 2,Santiago Giordana,,F,96,7.2,True,0,0,4,2,16,9%,1,0,0,8,4,1,2,0,0,0.09,True,0.0,0.0,3.75,1.875,3.75,0.9375,2024
match:2024-02-28:local:once_caldas,2024-02-28_Local_Once_Caldas.json,2024-02-28,Primera A,Once Caldas,Local,0 - 2,Stiven Vega,,M,69,6.9,True,0,0,0,0,57,50%,2,0,0,3,2,0,0,0,0,0.5,True,0.0,0.0,0.0,0.0,2.608695652173913,0.0,2024
fixture:1153156,2024-03-02_Local_Internacional_de_Bogota.json,2024-03-02,Primera A,Internacional de Bogota,Local,1 - 2,Alex Moreno,,D,0,,False,0,0,0,0,0,0%,0,0,0,0,0,0,0,0,0,0.0,False,,,,,,,2024
fixture:1153156,2024-03-02_Local_Internacional_de_Bogota.json,2024-03-02,Primera A,Internacional de Bogota,Local,1 - 2,Andrés Llinás,,D,90,6.3,True,0,0,0,0,46,37%,1,1,3,4,2,3,0,1,0,0.37,True,0.0,0.0,0.0,0.0,2.0,3.0,2024
fixture:1153156,2024-03-02_Local_Internacional_de_Bogota.json,2024-03-02,Primera A,Internacional de Bogota,Local,1 - 2,Beckham Castro,,F,28,6.2,False,0,0,2,0,10,9%,0,0,0,2,1,0,1,0,0,0.09,True,0.0,0.0,6.428571428571428,0.0,3.214285714285714,0.0,2024
fixture:1153156,2024-03-02_Local_Internacional_de_Bogota.json,2024-03-02,Primera A,Internacional de Bogota,Local,1 - 2,Daniel Cataño,,M,69,6.3,True,0,0,1,0,31,19%,0,0,0,6,1,1,1,0,0,0.19,True,0.0,0.0,1.3043478260869565,0.0,1.3043478260869565,1.3043478260869565,2024
fixture:1153156,2024-03-02_Local_Internacional_de_Bogota.json,2024-03-02,Primera A,Internacional de Bogota,Local,1 - 2,Daniel Giraldo,,M,69,6.6,True,0,0,1,0,42,38%,0,2,1,3,0,1,0,0,0,0.38,True,0.0,0.0,1.3043478260869565,0.0,0.0,1.3043478260869565,2024
fixture:1153156,2024-03-02_Local_Internacional_de_Bogota.json,2024-03-02,Primera A,Internacional de Bogota,Local,1 - 2,Daniel Ruiz,,F,21,7.3,False,0,0,1,0,15,8%,0,0,0,1,1,0,1,0,0,0.08,True,0.0,0.0,4.285714285714286,0.0,4.285714285714286,0.0,2024
fixture:1153156,2024-03-02_Local_Internacional_de_Bogota.json,2024-03-02,Primera A,Internacional de Bogota,Local,1 - 2,David Macalister Silva,,M,90,6.7,True,0,0,0,0,41,32%,0,0,0,6,1,1,0,1,0,0.32,True,0.0,0.0,0.0,0.0,1.0,1.0,2024
fixture:1153156,2024-03-02_Local_Internacional_de_Bogota.json,2024-03-02,Primera A,Internacional de Bogota,Local,1 - 2,Delvin Alfonzo,,D,90,6.2,True,0,0,0,0,31,22%,0,1,0,6,2,1,1,1,0,0.22,True,0.0,0.0,0.0,0.0,2.0,1.0,2024
fixture:1153156,2024-03-02_Local_Internacional_de_Bogota.json,2024-03-02,Primera A,Internacional de Bogota,Local,1 - 2,Diego Novoa,,G,0,,False,0,0,0,0,0,0%,0,0,0,0,0,0,0,0,0,0.0,False,,,,,,,2024
fixture:1153156,2024-03-02_Local_Internacional_de_Bogota.json,2024-03-02,Primera A,Internacional de Bogota,Local,1 - 2,Emerson Rodríguez,,M,90,7.2,True,0,1,2,0,19,14%,1,1,0,7,3,0,0,0,0,0.14,True,0.0,1.0,2.0,0.0,3.0,0.0,2024
fixture:1153156,2024-03-02_Local_Internacional_de_Bogota.json,2024-03-02,Primera A,Internacional de Bogota,Local,1 - 2,Juan Pablo Vargas,,D,90,7.3,True,0,0,1,0,68,59%,3,4,1,10,9,1,1,0,0,0.59,True,0.0,0.0,1.0,0.0,9.0,1.0,2024
fixture:1153156,2024-03-02_Local_Internacional_de_Bogota.json,2024-03-02,Primera A,Internacional de Bogota,Local,1 - 2,Juan Pereira,,M,21,6.3,False,0,0,0,0,11,9%,0,0,0,1,0,0,0,0,0,0.09,True,0.0,0.0,0.0,0.0,0.0,0.0,2024
fixture:1153156,2024-03-02_Local_Internacional_de_Bogota.json,2024-03-02,Primera A,Internacional de Bogota,Local,1 - 2,Larry Vásquez,,M,90,7.3,True,0,0,1,0,71,55%,1,0,1,5,4,1,1,0,0,0.55,True,0.0,0.0,1.0,0.0,4.0,1.0,2024
fixture:1153156,2024-03-02_Local_Internacional_de_Bogota.json,2024-03-02,Primera A,Internacional de Bogota,Local,1 - 2,Leonardo Castro,,F,45,7.2,True,1,0,3,2,10,6%,0,0,0,0,0,0,0,0,0,0.06,True,2.0,0.0,6.0,4.0,0.0,0.0,2024
fixture:1153156,2024-03-02_Local_Internacional_de_Bogota.json,2024-03-02,Primera A,Internacional de Bogota,Local,1 - 2,Sander Navarro,,D,90,6.9,True,0,0,0,0,31,25%,2,0,0,7,4,1,2,0,0,0.25,True,0.0,0.0,0.0,0.0,4.0,1.0,2024
fixture:1153156,2024-03-02_Local_Internacional_de_Bogota.json,2024-03-02,Primera A,Internacional de Bogota,Local,1 - 2,Santiago Giordana,,F,17,6.7,False,0,0,0,0,1,0%,1,0,0,4,3,0,2,0,0,0.0,True,0.0,0.0,0.0,0.0,15.882352941176471,0.0,2024
fixture:1153156,2024-03-02_Local_Internacional_de_Bogota.json,2024-03-02,Primera A,Internacional de Bogota,Local,1 - 2,Stiven Vega,,D,0,,False,0,0,0,0,0,0%,0,0,0,0,0,0,0,0,0,0.0,False,,,,,,,2024
fixture:1153156,2024-03-02_Local_Internacional_de_Bogota.json,2024-03-02,Primera A,Internacional de Bogota,Local,1 - 2,Álvaro Montero,,G,90,6.9,True,0,0,1,0,16,11%,0,0,0,1,1,0,1,0,0,0.11,True,0.0,0.0,1.0,0.0,1.0,0.0,2024
match:2024-03-11:visitante:jaguares,2024-03-11_Visitante_Jaguares.json,2024-03-11,Primera A,Jaguares,Visitante,2 - 1,Alex Moreno,,D,96,6.9,True,0,0,0,0,56,55%,1,1,0,8,5,3,0,0,0,0.55,True,0.0,0.0,0.0,0.0,4.6875,2.8125,2024
match:2024-03-11:visitante:jaguares,2024-03-11_Visitante_Jaguares.json,2024-03-11,Primera A,Jaguares,Visitante,2 - 1,Andrés Llinás,,D,0,,False,0,0,0,0,0,0%,0,0,0,0,0,0,0,0,0,0.0,False,,,,,,,2024
match:2024-03-11:visitante:jaguares,2024-03-11_Visitante_Jaguares.json,2024-03-11,Primera A,Jaguares,Visitante,2 - 1,Beckham Castro,,F,20,6.9,False,1,0,1,1,3,3%,0,0,0,2,0,1,0,0,0,0.03,True,4.5,0.0,4.5,4.5,0.0,4.5,2024
match:2024-03-11:visitante:jaguares,2024-03-11_Visitante_Jaguares.json,2024-03-11,Primera A,Jaguares,Visitante,2 - 1,Daniel Cataño,,F,76,7.7,True,0,0,3,1,44,38%,0,1,0,13,7,2,4,0,0,0.38,True,0.0,0.0,3.552631578947368,1.1842105263157894,8.289473684210526,2.3684210526315788,2024
match:2024-03-11:visitante:jaguares,2024-03-11_Visitante_Jaguares.json,2024-03-11,Primera A,Jaguares,Visitante,2 - 1,Daniel Giraldo,,M,45,6.6,True,0,0,0,0,30,28%,1,0,0,3,1,1,0,0,0,0.28,True,0.0,0.0,0.0,0.0,2.0,2.0,2024
match:2024-03-11:visitante:jaguares,2024-03-11_Visitante_Jaguares.json,2024-03-11,Primera A,Jaguares,Visitante,2 - 1,Daniel Ruiz,,M,96,7.2,True,0,0,0,0,61,54%,1,2,0,9,2,1,0,0,0,0.54,True,0.0,0.0,0.0,0.0,1.875,0.9375,2024
match:2024-03-11:visitante:jaguares,2024-03-11_Visitante_Jaguares.json,2024-03-11,Primera A,Jaguares,Visitante,2 - 1,Delvin Alfonzo,,D,96,6.3,True,0,0,0,0,42,39%,0,2,0,9,2,4,2,0,0,0.39,True,0.0,0.0,0.0,0.0,1.875,3.75,2024
match:2024-03-11:visitante:jaguares,2024-03-11_Visitante_Jaguares.json,2024-03-11,Primera A,Jaguares,Visitante,2 - 1,Diego Novoa,,G,0,,False,0,0,0,0,0,0%,0,0,0,0,0,0,0,0,0,0.0,False,,,,,,,2024
match:2024-03-11:visitante:jaguares,2024-03-11_Visitante_Jaguares.json,2024-03-11,Primera A,Jaguares,Visitante,2 - 1,Emerson Rodríguez,,M,96,6.9,True,0,0,1,1,27,18%,1,0,0,14,7,0,2,0,0,0.18,True,0.0,0.0,0.9375,0.9375,6.5625,0.0,2024
match:2024-03-11:visitante:jaguares,2024-03-11_Visitante_Jaguares.json,2024-03-11,Primera A,Jaguares,Visitante,2 - 1,Jorge Arias,,D,45,6.9,True,0,0,1,0,23,20%,0,1,0,1,1,0,1,0,0,0.2,True,0.0,0.0,2.0,0.0,2.0,0.0,2024
match:2024-03-11:visitante:jaguares,2024-03-11_Visitante_Jaguares.json,2024-03-11,Primera A,Jaguares,Visitante,2 - 1,Juan Carvajal,,F,77,6.9,True,0,0,1,1,11,10%,0,0,0,4,2,1,2,0,0,0.1,True,0.0,0.0,1.168831168831169,1.168831168831169,2.337662337662338,1.168831168831169,2024
match:2024-03-11:visitante:jaguares,2024-03-11_Visitante_Jaguares.json,2024-03-11,Primera A,Jaguares,Visitante,2 - 1,Juan Pablo Vargas,,D,96,6.7,True,0,0,2,1,45,37%,2,0,0,8,4,1,0,1,0,0.37,True,0.0,0.0,1.875,0.9375,3.75,0.9375,2024
match:2024-03-11:visitante:jaguares,2024-03-11_Visitante_Jaguares.json,2024-03-11,Primera A,Jaguares,Visitante,2 - 1,Juan Pereira,,M,86,6.9,True,0,0,0,0,58,51%,0,2,0,3,1,0,1,0,0,0.51,True,0.0,0.0,0.0,0.0,1.0465116279069768,0.0,2024
match:2024-03-11:visitante:jaguares,2024-03-11_Visitante_Jaguares.json,2024-03-11,Primera A,Jaguares,Visitante,2 - 1,Larry Vásquez,,M,51,7.5,False,0,0,0,0,29,27%,0,1,0,3,3,0,1,0,0,0.27,True,0.0,0.0,0.0,0.0,5.294117647058823,0.0,2024
match:2024-03-11:visitante:jaguares,2024-03-11_Visitante_Jaguares.json,2024-03-11,Primera A,Jaguares,Visitante,2 - 1,Ramiro Brochero,,F,19,6.3,False,0,0,0,0,3,3%,0,0,0,0,0,1,0,0,0,0.03,True,0.0,0.0,0.0,0.0,0.0,4.7368421052631575,2024
match:2024-03-11:visitante:jaguares,2024-03-11_Visitante_Jaguares.json,2024-03-11,Primera A,Jaguares,Visitante,2 - 1,Sander Navarro,,F,51,7.0,False,0,0,0,0,23,23%,2,0,1,3,2,0,0,0,0,0.23,True,0.0,0.0,0.0,0.0,3.5294117647058822,0.0,2024
match:2024-03-11:visitante:jaguares,2024-03-11_Visitante_Jaguares.json,2024-03-11,Primera A,Jaguares,Visitante,2 - 1,Stiven Vega,,D,10,6.3,False,0,0,0,0,5,5%,0,0,0,1,0,0,0,0,0,0.05,True,0.0,0.0,0.0,0.0,0.0,0.0,2024
match:2024-03-11:visitante:jaguares,2024-03-11_Visitante_Jaguares.json,2024-03-11,Primera A,Jaguares,Visitante,2 - 1,Álvaro Montero,,G,96,6.2,True,0,0,0,0,17,13%,0,0,0,0,0,0,0,0,0,0.13,True,0.0,0.0,0.0,0.0,0.0,0.0,2024
match:2024-03-17:visitante:envigado,2024-03-17_Visitante_Envigado.json,2024-03-17,Primera A,Envigado,Visitante,1 - 1,Andrés Llinás,,D,90,7.2,True,0,0,0,0,44,43%,1,0,1,4,3,0,2,0,0,0.43,True,0.0,0.0,0.0,0.0,3.0,0.0,2024
match:2024-03-17:visitante:envigado,2024-03-17_Visitante_Envigado.json,2024-03-17,Primera A,Envigado,Visitante,1 - 1,Daniel Cataño,,M,63,6.7,True,0,0,0,0,29,23%,2,0,0,12,5,2,3,0,0,0.23,True,0.0,0.0,0.0,0.0,7.142857142857142,2.8571428571428568,2024
match:2024-03-17:visitante:envigado,2024-03-17_Visitante_Envigado.json,2024-03-17,Primera A,Envigado,Visitante,1 - 1,Daniel Giraldo,,M,13,6.3,False,0,0,0,0,10,10%,0,0,0,2,0,2,0,0,0,0.1,True,0.0,0.0,0.0,0.0,0.0,13.846153846153847,2024
match:2024-03-17:visitante:envigado,2024-03-17_Visitante_Envigado.json,2024-03-17,Primera A,Envigado,Visitante,1 - 1,Daniel Ruiz,,F,27,6.7,False,0,0,0,0,14,9%,0,0,0,1,0,0,0,0,0,0.09,True,0.0,0.0,0.0,0.0,0.0,0.0,2024
match:2024-03-17:visitante:envigado,2024-03-17_Visitante_Envigado.json,2024-03-17,Primera A,Envigado,Visitante,1 - 1,David Macalister Silva,,M,90,7.6,True,1,0,4,1,43,32%,0,2,0,10,5,1,2,0,0,0.32,True,1.0,0.0,4.0,1.0,5.0,1.0,2024
match:2024-03-17:visitante:envigado,2024-03-17_Visitante_Envigado.json,2024-03-17,Primera A,Envigado,Visitante,1 - 1,Delvin Alfonzo,,D,63,6.7,True,0,0,2,0,27,21%,0,2,0,4,1,1,0,1,0,0.21,True,0.0,0.0,2.8571428571428568,0.0,1.4285714285714284,1.4285714285714284,2024
match:2024-03-17:visitante:envigado,2024-03-17_Visitante_Envigado.json,2024-03-17,Primera A,Envigado,Visitante,1 - 1,Diego Novoa,,G,0,,False,0,0,0,0,0,0%,0,0,0,0,0,0,0,0,0,0.0,False,,,,,,,2024
match:2024-03-17:visitante:envigado,2024-03-17_Visitante_Envigado.json,2024-03-17,Primera A,Envigado,Visitante,1 - 1,Emerson Rodríguez,,F,27,6.2,False,0,0,1,0,5,3%,1,0,0,5,1,0,0,0,0,0.03,True,0.0,0.0,3.333333333333333,0.0,3.333333333333333,0.0,2024
match:2024-03-17:visitante:envigado,2024-03-17_Visitante_Envigado.json,2024-03-17,Primera A,Envigado,Visitante,1 - 1,Jhoan Hernandez,,D,72,6.3,True,0,0,1,0,12,11%,0,1,1,6,2,2,1,0,0,0.11,True,0.0,0.0,1.25,0.0,2.5,2.5,2024
match:2024-03-17:visitante:envigado,2024-03-17_Visitante_Envigado.json,2024-03-17,Primera A,Envigado,Visitante,1 - 1,Juan Carvajal,,F,77,7.5,True,0,1,1,0,18,15%,0,0,0,5,4,0,2,0,0,0.15,True,0.0,1.168831168831169,1.168831168831169,0.0,4.675324675324676,0.0,2024
match:2024-03-17:visitante:envigado,2024-03-17_Visitante_Envigado.json,2024-03-17,Primera A,Envigado,Visitante,1 - 1,Juan Pablo Vargas,,D,90,6.6,True,0,0,1,0,55,45%,1,0,0,6,3,0,0,0,0,0.45,True,0.0,0.0,1.0,0.0,3.0,0.0,2024
match:2024-03-17:visitante:envigado,2024-03-17_Visitante_Envigado.json,2024-03-17,Primera A,Envigado,Visitante,1 - 1,Juan Pereira,,M,77,6.6,True,0,0,0,0,39,35%,1,2,0,6,3,0,0,0,0,0.35,True,0.0,0.0,0.0,0.0,3.5064935064935066,0.0,2024
match:2024-03-17:visitante:envigado,2024-03-17_Visitante_Envigado.json,2024-03-17,Primera A,Envigado,Visitante,1 - 1,Larry Vásquez,,M,90,7.2,True,0,0,2,1,43,38%,1,1,0,7,3,3,1,0,0,0.38,True,0.0,0.0,2.0,1.0,3.0,3.0,2024
match:2024-03-17:visitante:envigado,2024-03-17_Visitante_Envigado.json,2024-03-17,Primera A,Envigado,Visitante,1 - 1,Ramiro Brochero,,F,13,6.3,False,0,0,1,0,2,2%,0,0,0,3,1,0,1,0,0,0.02,True,0.0,0.0,6.923076923076923,0.0,6.923076923076923,0.0,2024
match:2024-03-17:visitante:envigado,2024-03-17_Visitante_Envigado.json,2024-03-17,Primera A,Envigado,Visitante,1 - 1,Sander Navarro,,F,18,6.3,False,0,0,0,0,9,7%,0,0,0,0,0,0,0,0,0,0.07,True,0.0,0.0,0.0,0.0,0.0,0.0,2024
match:2024-03-17:visitante:envigado,2024-03-17_Visitante_Envigado.json,2024-03-17,Primera A,Envigado,Visitante,1 - 1,Stiven Vega,,M,90,7.3,True,0,0,0,0,50,44%,3,3,1,6,3,1,0,0,0,0.44,True,0.0,0.0,0.0,0.0,3.0,1.0,2024
match:2024-03-17:visitante:envigado,2024-03-17_Visitante_Envigado.json,2024-03-17,Primera A,Envigado,Visitante,1 - 1,Álvaro Montero,,G,90,7.0,True,0,0,0,0,19,16%,0,0,0,0,0,0,0,0,0,0.16,True,0.0,0.0,0.0,0.0,0.0,0.0,2024
match:2024-03-17:visitante:envigado,2024-03-17_Visitante_Envigado.json,2024-03-17,Primera A,Envigado,Visitante,1 - 1,Óscar Vanegas,,D,0,,False,0,0,0,0,0,0%,0,0,0,0,0,0,0,0,0,0.0,False,,,,,,,2024
match:2024-03-23:local:deportivo_cali,2024-03-23_Local_Deportivo_Cali.json,2024-03-23,Primera A,Deportivo Cali,Local,1 - 1,Alex Moreno,,D,0,,False,0,0,0,0,0,0%,0,0,0,0,0,0,0,0,0,0.0,False,,,,,,,2024
match:2024-03-23:local:deportivo_cali,2024-03-23_Local_Deportivo_Cali.json,2024-03-23,Primera A,Deportivo Cali,Local,1 - 1,Andrés Llinás,,D,98,6.6,True,0,0,1,0,56,48%,1,0,0,9,4,1,0,1,0,0.48,True,0.0,0.0,0.9183673469387754,0.0,3.6734693877551017,0.9183673469387754,2024
match:2024-03-23:local:deportivo_cali,2024-03-23_Local_Deportivo_Cali.json,2024-03-23,Primera A,Deportivo Cali,Local,1 - 1,Camilo Andrés Romero Jiménez,,G,0,,False,0,0,0,0,0,0%,0,0,0,0,0,0,0,0,0,0.0,False,,,,,,,2024
match:2024-03-23:local:deportivo_cali,2024-03-23_Local_Deportivo_Cali.json,2024-03-23,Primera A,Deportivo Cali,Local,1 - 1,Daniel Cataño,,M,80,7.9,True,1,0,2,1,47,35%,4,0,0,11,7,1,2,0,0,0.35,True,1.125,0.0,2.25,1.125,7.874999999999999,1.125,2024
match:2024-03-23:local:deportivo_cali,2024-03-23_Local_Deportivo_Cali.json,2024-03-23,Primera A,Deportivo Cali,Local,1 - 1,Daniel Giraldo,,M,0,,False,0,0,0,0,0,0%,0,0,0,0,0,0,0,0,0,0.0,False,,,,,,,2024
match:2024-03-23:local:deportivo_cali,2024-03-23_Local_Deportivo_Cali.json,2024-03-23,Primera A,Deportivo Cali,Local,1 - 1,Daniel Ruiz,,F,53,6.9,False,0,0,0,0,33,30%,2,0,0,6,2,0,0,0,0,0.3,True,0.0,0.0,0.0,0.0,3.3962264150943393,0.0,2024
match:2024-03-23:local:deportivo_cali,2024-03-23_Local_Deportivo_Cali.json,2024-03-23,Primera A,Deportivo Cali,Local,1 - 1,David Macalister Silva,,M,98,7.2,True,0,0,1,1,60,53%,0,0,0,7,3,0,2,0,0,0.53,True,0.0,0.0,0.9183673469387754,0.9183673469387754,2.7551020408163263,0.0,2024
match:2024-03-23:local:deportivo_cali,2024-03-23_Local_Deportivo_Cali.json,2024-03-23,Primera A,Deportivo Cali,Local,1 - 1,Delvin Alfonzo,,D,89,6.6,True,0,0,1,0,46,37%,1,1,1,7,2,2,0,0,0,0.37,True,0.0,0.0,1.0112359550561798,0.0,2.0224719101123596,2.0224719101123596,2024
match:2024-03-23:local:deportivo_cali,2024-03-23_Local_Deportivo_Cali.json,2024-03-23,Primera A,Deportivo Cali,Local,1 - 1,Diego Novoa,,G,98,7.6,True,0,0,0,0,19,15%,0,0,0,0,0,0,0,0,0,0.15,True,0.0,0.0,0.0,0.0,0.0,0.0,2024
match:2024-03-23:local:deportivo_cali,2024-03-23_Local_Deportivo_Cali.json,2024-03-23,Primera A,Deportivo Cali,Local,1 - 1,Emerson Rodríguez,,M,45,6.3,True,0,0,1,1,19,16%,1,0,0,5,2,1,0,0,0,0.16,True,0.0,0.0,2.0,2.0,4.0,2.0,2024
match:2024-03-23:local:deportivo_cali,2024-03-23_Local_Deportivo_Cali.json,2024-03-23,Primera A,Deportivo Cali,Local,1 - 1,Jhoan Hernandez,,D,98,7.0,True,0,0,0,0,54,40%,1,2,0,9,5,2,0,0,0,0.4,True,0.0,0.0,0.0,0.0,4.591836734693878,1.8367346938775508,2024
match:2024-03-23:local:deportivo_cali,2024-03-23_Local_Deportivo_Cali.json,2024-03-23,Primera A,Deportivo Cali,Local,1 - 1,Jorge Arias,,D,98,7.5,True,0,0,1,1,72,61%,5,0,0,8,7,0,0,0,0,0.61,True,0.0,0.0,0.9183673469387754,0.9183673469387754,6.428571428571428,0.0,2024
match:2024-03-23:local:deportivo_cali,2024-03-23_Local_Deportivo_Cali.json,2024-03-23,Primera A,Deportivo Cali,Local,1 - 1,Juan Pereira,,M,73,7.6,True,0,1,2,0,52,48%,0,2,0,6,3,0,0,0,0,0.48,True,0.0,1.2328767123287672,2.4657534246575343,0.0,3.698630136986301,0.0,2024
match:2024-03-23:local:deportivo_cali,2024-03-23_Local_Deportivo_Cali.json,2024-03-23,Primera A,Deportivo Cali,Local,1 - 1,Ramiro Brochero,,F,9,6.3,False,0,0,0,0,0,0%,0,0,0,0,0,0,0,0,0,0.0,True,0.0,0.0,0.0,0.0,0.0,0.0,2024
match:2024-03-23:local:deportivo_cali,2024-03-23_Local_Deportivo_Cali.json,2024-03-23,Primera A,Deportivo Cali,Local,1 - 1,Sander Navarro,,F,18,6.3,False,0,0,0,0,9,7%,0,0,0,0,0,0,0,0,0,0.07,True,0.0,0.0,0.0,0.0,0.0,0.0,2024
match:2024-03-23:local:deportivo_cali,2024-03-23_Local_Deportivo_Cali.json,2024-03-23,Primera A,Deportivo Cali,Local,1 - 1,Santiago Giordana,,F,98,7.0,True,0,0,1,0,6,3%,0,0,0,8,4,1,2,1,0,0.03,True,0.0,0.0,0.9183673469387754,0.0,3.6734693877551017,0.9183673469387754,2024
match:2024-03-23:local:deportivo_cali,2024-03-23_Local_Deportivo_Cali.json,2024-03-23,Primera A,Deportivo Cali,Local,1 - 1,Stiven Vega,,M,98,7.3,True,0,0,0,0,80,76%,0,1,0,2,2,0,0,0,0,0.76,True,0.0,0.0,0.0,0.0,1.8367346938775508,0.0,2024
match:2024-03-23:local:deportivo_cali,2024-03-23_Local_Deportivo_Cali.json,2024-03-23,Primera A,Deportivo Cali,Local,1 - 1,Yuber Quiñones,,F,25,6.6,False,0,0,2,1,9,5%,0,0,0,3,1,1,1,1,0,0.05,True,0.0,0.0,7.2,3.6,3.6,3.6,2024
match:2024-03-28:local:santa_fe,2024-03-28_Local_Santa_Fe.json,2024-03-28,Primera A,Santa Fe,Local,3 - 1,Alex Moreno,,D,90,6.6,True,0,0,0,0,22,19%,0,0,0,7,4,1,0,0,0,0.19,True,0.0,0.0,0.0,0.0,4.0,1.0,2024
match:2024-03-28:local:santa_fe,2024-03-28_Local_Santa_Fe.json,2024-03-28,Primera A,Santa Fe,Local,3 - 1,Camilo Andrés Romero Jiménez,,G,0,,False,0,0,0,0,0,0%,0,0,0,0,0,0,0,0,0,0.0,False,,,,,,,2024
match:2024-03-28:local:santa_fe,2024-03-28_Local_Santa_Fe.json,2024-03-28,Primera A,Santa Fe,Local,3 - 1,Daniel Cataño,,M,79,7.2,True,1,0,1,1,24,20%,0,0,0,12,5,1,5,1,0,0.2,True,1.139240506329114,0.0,1.139240506329114,1.139240506329114,5.69620253164557,1.139240506329114,2024
match:2024-03-28:local:santa_fe,2024-03-28_Local_Santa_Fe.json,2024-03-28,Primera A,Santa Fe,Local,3 - 1,Daniel Giraldo,,M,80,6.6,True,0,0,0,0,30,23%,0,3,0,4,2,1,2,1,0,0.23,True,0.0,0.0,0.0,0.0,2.25,1.125,2024
match:2024-03-28:local:santa_fe,2024-03-28_Local_Santa_Fe.json,2024-03-28,Primera A,Santa Fe,Local,3 - 1,Daniel Ruiz,,F,62,7.3,False,0,1,0,0,15,10%,2,1,0,8,4,2,0,0,0,0.1,True,0.0,1.4516129032258065,0.0,0.0,5.806451612903226,2.903225806451613,2024
match:2024-03-28:local:santa_fe,2024-03-28_Local_Santa_Fe.json,2024-03-28,Primera A,Santa Fe,Local,3 - 1,David Macalister Silva,,M,90,6.9,True,0,0,1,0,31,24%,0,0,0,9,5,0,3,0,0,0.24,True,0.0,0.0,1.0,0.0,5.0,0.0,2024
match:2024-03-28:local:santa_fe,2024-03-28_Local_Santa_Fe.json,2024-03-28,Primera A,Santa Fe,Local,3 - 1,Delvin Alfonzo,,D,90,6.9,True,0,0,0,0,25,21%,2,1,1,8,3,2,0,0,0,0.21,True,0.0,0.0,0.0,0.0,3.0,2.0,2024
match:2024-03-28:local:santa_fe,2024-03-28_Local_Santa_Fe.json,2024-03-28,Primera A,Santa Fe,Local,3 - 1,Diego Novoa,,G,90,6.5,True,0,0,0,0,26,11%,0,0,0,2,1,1,0,0,0,0.11,True,0.0,0.0,0.0,0.0,1.0,1.0,2024
match:2024-03-28:local:santa_fe,2024-03-28_Local_Santa_Fe.json,2024-03-28,Primera A,Santa Fe,Local,3 - 1,Emerson Rodríguez,,F,0,,False,0,0,0,0,0,0%,0,0,0,0,0,0,0,0,0,0.0,False,,,,,,,2024
match:2024-03-28:local:santa_fe,2024-03-28_Local_Santa_Fe.json,2024-03-28,Primera A,Santa Fe,Local,3 - 1,Jhoan Hernandez,,D,90,7.6,True,0,1,1,1,31,23%,0,0,0,9,5,0,2,0,0,0.23,True,0.0,1.0,1.0,1.0,5.0,0.0,2024
match:2024-03-28:local:santa_fe,2024-03-28_Local_Santa_Fe.json,2024-03-28,Primera A,Santa Fe,Local,3 - 1,Jorge Arias,,D,28,6.6,True,0,0,1,0,11,10%,0,1,0,0,0,0,0,0,0,0.1,True,0.0,0.0,3.214285714285714,0.0,0.0,0.0,2024
match:2024-03-28:local:santa_fe,2024-03-28_Local_Santa_Fe.json,2024-03-28,Primera A,Santa Fe,Local,3 - 1,Juan Carvajal,,F,23,6.3,False,0,0,0,0,3,2%,0,0,0,1,0,1,0,0,0,0.02,True,0.0,0.0,0.0,0.0,0.0,3.9130434782608696,2024
match:2024-03-28:local:santa_fe,2024-03-28_Local_Santa_Fe.json,2024-03-28,Primera A,Santa Fe,Local,3 - 1,Juan Pereira,,M,10,6.6,False,0,0,0,0,5,4%,1,0,0,2,1,0,0,0,0,0.04,True,0.0,0.0,0.0,0.0,9.0,0.0,2024
match:2024-03-28:local:santa_fe,2024-03-28_Local_Santa_Fe.json,2024-03-28,Primera A,Santa Fe,Local,3 - 1,Larry Vásquez,,M,90,7.0,True,0,0,0,0,28,20%,1,1,2,8,5,2,0,0,0,0.2,True,0.0,0.0,0.0,0.0,5.0,2.0,2024
match:2024-03-28:local:santa_fe,2024-03-28_Local_Santa_Fe.json,2024-03-28,Primera A,Santa Fe,Local,3 - 1,Sander Navarro,,F,0,,False,0,0,0,0,0,0%,0,0,0,0,0,0,0,0,0,0.0,False,,,,,,,2024
match:2024-03-28:local:santa_fe,2024-03-28_Local_Santa_Fe.json,2024-03-28,Primera A,Santa Fe,Local,3 - 1,Santiago Giordana,,F,67,7.2,True,1,0,1,1,7,2%,0,0,0,5,1,1,0,0,0,0.02,True,1.3432835820895521,0.0,1.3432835820895521,1.3432835820895521,1.3432835820895521,1.3432835820895521,2024
match:2024-03-28:local:santa_fe,2024-03-28_Local_Santa_Fe.json,2024-03-28,Primera A,Santa Fe,Local,3 - 1,Stiven Vega,,D,11,6.9,False,0,0,0,0,5,4%,0,0,0,1,1,0,0,0,0,0.04,True,0.0,0.0,0.0,0.0,8.181818181818182,0.0,2024
match:2024-03-28:local:santa_fe,2024-03-28_Local_Santa_Fe.json,2024-03-28,Primera A,Santa Fe,Local,3 - 1,Óscar Vanegas,,D,90,6.5,True,0,0,0,0,24,15%,0,1,0,2,1,1,0,1,0,0.15,True,0.0,0.0,0.0,0.0,1.0,1.0,2024
match:2024-03-31:visitante:fortaleza_fc,2024-03-31_Visitante_Fortaleza_FC.json,2024-03-31,Primera A,Fortaleza FC,Visitante,1 - 2,Beckham Castro,,M,90,6.3,True,0,0,3,1,13,10%,1,0,0,6,4,0,2,0,0,0.1,True,0.0,0.0,3.0,1.0,4.0,0.0,2024
match:2024-03-31:visitante:fortaleza_fc,2024-03-31_Visitante_Fortaleza_FC.json,2024-03-31,Primera A,Fortaleza FC,Visitante,1 - 2,Camilo Andrés Romero Jiménez,,G,0,,False,0,0,0,0,0,0%,0,0,0,0,0,0,0,0,0,0.0,False,,,,,,,2024
match:2024-03-31:visitante:fortaleza_fc,2024-03-31_Visitante_Fortaleza_FC.json,2024-03-31,Primera A,Fortaleza FC,Visitante,1 - 2,Daniel Ruiz,,M,77,7.5,True,0,1,2,0,28,18%,0,0,0,11,7,1,4,0,0,0.18,True,0.0,1.168831168831169,2.337662337662338,0.0,8.181818181818182,1.168831168831169,2024
match:2024-03-31:visitante:fortaleza_fc,2024-03-31_Visitante_Fortaleza_FC.json,2024-03-31,Primera A,Fortaleza FC,Visitante,1 - 2,Dewar Victoria,,M,1,,False,0,0,0,0,0,0%,0,0,0,1,0,0,0,0,0,0.0,True,0.0,0.0,0.0,0.0,0.0,0.0,2024
match:2024-03-31:visitante:fortaleza_fc,2024-03-31_Visitante_Fortaleza_FC.json,2024-03-31,Primera A,Fortaleza FC,Visitante,1 - 2,Emerson Rodríguez,,M,83,8.0,True,1,0,1,1,22,19%,0,0,0,7,4,1,0,0,0,0.19,True,1.0843373493975905,0.0,1.0843373493975905,1.0843373493975905,4.337349397590362,1.0843373493975905,2024
match:2024-03-31:visitante:fortaleza_fc,2024-03-31_Visitante_Fortaleza_FC.json,2024-03-31,Primera A,Fortaleza FC,Visitante,1 - 2,Jhon Largacha,,M,8,6.7,False,0,0,0,0,0,0%,1,0,0,2,1,0,0,0,0,0.0,True,0.0,0.0,0.0,0.0,11.25,0.0,2024
match:2024-03-31:visitante:fortaleza_fc,2024-03-31_Visitante_Fortaleza_FC.json,2024-03-31,Primera A,Fortaleza FC,Visitante,1 - 2,Juan Carvajal,,F,82,7.0,True,0,0,1,1,4,3%,2,0,0,16,9,3,3,0,0,0.03,True,0.0,0.0,1.0975609756097562,1.0975609756097562,9.878048780487806,3.292682926829268,2024
match:2024-03-31:visitante:fortaleza_fc,2024-03-31_Visitante_Fortaleza_FC.json,2024-03-31,Primera A,Fortaleza FC,Visitante,1 - 2,Juan Pablo Vargas,,D,90,8.0,True,1,0,1,1,37,27%,2,1,3,8,6,1,0,0,0,0.27,True,1.0,0.0,1.0,1.0,6.0,1.0,2024
match:2024-03-31:visitante:fortaleza_fc,2024-03-31_Visitante_Fortaleza_FC.json,2024-03-31,Primera A,Fortaleza FC,Visitante,1 - 2,Juan Pereira,,M,90,6.5,True,0,0,0,0,35,24%,1,1,0,7,4,0,2,1,0,0.24,True,0.0,0.0,0.0,0.0,4.0,0.0,2024
match:2024-03-31:visitante:fortaleza_fc,2024-03-31_Visitante_Fortaleza_FC.json,2024-03-31,Primera A,Fortaleza FC,Visitante,1 - 2,Neyser Villareal,,M,0,,False,0,0,0,0,0,0%,0,0,0,0,0,0,0,0,0,0.0,False,,,,,,,2024
match:2024-03-31:visitante:fortaleza_fc,2024-03-31_Visitante_Fortaleza_FC.json,2024-03-31,Primera A,Fortaleza FC,Visitante,1 - 2,Nicolas Arevalo,,M,13,6.6,False,0,0,0,0,6,2%,1,1,0,2,1,0,0,0,0,0.02,True,0.0,0.0,0.0,0.0,6.923076923076923,0.0,2024
match:2024-03-31:visitante:fortaleza_fc,2024-03-31_Visitante_Fortaleza_FC.json,2024-03-31,Primera A,Fortaleza FC,Visitante,1 - 2,Ramiro Brochero,,F,6,,False,0,0,0,0,0,0%,0,0,0,1,0,1,0,0,0,0.0,True,0.0,0.0,0.0,0.0,0.0,15.0,2024
match:2024-03-31:visitante:fortaleza_fc,2024-03-31_Visitante_Fortaleza_FC.json,2024-03-31,Primera A,Fortaleza FC,Visitante,1 - 2,Ricardo Rosales,,F,1,,False,0,0,0,0,0,0%,0,0,0,0,0,0,0,0,0,0.0,True,0.0,0.0,0.0,0.0,0.0,0.0,2024
match:2024-03-31:visitante:fortaleza_fc,2024-03-31_Visitante_Fortaleza_FC.json,2024-03-31,Primera A,Fortaleza FC,Visitante,1 - 2,Sander Navarro,,D,89,6.7,True,0,1,0,0,29,21%,2,0,0,10,2,5,0,0,0,0.21,True,0.0,1.0112359550561798,0.0,0.0,2.0224719101123596,5.056179775280898,2024
match:2024-03-31:visitante:fortaleza_fc,2024-03-31_Visitante_Fortaleza_FC.json,2024-03-31,Primera A,Fortaleza FC,Visitante,1 - 2,Stiven Vega,,M,90,6.9,True,0,0,0,0,36,33%,2,3,0,7,3,0,1,0,0,0.33,True,0.0,0.0,0.0,0.0,3.0,0.0,2024
match:2024-03-31:visitante:fortaleza_fc,2024-03-31_Visitante_Fortaleza_FC.json,2024-03-31,Primera A,Fortaleza FC,Visitante,1 - 2,Yuber Quiñones,,D,90,7.0,True,0,0,0,0,29,22%,3,4,0,10,6,1,1,0,0,0.22,True,0.0,0.0,0.0,0.0,6.0,1.0,2024
match:2024-03-31:visitante:fortaleza_fc,2024-03-31_Visitante_Fortaleza_FC.json,2024-03-31,Primera A,Fortaleza FC,Visitante,1 - 2,Álvaro Montero,,G,90,7.7,True,0,0,0,0,36,20%,0,0,0,1,1,0,1,0,0,0.2,True,0.0,0.0,0.0,0.0,1.0,0.0,2024
match:2024-03-31:visitante:fortaleza_fc,2024-03-31_Visitante_Fortaleza_FC.json,2024-03-31,Primera A,Fortaleza FC,Visitante,1 - 2,Óscar Vanegas,,D,90,6.3,True,0,0,1,0,22,18%,1,0,1,2,2,1,0,0,0,0.18,True,0.0,0.0,1.0,0.0,2.0,1.0,2024
match:2024-04-02:local:flamengo,2024-04-02_Local_Flamengo.json,2024-04-02,CONMEBOL Libertadores,Flamengo,Local,1 - 1,Alex Moreno,,D,96,7.0,True,0,0,0,0,38,32%,4,3,0,7,5,1,0,0,0,0.32,True,0.0,0.0,0.0,0.0,4.6875,0.9375,2024
match:2024-04-02:local:flamengo,2024-04-02_Local_Flamengo.json,2024-04-02,CONMEBOL Libertadores,Flamengo,Local,1 - 1,Beckham Castro,,F,1,,False,0,0,0,0,0,0%,0,0,0,0,0,0,0,0,0,0.0,True,0.0,0.0,0.0,0.0,0.0,0.0,2024
match:2024-04-02:local:flamengo,2024-04-02_Local_Flamengo.json,2024-04-02,CONMEBOL Libertadores,Flamengo,Local,1 - 1,Daniel Cataño,,M,79,7.2,True,0,0,3,0,38,29%,3,1,0,13,7,1,1,0,0,0.29,True,0.0,0.0,3.4177215189873418,0.0,7.974683544303797,1.139240506329114,2024
match:2024-04-02:local:flamengo,2024-04-02_Local_Flamengo.json,2024-04-02,CONMEBOL Libertadores,Flamengo,Local,1 - 1,Daniel Giraldo,,M,96,6.9,True,0,0,0,0,49,47%,1,1,1,5,1,3,0,0,0,0.47,True,0.0,0.0,0.0,0.0,0.9375,2.8125,2024
match:2024-04-02:local:flamengo,2024-04-02_Local_Flamengo.json,2024-04-02,CONMEBOL Libertadores,Flamengo,Local,1 - 1,Daniel Ruiz,,F,17,7.2,False,1,0,1,1,4,2%,0,0,0,3,2,0,2,0,0,0.02,True,5.294117647058823,0.0,5.294117647058823,5.294117647058823,10.588235294117647,0.0,2024
match:2024-04-02:local:flamengo,2024-04-02_Local_Flamengo.json,2024-04-02,CONMEBOL Libertadores,Flamengo,Local,1 - 1,David Macalister Silva,,M,95,7.5,True,0,0,0,0,49,39%,1,0,0,9,6,0,1,0,0,0.39,True,0.0,0.0,0.0,0.0,5.684210526315789,0.0,2024
match:2024-04-02:local:flamengo,2024-04-02_Local_Flamengo.json,2024-04-02,CONMEBOL Libertadores,Flamengo,Local,1 - 1,Delvin Alfonzo,,D,96,7.3,True,0,0,0,0,29,22%,1,1,1,9,5,2,0,0,0,0.22,True,0.0,0.0,0.0,0.0,4.6875,1.875,2024
match:2024-04-02:local:flamengo,2024-04-02_Local_Flamengo.json,2024-04-02,CONMEBOL Libertadores,Flamengo,Local,1 - 1,Diego Novoa,,G,0,,False,0,0,0,0,0,0%,0,0,0,0,0,0,0,0,0,0.0,False,,,,,,,2024
match:2024-04-02:local:flamengo,2024-04-02_Local_Flamengo.json,2024-04-02,CONMEBOL Libertadores,Flamengo,Local,1 - 1,Emerson Rodríguez,,M,18,7.0,False,0,1,0,0,2,1%,0,0,0,4,1,0,0,0,0,1.0,True,0.0,5.0,0.0,0.0,5.0,0.0,2024
match:2024-04-02:local:flamengo,2024-04-02_Local_Flamengo.json,2024-04-02,CONMEBOL Libertadores,Flamengo,Local,1 - 1,Jhoan Hernandez,,D,96,6.9,True,0,0,0,0,34,28%,1,1,0,8,5,2,1,0,0,0.28,True,0.0,0.0,0.0,0.0,4.6875,1.875,2024
match:2024-04-02:local:flamengo,2024-04-02_Local_Flamengo.json,2024-04-02,CONMEBOL Libertadores,Flamengo,Local,1 - 1,Jhon Largacha,,M,0,,False,0,0,0,0,0,0%,0,0,0,0,0,0,0,0,0,0.0,False,,,,,,,2024
match:2024-04-02:local:flamengo,2024-04-02_Local_Flamengo.json,2024-04-02,CONMEBOL Libertadores,Flamengo,Local,1 - 1,Juan Carvajal,,F,0,,False,0,0,0,0,0,0%,0,0,0,0,0,0,0,0,0,0.0,False,,,,,,,2024
match:2024-04-02:local:flamengo,2024-04-02_Local_Flamengo.json,2024-04-02,CONMEBOL Libertadores,Flamengo,Local,1 - 1,Juan Pablo Vargas,,D,96,7.2,True,0,0,0,0,36,30%,3,3,0,9,8,0,1,0,0,0.3,True,0.0,0.0,0.0,0.0,7.5,0.0,2024
match:2024-04-02:local:flamengo,2024-04-02_Local_Flamengo.json,2024-04-02,CONMEBOL Libertadores,Flamengo,Local,1 - 1,Juan Pereira,,M,6,,False,0,0,0,0,1,1%,0,0,0,0,0,0,0,0,0,1.0,True,0.0,0.0,0.0,0.0,0.0,0.0,2024
match:2024-04-02:local:flamengo,2024-04-02_Local_Flamengo.json,2024-04-02,CONMEBOL Libertadores,Flamengo,Local,1 - 1,Larry Vásquez,,M,61,5.3,True,0,0,1,0,48,40%,1,1,0,6,2,1,0,0,1,0.4,True,0.0,0.0,1.4754098360655739,0.0,2.9508196721311477,1.4754098360655739,2024
match:2024-04-02:local:flamengo,2024-04-02_Local_Flamengo.json,2024-04-02,CONMEBOL Libertadores,Flamengo,Local,1 - 1,Leonardo Castro,,F,90,6.5,True,0,0,5,0,13,8%,0,1,0,10,3,2,0,1,0,0.08,True,0.0,0.0,5.0,0.0,3.0,2.0,2024
match:2024-04-02:local:flamengo,2024-04-02_Local_Flamengo.json,2024-04-02,CONMEBOL Libertadores,Flamengo,Local,1 - 1,Nicolas Arevalo,,M,0,,False,0,0,0,0,0,0%,0,0,0,0,0,0,0,0,0,0.0,False,,,,,,,2024
match:2024-04-02:local:flamengo,2024-04-02_Local_Flamengo.json,2024-04-02,CONMEBOL Libertadores,Flamengo,Local,1 - 1,Sander Navarro,,F,0,,False,0,0,0,0,0,0%,0,0,0,0,0,0,0,0,0,0.0,False,,,,,,,2024
match:2024-04-02:local:flamengo,2024-04-02_Local_Flamengo.json,2024-04-02,CONMEBOL Libertadores,Flamengo,Local,1 - 1,Santiago Giordana,,F,78,7.2,True,0,0,1,1,11,8%,0,0,0,6,3,0,1,0,0,0.08,True,0.0,0.0,1.1538461538461537,1.1538461538461537,3.4615384615384617,0.0,2024
match:2024-04-02:local:flamengo,2024-04-02_Local_Flamengo.json,2024-04-02,CONMEBOL Libertadores,Flamengo,Local,1 - 1,Stiven Vega,,D,0,,False,0,0,0,0,0,0%,0,0,0,0,0,0,0,0,0,0.0,False,,,,,,,2024
match:2024-04-02:local:flamengo,2024-04-02_Local_Flamengo.json,2024-04-02,CONMEBOL Libertadores,Flamengo,Local,1 - 1,Yuber Quiñones,,F,0,,False,0,0,0,0,0,0%,0,0,0,0,0,0,0,0,0,0.0,False,,,,,,,2024
match:2024-04-02:local:flamengo,2024-04-02_Local_Flamengo.json,2024-04-02,CONMEBOL Libertadores,Flamengo,Local,1 - 1,Álvaro Montero,,G,96,6.9,True,0,0,0,0,29,19%,0,0,0,0,0,0,0,0,0,0.19,True,0.0,0.0,0.0,0.0,0.0,0.0,2024
match:2024-04-02:local:flamengo,2024-04-02_Local_Flamengo.json,2024-04-02,CONMEBOL Libertadores,Flamengo,Local,1 - 1,Óscar Vanegas,,D,0,,False,0,0,0,0,0,0%,0,0,0,0,0,0,0,0,0,0.0,False,,,,,,,2024
match:2024-04-11:visitante:bolívar,2024-04-11_Visitante_Bolívar.json,2024-04-11,CONMEBOL Libertadores,Bolívar,Visitante,3 - 2,Alex Moreno,,D,98,6.2,True,0,0,0,0,42,37%,0,0,1,10,2,2,0,0,0,0.37,True,0.0,0.0,0.0,0.0,1.8367346938775508,1.8367346938775508,2024
match:2024-04-11:visitante:bolívar,2024-04-11_Visitante_Bolívar.json,2024-04-11,CONMEBOL Libertadores,Bolívar,Visitante,3 - 2,Beckham Castro,,F,16,6.3,False,0,0,0,0,1,1%,0,0,0,0,0,0,0,0,0,1.0,True,0.0,0.0,0.0,0.0,0.0,0.0,2024
match:2024-04-11:visitante:bolívar,2024-04-11_Visitante_Bolívar.json,2024-04-11,CONMEBOL Libertadores,Bolívar,Visitante,3 - 2,Camilo Andrés Romero Jiménez,,G,0,,False,0,0,0,0,0,0%,0,0,0,0,0,0,0,0,0,0.0,False,,,,,,,2024
match:2024-04-11:visitante:bolívar,2024-04-11_Visitante_Bolívar.json,2024-04-11,CONMEBOL Libertadores,Bolívar,Visitante,3 - 2,Daniel Cataño,,M,98,7.2,True,0,0,0,0,42,33%,2,0,0,15,8,2,1,0,0,0.33,True,0.0,0.0,0.0,0.0,7.346938775510203,1.8367346938775508,2024
match:2024-04-11:visitante:bolívar,2024-04-11_Visitante_Bolívar.json,2024-04-11,CONMEBOL Libertadores,Bolívar,Visitante,3 - 2,Daniel Giraldo,,M,45,6.2,True,0,0,0,0,24,21%,2,0,0,6,2,0,0,0,0,0.21,True,0.0,0.0,0.0,0.0,4.0,0.0,2024
match:2024-04-11:visitante:bolívar,2024-04-11_Visitante_Bolívar.json,2024-04-11,CONMEBOL Libertadores,Bolívar,Visitante,3 - 2,Daniel Ruiz,,M,92,7.2,True,0,1,3,3,45,34%,1,0,0,9,4,0,2,0,0,0.34,True,0.0,0.9782608695652174,2.934782608695652,2.934782608695652,3.9130434782608696,0.0,2024
match:2024-04-11:visitante:bolívar,2024-04-11_Visitante_Bolívar.json,2024-04-11,CONMEBOL Libertadores,Bolívar,Visitante,3 - 2,Delvin Alfonzo,,D,90,6.0,True,0,0,0,0,29,17%,4,3,0,15,6,3,1,0,1,0.17,True,0.0,0.0,0.0,0.0,6.0,3.0,2024
match:2024-04-11:visitante:bolívar,2024-04-11_Visitante_Bolívar.json,2024-04-11,CONMEBOL Libertadores,Bolívar,Visitante,3 - 2,Dewar Victoria,,M,0,,False,0,0,0,0,0,0%,0,0,0,0,0,0,0,0,0,0.0,False,,,,,,,2024
match:2024-04-11:visitante:bolívar,2024-04-11_Visitante_Bolívar.json,2024-04-11,CONMEBOL Libertadores,Bolívar,Visitante,3 - 2,Diego Novoa,,G,0,,False,0,0,0,0,0,0%,0,0,0,0,0,0,0,0,0,0.0,False,,,,,,,2024
match:2024-04-11:visitante:bolívar,2024-04-11_Visitante_Bolívar.json,2024-04-11,CONMEBOL Libertadores,Bolívar,Visitante,3 - 2,Emerson Rodríguez,,M,45,6.9,True,0,0,1,0,5,3%,0,1,0,3,1,0,0,0,0,0.03,True,0.0,0.0,2.0,0.0,2.0,0.0,2024
match:2024-04-11:visitante:bolívar,2024-04-11_Visitante_Bolívar.json,2024-04-11,CONMEBOL Libertadores,Bolívar,Visitante,3 - 2,Jhoan Hernandez,,D,98,6.6,True,0,0,1,1,26,19%,1,1,0,3,2,1,0,0,0,0.19,True,0.0,0.0,0.9183673469387754,0.9183673469387754,1.8367346938775508,0.9183673469387754,2024
match:2024-04-11:visitante:bolívar,2024-04-11_Visitante_Bolívar.json,2024-04-11,CONMEBOL Libertadores,Bolívar,Visitante,3 - 2,Jhon Largacha,,M,0,,False,0,0,0,0,0,0%,0,0,0,0,0,0,0,0,0,0.0,False,,,,,,,2024
match:2024-04-11:visitante:bolívar,2024-04-11_Visitante_Bolívar.json,2024-04-11,CONMEBOL Libertadores,Bolívar,Visitante,3 - 2,Juan Carvajal,,F,0,,False,0,0,0,0,0,0%,0,0,0,0,0,0,0,0,0,0.0,False,,,,,,,2024
match:2024-04-11:visitante:bolívar,2024-04-11_Visitante_Bolívar.json,2024-04-11,CONMEBOL Libertadores,Bolívar,Visitante,3 - 2,Juan Pablo Vargas,,D,98,6.3,True,0,0,0,0,52,46%,1,1,0,2,1,1,0,1,0,0.46,True,0.0,0.0,0.0,0.0,0.9183673469387754,0.9183673469387754,2024
match:2024-04-11:visitante:bolívar,2024-04-11_Visitante_Bolívar.json,2024-04-11,CONMEBOL Libertadores,Bolívar,Visitante,3 - 2,Juan Pereira,,M,82,6.9,True,0,0,1,0,42,38%,1,3,1,7,4,2,1,0,0,0.38,True,0.0,0.0,1.0975609756097562,0.0,4.390243902439025,2.1951219512195124,2024
match:2024-04-11:visitante:bolívar,2024-04-11_Visitante_Bolívar.json,2024-04-11,CONMEBOL Libertadores,Bolívar,Visitante,3 - 2,Leonardo Castro,,F,98,8.3,True,2,0,5,4,11,6%,2,0,0,7,6,0,2,1,0,0.06,True,1.8367346938775508,0.0,4.591836734693878,3.6734693877551017,5.5102040816326525,0.0,2024
match:2024-04-11:visitante:bolívar,2024-04-11_Visitante_Bolívar.json,2024-04-11,CONMEBOL Libertadores,Bolívar,Visitante,3 - 2,Nicolas Arevalo,,M,0,,False,0,0,0,0,0,0%,0,0,0,0,0,0,0,0,0,0.0,False,,,,,,,2024
match:2024-04-11:visitante:bolívar,2024-04-11_Visitante_Bolívar.json,2024-04-11,CONMEBOL Libertadores,Bolívar,Visitante,3 - 2,Sander Navarro,,F,0,,False,0,0,0,0,0,0%,0,0,0,0,0,0,0,0,0,0.0,False,,,,,,,2024
match:2024-04-11:visitante:bolívar,2024-04-11_Visitante_Bolívar.json,2024-04-11,CONMEBOL Libertadores,Bolívar,Visitante,3 - 2,Santiago Giordana,,F,53,6.3,False,0,0,3,1,5,3%,0,0,0,5,2,1,1,0,0,0.03,True,0.0,0.0,5.09433962264151,1.6981132075471697,3.3962264150943393,1.6981132075471697,2024
match:2024-04-11:visitante:bolívar,2024-04-11_Visitante_Bolívar.json,2024-04-11,CONMEBOL Libertadores,Bolívar,Visitante,3 - 2,Stiven Vega,,D,53,7.3,False,0,0,0,0,38,36%,1,0,0,2,2,1,0,0,0,0.36,True,0.0,0.0,0.0,0.0,3.3962264150943393,1.6981132075471697,2024
match:2024-04-11:visitante:bolívar,2024-04-11_Visitante_Bolívar.json,2024-04-11,CONMEBOL Libertadores,Bolívar,Visitante,3 - 2,Yuber Quiñones,,F,6,,False,0,0,0,0,0,0%,0,0,0,0,0,0,0,0,0,0.0,True,0.0,0.0,0.0,0.0,0.0,0.0,2024
match:2024-04-11:visitante:bolívar,2024-04-11_Visitante_Bolívar.json,2024-04-11,CONMEBOL Libertadores,Bolívar,Visitante,3 - 2,Álvaro Montero,,G,98,6.2,True,0,0,0,0,18,12%,0,0,0,0,0,0,0,0,0,0.12,True,0.0,0.0,0.0,0.0,0.0,0.0,2024
match:2024-04-11:visitante:bolívar,2024-04-11_Visitante_Bolívar.json,2024-04-11,CONMEBOL Libertadores,Bolívar,Visitante,3 - 2,Óscar Vanegas,,D,0,,False,0,0,0,0,0,0%,0,0,0,0,0,0,0,0,0,0.0,False,,,,,,,2024
match:2024-04-15:visitante:deportivo_pasto,2024-04-15_Visitante_Deportivo_Pasto.json,2024-04-15,Primera A,Deportivo Pasto,Visitante,2 - 3,Alex Moreno,,D,0,,False,0,0,0,0,0,0%,0,0,0,0,0,0,0,0,0,0.0,False,,,,,,,2024
match:2024-04-15:visitante:deportivo_pasto,2024-04-15_Visitante_Deportivo_Pasto.json,2024-04-15,Primera A,Deportivo Pasto,Visitante,2 - 3,Andrés Llinás,,D,90,7.0,True,0,1,0,0,22,17%,1,1,2,4,2,1,0,0,0,0.17,True,0.0,1.0,0.0,0.0,2.0,1.0,2024
match:2024-04-15:visitante:deportivo_pasto,2024-04-15_Visitante_Deportivo_Pasto.json,2024-04-15,Primera A,Deportivo Pasto,Visitante,2 - 3,Beckham Castro,,F,10,6.7,False,0,0,0,0,3,2%,0,0,0,2,2,0,2,0,0,0.02,True,0.0,0.0,0.0,0.0,18.0,0.0,2024
match:2024-04-15:visitante:deportivo_pasto,2024-04-15_Visitante_Deportivo_Pasto.json,2024-04-15,Primera A,Deportivo Pasto,Visitante,2 - 3,Daniel Cataño,,M,67,7.3,True,0,1,1,0,22,11%,1,0,0,9,4,2,1,1,0,0.11,True,0.0,1.3432835820895521,1.3432835820895521,0.0,5.3731343283582085,2.6865671641791042,2024
match:2024-04-15:visitante:deportivo_pasto,2024-04-15_Visitante_Deportivo_Pasto.json,2024-04-15,Primera A,Deportivo Pasto,Visitante,2 - 3,Daniel Ruiz,,M,90,7.2,True,0,1,2,1,30,24%,2,0,0,8,6,0,4,0,0,0.24,True,0.0,1.0,2.0,1.0,6.0,0.0,2024
match:2024-04-15:visitante:deportivo_pasto,2024-04-15_Visitante_Deportivo_Pasto.json,2024-04-15,Primera A,Deportivo Pasto,Visitante,2 - 3,Delvin Alfonzo,,D,81,6.2,True,0,0,0,0,22,14%,2,2,0,7,2,2,0,0,0,0.14,True,0.0,0.0,0.0,0.0,2.2222222222222223,2.2222222222222223,2024
match:2024-04-15:visitante:deportivo_pasto,2024-04-15_Visitante_Deportivo_Pasto.json,2024-04-15,Primera A,Deportivo Pasto,Visitante,2 - 3,Diego Novoa,,G,0,,False,0,0,0,0,0,0%,0,0,0,0,0,0,0,0,0,0.0,False,,,,,,,2024
match:2024-04-15:visitante:deportivo_pasto,2024-04-15_Visitante_Deportivo_Pasto.json,2024-04-15,Primera A,Deportivo Pasto,Visitante,2 - 3,Emerson Rodríguez,,M,23,6.5,False,0,0,0,0,7,5%,1,0,0,5,2,0,0,0,0,0.05,True,0.0,0.0,0.0,0.0,7.826086956521739,0.0,2024
match:2024-04-15:visitante:deportivo_pasto,2024-04-15_Visitante_Deportivo_Pasto.json,2024-04-15,Primera A,Deportivo Pasto,Visitante,2 - 3,Jhoan Hernandez,,D,81,6.3,True,0,0,1,1,25,21%,1,1,0,4,1,0,0,1,0,0.21,True,0.0,0.0,1.1111111111111112,1.1111111111111112,1.1111111111111112,0.0,2024
match:2024-04-15:visitante:deportivo_pasto,2024-04-15_Visitante_Deportivo_Pasto.json,2024-04-15,Primera A,Deportivo Pasto,Visitante,2 - 3,Juan Carvajal,,F,9,6.7,False,0,0,0,0,3,2%,0,0,0,1,1,0,0,0,0,0.02,True,0.0,0.0,0.0,0.0,10.0,0.0,2024
match:2024-04-15:visitante:deportivo_pasto,2024-04-15_Visitante_Deportivo_Pasto.json,2024-04-15,Primera A,Deportivo Pasto,Visitante,2 - 3,Juan Pablo Vargas,,D,90,8.9,True,2,0,2,2,38,31%,4,1,0,8,7,0,0,0,0,0.31,True,2.0,0.0,2.0,2.0,7.0,0.0,2024
match:2024-04-15:visitante:deportivo_pasto,2024-04-15_Visitante_Deportivo_Pasto.json,2024-04-15,Primera A,Deportivo Pasto,Visitante,2 - 3,Juan Pereira,,M,30,6.6,False,0,0,1,0,16,12%,1,0,0,3,3,0,0,0,0,0.12,True,0.0,0.0,3.0,0.0,9.0,0.0,2024
match:2024-04-15:visitante:deportivo_pasto,2024-04-15_Visitante_Deportivo_Pasto.json,2024-04-15,Primera A,Deportivo Pasto,Visitante,2 - 3,Larry Vásquez,,M,80,6.7,True,0,0,0,0,40,32%,1,1,0,6,2,0,0,0,0,0.32,True,0.0,0.0,0.0,0.0,2.25,0.0,2024
match:2024-04-15:visitante:deportivo_pasto,2024-04-15_Visitante_Deportivo_Pasto.json,2024-04-15,Primera A,Deportivo Pasto,Visitante,2 - 3,Leonardo Castro,,F,60,7.7,True,1,0,1,1,15,10%,0,0,0,7,3,0,2,0,0,0.1,True,1.5,0.0,1.5,1.5,4.5,0.0,2024
match:2024-04-15:visitante:deportivo_pasto,2024-04-15_Visitante_Deportivo_Pasto.json,2024-04-15,Primera A,Deportivo Pasto,Visitante,2 - 3,Sander Navarro,,F,9,6.6,False,0,0,0,0,2,1%,0,0,0,1,1,0,0,0,0,1.0,True,0.0,0.0,0.0,0.0,10.0,0.0,2024
match:2024-04-15:visitante:deportivo_pasto,2024-04-15_Visitante_Deportivo_Pasto.json,2024-04-15,Primera A,Deportivo Pasto,Visitante,2 - 3,Santiago Giordana,,M,81,6.2,True,0,0,0,0,12,10%,2,0,0,14,6,3,3,0,0,0.1,True,0.0,0.0,0.0,0.0,6.666666666666666,3.333333333333333,2024
match:2024-04-15:visitante:deportivo_pasto,2024-04-15_Visitante_Deportivo_Pasto.json,2024-04-15,Primera A,Deportivo Pasto,Visitante,2 - 3,Stiven Vega,,M,90,6.9,True,0,0,0,0,37,29%,1,2,0,8,4,2,2,0,0,0.29,True,0.0,0.0,0.0,0.0,4.0,2.0,2024
match:2024-04-15:visitante:deportivo_pasto,2024-04-15_Visitante_Deportivo_Pasto.json,2024-04-15,Primera A,Deportivo Pasto,Visitante,2 - 3,Álvaro Montero,,G,90,6.2,True,0,0,0,0,27,11%,0,0,0,0,0,0,0,0,0,0.11,True,0.0,0.0,0.0,0.0,0.0,0.0,2024
match:2024-04-17:local:junior,2024-04-17_Local_Junior.json,2024-04-17,Primera A,Junior,Local,3 - 2,Alex Moreno,,D,23,6.3,False,0,0,0,0,4,2%,0,0,0,2,1,0,0,0,0,0.02,True,0.0,0.0,0.0,0.0,3.9130434782608696,0.0,2024
match:2024-04-17:local:junior,2024-04-17_Local_Junior.json,2024-04-17,Primera A,Junior,Local,3 - 2,Andrés Llinás,,D,102,6.3,True,0,0,0,0,24,18%,0,0,0,2,1,0,1,0,0,0.18,True,0.0,0.0,0.0,0.0,0.8823529411764706,0.0,2024
match:2024-04-17:local:junior,2024-04-17_Local_Junior.json,2024-04-17,Primera A,Junior,Local,3 - 2,Beckham Castro,,F,0,,False,0,0,0,0,0,0%,0,0,0,0,0,0,0,0,0,0.0,False,,,,,,,2024
match:2024-04-17:local:junior,2024-04-17_Local_Junior.json,2024-04-17,Primera A,Junior,Local,3 - 2,Daniel Cataño,,M,79,7.2,True,0,1,2,2,33,29%,0,0,0,7,3,2,3,1,0,0.29,True,0.0,1.139240506329114,2.278481012658228,2.278481012658228,3.4177215189873418,2.278481012658228,2024
match:2024-04-17:local:junior,2024-04-17_Local_Junior.json,2024-04-17,Primera A,Junior,Local,3 - 2,Daniel Giraldo,,M,57,6.5,False,0,0,0,0,11,9%,0,0,1,2,0,2,0,0,0,0.09,True,0.0,0.0,0.0,0.0,0.0,3.1578947368421053,2024
match:2024-04-17:local:junior,2024-04-17_Local_Junior.json,2024-04-17,Primera A,Junior,Local,3 - 2,Daniel Ruiz,,M,96,7.2,True,0,1,1,1,30,24%,2,1,0,10,2,0,0,0,0,0.24,True,0.0,0.9375,0.9375,0.9375,1.875,0.0,2024
match:2024-04-17:local:junior,2024-04-17_Local_Junior.json,2024-04-17,Primera A,Junior,Local,3 - 2,David Macalister Silva,,M,45,7.0,True,0,0,0,0,33,27%,2,0,0,4,2,0,0,0,0,0.27,True,0.0,0.0,0.0,0.0,4.0,0.0,2024
match:2024-04-17:local:junior,2024-04-17_Local_Junior.json,2024-04-17,Primera A,Junior,Local,3 - 2,Delvin Alfonzo,,D,102,7.0,True,0,0,0,0,17,13%,2,1,1,9,6,1,2,0,0,0.13,True,0.0,0.0,0.0,0.0,5.294117647058823,0.8823529411764706,2024
match:2024-04-17:local:junior,2024-04-17_Local_Junior.json,2024-04-17,Primera A,Junior,Local,3 - 2,Diego Novoa,,G,0,,False,0,0,0,0,0,0%,0,0,0,0,0,0,0,0,0,0.0,False,,,,,,,2024
match:2024-04-17:local:junior,2024-04-17_Local_Junior.json,2024-04-17,Primera A,Junior,Local,3 - 2,Emerson Rodríguez,,M,88,6.6,True,1,0,2,1,20,10%,1,1,0,5,2,1,0,0,0,0.1,True,1.0227272727272727,0.0,2.0454545454545454,1.0227272727272727,2.0454545454545454,1.0227272727272727,2024
match:2024-04-17:local:junior,2024-04-17_Local_Junior.json,2024-04-17,Primera A,Junior,Local,3 - 2,Jhoan Hernandez,,D,102,6.6,True,0,0,0,0,25,16%,3,3,0,4,3,1,0,0,0,0.16,True,0.0,0.0,0.0,0.0,2.6470588235294117,0.8823529411764706,2024
match:2024-04-17:local:junior,2024-04-17_Local_Junior.json,2024-04-17,Primera A,Junior,Local,3 - 2,Juan Pablo Vargas,,D,102,6.3,True,0,0,0,0,32,26%,0,0,1,3,0,0,0,0,0,0.26,True,0.0,0.0,0.0,0.0,0.0,0.0,2024
match:2024-04-17:local:junior,2024-04-17_Local_Junior.json,2024-04-17,Primera A,Junior,Local,3 - 2,Juan Pereira,,M,6,,False,0,0,0,0,0,0%,0,0,0,0,0,0,0,0,0,0.0,True,0.0,0.0,0.0,0.0,0.0,0.0,2024
match:2024-04-17:local:junior,2024-04-17_Local_Junior.json,2024-04-17,Primera A,Junior,Local,3 - 2,Leonardo Castro,,F,96,9.5,True,2,1,5,4,19,14%,1,0,0,6,4,1,2,1,0,0.14,True,1.875,0.9375,4.6875,3.75,3.75,0.9375,2024
match:2024-04-17:local:junior,2024-04-17_Local_Junior.json,2024-04-17,Primera A,Junior,Local,3 - 2,Sander Navarro,,F,14,6.6,False,0,0,0,0,0,0%,1,0,0,1,1,0,0,0,0,0.0,True,0.0,0.0,0.0,0.0,6.428571428571428,0.0,2024
match:2024-04-17:local:junior,2024-04-17_Local_Junior.json,2024-04-17,Primera A,Junior,Local,3 - 2,Santiago Giordana,,F,6,,False,0,0,0,0,0,0%,0,0,0,1,0,0,0,0,0,0.0,True,0.0,0.0,0.0,0.0,0.0,0.0,2024
match:2024-04-17:local:junior,2024-04-17_Local_Junior.json,2024-04-17,Primera A,Junior,Local,3 - 2,Stiven Vega,,M,102,6.5,True,0,0,0,0,36,28%,1,2,0,8,3,3,0,0,0,0.28,True,0.0,0.0,0.0,0.0,2.6470588235294117,2.6470588235294117,2024
match:2024-04-17:local:junior,2024-04-17_Local_Junior.json,2024-04-17,Primera A,Junior,Local,3 - 2,Álvaro Montero,,G,102,6.9,True,0,0,0,0,22,11%,0,0,0,1,1,0,0,1,0,0.11,True,0.0,0.0,0.0,0.0,0.8823529411764706,0.0,2024
match:2024-04-20:visitante:deportivo_pereira,2024-04-20_Visitante_Deportivo_Pereira.json,2024-04-20,Primera A,Deportivo Pereira,Visitante,1 - 2,Alex Moreno,,D,1,,False,0,0,0,0,0,0%,0,0,0,2,1,0,0,0,0,0.0,True,0.0,0.0,0.0,0.0,90.0,0.0,2024
match:2024-04-20:visitante:deportivo_pereira,2024-04-20_Visitante_Deportivo_Pereira.json,2024-04-20,Primera A,Deportivo Pereira,Visitante,1 - 2,Andrés Llinás,,D,90,6.9,True,0,0,0,0,30,25%,4,0,0,7,5,1,0,0,0,0.25,True,0.0,0.0,0.0,0.0,5.0,1.0,2024
match:2024-04-20:visitante:deportivo_pereira,2024-04-20_Visitante_Deportivo_Pereira.json,2024-04-20,Primera A,Deportivo Pereira,Visitante,1 - 2,Daniel Cataño,,M,55,6.6,True,0,0,1,0,17,11%,1,0,0,7,2,4,1,1,0,0.11,True,0.0,0.0,1.6363636363636362,0.0,3.2727272727272725,6.545454545454545,2024
match:2024-04-20:visitante:deportivo_pereira,2024-04-20_Visitante_Deportivo_Pereira.json,2024-04-20,Primera A,Deportivo Pereira,Visitante,1 - 2,Daniel Giraldo,,M,34,6.3,False,0,0,0,0,6,5%,1,0,0,1,1,0,0,1,0,0.05,True,0.0,0.0,0.0,0.0,2.6470588235294117,0.0,2024
match:2024-04-20:visitante:deportivo_pereira,2024-04-20_Visitante_Deportivo_Pereira.json,2024-04-20,Primera A,Deportivo Pereira,Visitante,1 - 2,Daniel Ruiz,,M,89,6.9,True,0,0,0,0,26,22%,0,0,1,6,1,0,0,0,0,0.22,True,0.0,0.0,0.0,0.0,1.0112359550561798,0.0,2024
match:2024-04-20:visitante:deportivo_pereira,2024-04-20_Visitante_Deportivo_Pereira.json,2024-04-20,Primera A,Deportivo Pereira,Visitante,1 - 2,Danovis Banguero,,M,9,6.7,False,0,0,0,0,3,3%,0,0,0,1,1,0,0,0,0,0.03,True,0.0,0.0,0.0,0.0,10.0,0.0,2024
match:2024-04-20:visitante:deportivo_pereira,2024-04-20_Visitante_Deportivo_Pereira.json,2024-04-20,Primera A,Deportivo Pereira,Visitante,1 - 2,David Macalister Silva,,M,81,6.6,True,0,0,2,2,29,21%,0,1,0,5,1,0,1,0,0,0.21,True,0.0,0.0,2.2222222222222223,2.2222222222222223,1.1111111111111112,0.0,2024
match:2024-04-20:visitante:deportivo_pereira,2024-04-20_Visitante_Deportivo_Pereira.json,2024-04-20,Primera A,Deportivo Pereira,Visitante,1 - 2,Delvin Alfonzo,,D,90,6.7,True,0,0,0,0,23,18%,2,0,1,8,4,3,2,0,0,0.18,True,0.0,0.0,0.0,0.0,4.0,3.0,2024
match:2024-04-20:visitante:deportivo_pereira,2024-04-20_Visitante_Deportivo_Pereira.json,2024-04-20,Primera A,Deportivo Pereira,Visitante,1 - 2,Diego Novoa,,G,0,,False,0,0,0,0,0,0%,0,0,0,0,0,0,0,0,0,0.0,False,,,,,,,2024
match:2024-04-20:visitante:deportivo_pereira,2024-04-20_Visitante_Deportivo_Pereira.json,2024-04-20,Primera A,Deportivo Pereira,Visitante,1 - 2,Emerson Rodríguez,,M,89,6.6,True,1,0,1,1,16,13%,1,1,0,18,6,4,2,0,0,0.13,True,1.0112359550561798,0.0,1.0112359550561798,1.0112359550561798,6.067415730337078,4.044943820224719,2024
match:2024-04-20:visitante:deportivo_pereira,2024-04-20_Visitante_Deportivo_Pereira.json,2024-04-20,Primera A,Deportivo Pereira,Visitante,1 - 2,Jhoan Hernandez,,D,90,6.7,True,0,0,0,0,16,13%,0,1,1,4,1,1,1,0,0,0.13,True,0.0,0.0,0.0,0.0,1.0,1.0,2024
match:2024-04-20:visitante:deportivo_pereira,2024-04-20_Visitante_Deportivo_Pereira.json,2024-04-20,Primera A,Deportivo Pereira,Visitante,1 - 2,Juan Pablo Vargas,,D,90,6.9,True,0,0,0,0,29,18%,5,0,1,5,5,0,0,0,0,0.18,True,0.0,0.0,0.0,0.0,5.0,0.0,2024
match:2024-04-20:visitante:deportivo_pereira,2024-04-20_Visitante_Deportivo_Pereira.json,2024-04-20,Primera A,Deportivo Pereira,Visitante,1 - 2,Juan Pereira,,M,1,,False,0,0,0,0,1,0%,0,0,0,1,0,0,0,0,0,0.0,True,0.0,0.0,0.0,0.0,0.0,0.0,2024
match:2024-04-20:visitante:deportivo_pereira,2024-04-20_Visitante_Deportivo_Pereira.json,2024-04-20,Primera A,Deportivo Pereira,Visitante,1 - 2,Leonardo Castro,,F,90,6.9,True,1,0,3,1,11,6%,1,0,0,7,2,2,0,0,0,0.06,True,1.0,0.0,3.0,1.0,2.0,2.0,2024
match:2024-04-20:visitante:deportivo_pereira,2024-04-20_Visitante_Deportivo_Pereira.json,2024-04-20,Primera A,Deportivo Pereira,Visitante,1 - 2,Sander Navarro,,F,1,,False,0,0,0,0,1,1%,0,0,0,0,0,0,0,0,0,1.0,True,0.0,0.0,0.0,0.0,0.0,0.0,2024
match:2024-04-20:visitante:deportivo_pereira,2024-04-20_Visitante_Deportivo_Pereira.json,2024-04-20,Primera A,Deportivo Pereira,Visitante,1 - 2,Santiago Giordana,,F,0,,False,0,0,0,0,0,0%,0,0,0,0,0,0,0,0,0,0.0,False,,,,,,,2024
match:2024-04-20:visitante:deportivo_pereira,2024-04-20_Visitante_Deportivo_Pereira.json,2024-04-20,Primera A,Deportivo Pereira,Visitante,1 - 2,Stiven Vega,,M,90,6.9,True,0,0,0,0,31,28%,3,1,0,6,3,2,0,1,0,0.28,True,0.0,0.0,0.0,0.0,3.0,2.0,2024
match:2024-04-20:visitante:deportivo_pereira,2024-04-20_Visitante_Deportivo_Pereira.json,2024-04-20,Primera A,Deportivo Pereira,Visitante,1 - 2,Álvaro Montero,,G,90,6.9,True,0,0,0,0,27,20%,0,0,0,2,2,0,1,0,0,0.2,True,0.0,0.0,0.0,0.0,2.0,0.0,2024
match:2024-04-26:visitante:palestino,2024-04-26_Visitante_Palestino.json,2024-04-26,CONMEBOL Libertadores,Palestino,Visitante,3 - 1,Alex Moreno,,D,0,,False,0,0,0,0,0,0%,0,0,0,0,0,0,0,0,0,0.0,False,,,,,,,2024
match:2024-04-26:visitante:palestino,2024-04-26_Visitante_Palestino.json,2024-04-26,CONMEBOL Libertadores,Palestino,Visitante,3 - 1,Andrés Llinás,,D,90,6.2,True,0,0,0,0,41,32%,0,2,0,7,3,1,0,0,0,0.32,True,0.0,0.0,0.0,0.0,3.0,1.0,2024
match:2024-04-26:visitante:palestino,2024-04-26_Visitante_Palestino.json,2024-04-26,CONMEBOL Libertadores,Palestino,Visitante,3 - 1,Beckham Castro,,F,11,6.5,False,0,0,0,0,1,1%,0,0,0,1,0,0,0,0,0,1.0,True,0.0,0.0,0.0,0.0,0.0,0.0,2024
match:2024-04-26:visitante:palestino,2024-04-26_Visitante_Palestino.json,2024-04-26,CONMEBOL Libertadores,Palestino,Visitante,3 - 1,Camilo Andrés Romero Jiménez,,G,0,,False,0,0,0,0,0,0%,0,0,0,0,0,0,0,0,0,0.0,False,,,,,,,2024
match:2024-04-26:visitante:palestino,2024-04-26_Visitante_Palestino.json,2024-04-26,CONMEBOL Libertadores,Palestino,Visitante,3 - 1,Daniel Cataño,,M,35,6.7,True,0,0,1,0,20,15%,1,0,0,7,4,0,1,0,0,0.15,True,0.0,0.0,2.571428571428571,0.0,10.285714285714285,0.0,2024
match:2024-04-26:visitante:palestino,2024-04-26_Visitante_Palestino.json,2024-04-26,CONMEBOL Libertadores,Palestino,Visitante,3 - 1,Daniel Giraldo,,M,84,6.6,True,0,0,0,0,48,40%,1,0,0,7,4,1,0,0,0,0.4,True,0.0,0.0,0.0,0.0,4.285714285714286,1.0714285714285714,2024
match:2024-04-26:visitante:palestino,2024-04-26_Visitante_Palestino.json,2024-04-26,CONMEBOL Libertadores,Palestino,Visitante,3 - 1,Daniel Ruiz,,M,84,6.2,True,0,0,1,0,37,29%,1,0,0,7,3,0,1,0,0,0.29,True,0.0,0.0,1.0714285714285714,0.0,3.214285714285714,0.0,2024
match:2024-04-26:visitante:palestino,2024-04-26_Visitante_Palestino.json,2024-04-26,CONMEBOL Libertadores,Palestino,Visitante,3 - 1,Danovis Banguero,,M,55,6.7,False,0,0,0,0,30,21%,0,1,0,11,5,0,2,0,0,0.21,True,0.0,0.0,0.0,0.0,8.181818181818182,0.0,2024
match:2024-04-26:visitante:palestino,2024-04-26_Visitante_Palestino.json,2024-04-26,CONMEBOL Libertadores,Palestino,Visitante,3 - 1,Diego Novoa,,G,0,,False,0,0,0,0,0,0%,0,0,0,0,0,0,0,0,0,0.0,False,,,,,,,2024
match:2024-04-26:visitante:palestino,2024-04-26_Visitante_Palestino.json,2024-04-26,CONMEBOL Libertadores,Palestino,Visitante,3 - 1,Emerson Rodríguez,,M,90,7.5,True,0,0,2,1,33,22%,3,2,0,12,9,0,0,0,0,0.22,True,0.0,0.0,2.0,1.0,9.0,0.0,2024
match:2024-04-26:visitante:palestino,2024-04-26_Visitante_Palestino.json,2024-04-26,CONMEBOL Libertadores,Palestino,Visitante,3 - 1,Jhoan Hernandez,,D,84,6.9,True,0,1,1,1,21,15%,0,4,0,5,2,1,0,0,0,0.15,True,0.0,1.0714285714285714,1.0714285714285714,1.0714285714285714,2.142857142857143,1.0714285714285714,2024
match:2024-04-26:visitante:palestino,2024-04-26_Visitante_Palestino.json,2024-04-26,CONMEBOL Libertadores,Palestino,Visitante,3 - 1,Juan Carvajal,,F,0,,False,0,0,0,0,0,0%,0,0,0,0,0,0,0,0,0,0.0,False,,,,,,,2024
match:2024-04-26:visitante:palestino,2024-04-26_Visitante_Palestino.json,2024-04-26,CONMEBOL Libertadores,Palestino,Visitante,3 - 1,Juan Pablo Vargas,,D,90,6.5,True,0,0,0,0,50,41%,1,0,1,5,2,1,0,0,0,0.41,True,0.0,0.0,0.0,0.0,2.0,1.0,2024
match:2024-04-26:visitante:palestino,2024-04-26_Visitante_Palestino.json,2024-04-26,CONMEBOL Libertadores,Palestino,Visitante,3 - 1,Juan Pereira,,M,11,6.7,False,0,0,0,0,5,2%,0,0,0,3,2,0,0,0,0,0.02,True,0.0,0.0,0.0,0.0,16.363636363636363,0.0,2024
match:2024-04-26:visitante:palestino,2024-04-26_Visitante_Palestino.json,2024-04-26,CONMEBOL Libertadores,Palestino,Visitante,3 - 1,Larry Vásquez,,M,11,6.5,False,0,0,0,0,9,8%,0,0,0,2,0,1,0,0,0,0.08,True,0.0,0.0,0.0,0.0,0.0,8.181818181818182,2024
match:2024-04-26:visitante:palestino,2024-04-26_Visitante_Palestino.json,2024-04-26,CONMEBOL Libertadores,Palestino,Visitante,3 - 1,Leonardo Castro,,F,90,7.5,True,1,0,6,1,14,12%,1,0,0,12,5,0,2,0,0,0.12,True,1.0,0.0,6.0,1.0,5.0,0.0,2024
match:2024-04-26:visitante:palestino,2024-04-26_Visitante_Palestino.json,2024-04-26,CONMEBOL Libertadores,Palestino,Visitante,3 - 1,Nicolas Arevalo,,M,0,,False,0,0,0,0,0,0%,0,0,0,0,0,0,0,0,0,0.0,False,,,,,,,2024
match:2024-04-26:visitante:palestino,2024-04-26_Visitante_Palestino.json,2024-04-26,CONMEBOL Libertadores,Palestino,Visitante,3 - 1,Ricardo Rosales,,F,0,,False,0,0,0,0,0,0%,0,0,0,0,0,0,0,0,0,0.0,False,,,,,,,2024
match:2024-04-26:visitante:palestino,2024-04-26_Visitante_Palestino.json,2024-04-26,CONMEBOL Libertadores,Palestino,Visitante,3 - 1,Sander Navarro,,D,90,6.9,True,0,0,0,0,48,37%,2,2,1,12,7,0,1,0,0,0.37,True,0.0,0.0,0.0,0.0,7.0,0.0,2024
match:2024-04-26:visitante:palestino,2024-04-26_Visitante_Palestino.json,2024-04-26,CONMEBOL Libertadores,Palestino,Visitante,3 - 1,Santiago Giordana,,F,14,6.9,False,0,0,1,0,3,1%,0,0,0,4,2,0,0,0,0,1.0,True,0.0,0.0,6.428571428571428,0.0,12.857142857142856,0.0,2024
match:2024-04-26:visitante:palestino,2024-04-26_Visitante_Palestino.json,2024-04-26,CONMEBOL Libertadores,Palestino,Visitante,3 - 1,Stiven Vega,,M,76,6.3,True,0,0,0,0,38,29%,1,0,0,7,4,2,1,1,0,0.29,True,0.0,0.0,0.0,0.0,4.7368421052631575,2.3684210526315788,2024
match:2024-04-26:visitante:palestino,2024-04-26_Visitante_Palestino.json,2024-04-26,CONMEBOL Libertadores,Palestino,Visitante,3 - 1,Álvaro Montero,,G,90,6.5,True,0,0,0,0,19,12%,0,0,0,0,0,0,0,0,0,0.12,True,0.0,0.0,0.0,0.0,0.0,0.0,2024
match:2024-04-28:local:chico,2024-04-28_Local_Chico.json,2024-04-28,Primera A,Chico,Local,3 - 0,Alex Moreno,,D,0,,False,0,0,0,0,0,0%,0,0,0,0,0,0,0,0,0,0.0,False,,,,,,,2024
match:2024-04-28:local:chico,2024-04-28_Local_Chico.json,2024-04-28,Primera A,Chico,Local,3 - 0,Andrés Llinás,,D,90,7.2,True,0,0,0,0,41,32%,2,1,1,7,4,1,0,0,0,0.32,True,0.0,0.0,0.0,0.0,4.0,1.0,2024
match:2024-04-28:local:chico,2024-04-28_Local_Chico.json,2024-04-28,Primera A,Chico,Local,3 - 0,Beckham Castro,,M,75,6.7,True,0,0,1,0,19,14%,2,0,0,7,2,0,0,0,0,0.14,True,0.0,0.0,1.2000000000000002,0.0,2.4000000000000004,0.0,2024
match:2024-04-28:local:chico,2024-04-28_Local_Chico.json,2024-04-28,Primera A,Chico,Local,3 - 0,Daniel Giraldo,,M,10,7.3,False,1,0,1,1,7,7%,0,0,0,0,0,0,0,0,0,0.07,True,9.0,0.0,9.0,9.0,0.0,0.0,2024
match:2024-04-28:local:chico,2024-04-28_Local_Chico.json,2024-04-28,Primera A,Chico,Local,3 - 0,Daniel Ruiz,,M,84,7.7,True,0,0,2,0,44,42%,0,0,0,3,1,0,1,0,0,0.42,True,0.0,0.0,2.142857142857143,0.0,1.0714285714285714,0.0,2024
match:2024-04-28:local:chico,2024-04-28_Local_Chico.json,2024-04-28,Primera A,Chico,Local,3 - 0,Danovis Banguero,,M,15,6.7,False,0,0,0,0,7,6%,0,0,0,0,0,0,0,0,0,0.06,True,0.0,0.0,0.0,0.0,0.0,0.0,2024
match:2024-04-28:local:chico,2024-04-28_Local_Chico.json,2024-04-28,Primera A,Chico,Local,3 - 0,Delvin Alfonzo,,D,90,7.3,True,0,1,0,0,23,19%,0,3,0,5,2,1,1,0,0,0.19,True,0.0,1.0,0.0,0.0,2.0,1.0,2024
match:2024-04-28:local:chico,2024-04-28_Local_Chico.json,2024-04-28,Primera A,Chico,Local,3 - 0,Diego Novoa,,G,0,,False,0,0,0,0,0,0%,0,0,0,0,0,0,0,0,0,0.0,False,,,,,,,2024
match:2024-04-28:local:chico,2024-04-28_Local_Chico.json,2024-04-28,Primera A,Chico,Local,3 - 0,Emerson Rodríguez,,M,75,6.7,True,0,0,1,0,26,15%,0,1,0,9,3,0,0,0,0,0.15,True,0.0,0.0,1.2000000000000002,0.0,3.6,0.0,2024
match:2024-04-28:local:chico,2024-04-28_Local_Chico.json,2024-04-28,Primera A,Chico,Local,3 - 0,Jhoan Hernandez,,D,90,8.0,True,0,1,0,0,31,28%,2,0,1,7,6,1,3,0,0,0.28,True,0.0,1.0,0.0,0.0,6.0,1.0,2024
match:2024-04-28:local:chico,2024-04-28_Local_Chico.json,2024-04-28,Primera A,Chico,Local,3 - 0,Jhon Largacha,,M,15,6.7,False,0,1,0,0,2,2%,0,0,0,3,0,0,0,0,0,0.02,True,0.0,6.0,0.0,0.0,0.0,0.0,2024
match:2024-04-28:local:chico,2024-04-28_Local_Chico.json,2024-04-28,Primera A,Chico,Local,3 - 0,Juan Pablo Vargas,,D,90,8.0,True,0,0,3,1,46,39%,1,0,0,7,7,0,0,0,0,0.39,True,0.0,0.0,3.0,1.0,7.0,0.0,2024
match:2024-04-28:local:chico,2024-04-28_Local_Chico.json,2024-04-28,Primera A,Chico,Local,3 - 0,Juan Pereira,,M,90,7.3,True,0,0,0,0,35,29%,4,0,0,12,9,0,0,0,0,0.29,True,0.0,0.0,0.0,0.0,9.0,0.0,2024
match:2024-04-28:local:chico,2024-04-28_Local_Chico.json,2024-04-28,Primera A,Chico,Local,3 - 0,Larry Vásquez,,M,8,6.3,False,0,0,0,0,3,3%,0,0,0,0,0,0,0,0,0,0.03,True,0.0,0.0,0.0,0.0,0.0,0.0,2024
match:2024-04-28:local:chico,2024-04-28_Local_Chico.json,2024-04-28,Primera A,Chico,Local,3 - 0,Leonardo Castro,,F,84,7.9,True,1,0,4,1,24,17%,1,0,1,10,6,1,1,0,0,0.17,True,1.0714285714285714,0.0,4.285714285714286,1.0714285714285714,6.428571428571428,1.0714285714285714,2024
match:2024-04-28:local:chico,2024-04-28_Local_Chico.json,2024-04-28,Primera A,Chico,Local,3 - 0,Santiago Giordana,,F,10,7.5,False,1,0,1,1,1,1%,0,0,0,0,0,0,0,0,0,1.0,True,9.0,0.0,9.0,9.0,0.0,0.0,2024
match:2024-04-28:local:chico,2024-04-28_Local_Chico.json,2024-04-28,Primera A,Chico,Local,3 - 0,Stiven Vega,,M,86,6.6,True,0,0,0,0,37,32%,2,0,0,7,2,1,0,0,0,0.32,True,0.0,0.0,0.0,0.0,2.0930232558139537,1.0465116279069768,2024
match:2024-04-28:local:chico,2024-04-28_Local_Chico.json,2024-04-28,Primera A,Chico,Local,3 - 0,Álvaro Montero,,G,90,7.0,True,0,0,0,0,30,18%,0,0,0,0,0,0,0,0,0,0.18,True,0.0,0.0,0.0,0.0,0.0,0.0,2024
match:2024-05-05:visitante:junior,2024-05-05_Visitante_Junior.json,2024-05-05,Primera A,Junior,Visitante,2 - 1,Alex Moreno,,D,97,6.5,True,0,0,0,0,35,30%,1,0,0,5,3,2,1,1,0,0.3,True,0.0,0.0,0.0,0.0,2.783505154639175,1.8556701030927836,2024
match:2024-05-05:visitante:junior,2024-05-05_Visitante_Junior.json,2024-05-05,Primera A,Junior,Visitante,2 - 1,Beckham Castro,,F,20,6.3,False,0,0,0,0,6,4%,0,0,0,0,0,0,0,0,0,0.04,True,0.0,0.0,0.0,0.0,0.0,0.0,2024
match:2024-05-05:visitante:junior,2024-05-05_Visitante_Junior.json,2024-05-05,Primera A,Junior,Visitante,2 - 1,Daniel Giraldo,,M,0,,False,0,0,0,0,0,0%,0,0,0,0,0,0,0,0,0,0.0,False,,,,,,,2024
match:2024-05-05:visitante:junior,2024-05-05_Visitante_Junior.json,2024-05-05,Primera A,Junior,Visitante,2 - 1,Daniel Ruiz,,M,77,6.9,True,0,0,0,0,37,29%,1,2,0,5,3,0,1,0,0,0.29,True,0.0,0.0,0.0,0.0,3.5064935064935066,0.0,2024
match:2024-05-05:visitante:junior,2024-05-05_Visitante_Junior.json,2024-05-05,Primera A,Junior,Visitante,2 - 1,Danovis Banguero,,D,59,6.5,True,0,0,0,0,22,13%,0,1,0,4,2,0,1,0,0,0.13,True,0.0,0.0,0.0,0.0,3.0508474576271185,0.0,2024
match:2024-05-05:visitante:junior,2024-05-05_Visitante_Junior.json,2024-05-05,Primera A,Junior,Visitante,2 - 1,Delvin Alfonzo,,D,97,5.9,True,0,0,0,0,19,13%,0,0,0,6,0,1,0,0,0,0.13,True,0.0,0.0,0.0,0.0,0.0,0.9278350515463918,2024
match:2024-05-05:visitante:junior,2024-05-05_Visitante_Junior.json,2024-05-05,Primera A,Junior,Visitante,2 - 1,Diego Novoa,,G,0,,False,0,0,0,0,0,0%,0,0,0,0,0,0,0,0,0,0.0,False,,,,,,,2024
match:2024-05-05:visitante:junior,2024-05-05_Visitante_Junior.json,2024-05-05,Primera A,Junior,Visitante,2 - 1,Emerson Rodríguez,,M,77,6.9,True,0,0,0,0,18,12%,0,0,0,4,3,0,0,0,0,0.12,True,0.0,0.0,0.0,0.0,3.5064935064935066,0.0,2024
match:2024-05-05:visitante:junior,2024-05-05_Visitante_Junior.json,2024-05-05,Primera A,Junior,Visitante,2 - 1,Jhoan Hernandez,,M,97,6.7,True,0,0,1,0,36,22%,2,1,0,13,5,2,0,0,0,0.22,True,0.0,0.0,0.9278350515463918,0.0,4.639175257731958,1.8556701030927836,2024
match:2024-05-05:visitante:junior,2024-05-05_Visitante_Junior.json,2024-05-05,Primera A,Junior,Visitante,2 - 1,Jhon Largacha,,M,20,6.5,False,0,0,0,0,4,2%,0,0,0,2,0,1,0,1,0,0.02,True,0.0,0.0,0.0,0.0,0.0,4.5,2024
match:2024-05-05:visitante:junior,2024-05-05_Visitante_Junior.json,2024-05-05,Primera A,Junior,Visitante,2 - 1,Juan Pablo Vargas,,D,97,6.9,True,0,0,1,0,37,33%,2,3,0,7,4,0,0,0,0,0.33,True,0.0,0.0,0.9278350515463918,0.0,3.711340206185567,0.0,2024
match:2024-05-05:visitante:junior,2024-05-05_Visitante_Junior.json,2024-05-05,Primera A,Junior,Visitante,2 - 1,Juan Pereira,,M,59,6.7,True,0,0,0,0,24,21%,2,0,0,6,3,1,1,0,0,0.21,True,0.0,0.0,0.0,0.0,4.576271186440678,1.5254237288135593,2024
match:2024-05-05:visitante:junior,2024-05-05_Visitante_Junior.json,2024-05-05,Primera A,Junior,Visitante,2 - 1,Larry Vásquez,,M,38,6.3,False,0,0,0,0,14,12%,2,0,0,4,2,3,0,0,0,0.12,True,0.0,0.0,0.0,0.0,4.7368421052631575,7.105263157894736,2024
match:2024-05-05:visitante:junior,2024-05-05_Visitante_Junior.json,2024-05-05,Primera A,Junior,Visitante,2 - 1,Leonardo Castro,,F,97,7.3,True,1,0,3,2,17,12%,0,0,0,8,3,0,2,0,0,0.12,True,0.9278350515463918,0.0,2.783505154639175,1.8556701030927836,2.783505154639175,0.0,2024
match:2024-05-05:visitante:junior,2024-05-05_Visitante_Junior.json,2024-05-05,Primera A,Junior,Visitante,2 - 1,Sander Navarro,,F,0,,False,0,0,0,0,0,0%,0,0,0,0,0,0,0,0,0,0.0,False,,,,,,,2024
match:2024-05-05:visitante:junior,2024-05-05_Visitante_Junior.json,2024-05-05,Primera A,Junior,Visitante,2 - 1,Santiago Giordana,,F,38,6.3,False,0,0,0,0,6,4%,0,0,0,4,3,0,1,0,0,0.04,True,0.0,0.0,0.0,0.0,7.105263157894736,0.0,2024
match:2024-05-05:visitante:junior,2024-05-05_Visitante_Junior.json,2024-05-05,Primera A,Junior,Visitante,2 - 1,Stiven Vega,,M,97,7.2,True,0,0,0,0,39,36%,3,3,0,8,7,1,3,0,0,0.36,True,0.0,0.0,0.0,0.0,6.494845360824741,0.9278350515463918,2024
match:2024-05-05:visitante:junior,2024-05-05_Visitante_Junior.json,2024-05-05,Primera A,Junior,Visitante,2 - 1,Álvaro Montero,,G,97,6.9,True,0,0,0,0,22,17%,0,0,0,0,0,0,0,0,0,0.17,True,0.0,0.0,0.0,0.0,0.0,0.0,2024
match:2024-05-09:local:bolívar,2024-05-09_Local_Bolívar.json,2024-05-09,CONMEBOL Libertadores,Bolívar,Local,1 - 1,Alex Moreno,,D,0,,False,0,0,0,0,0,0%,0,0,0,0,0,0,0,0,0,0.0,False,,,,,,,2024
match:2024-05-09:local:bolívar,2024-05-09_Local_Bolívar.json,2024-05-09,CONMEBOL Libertadores,Bolívar,Local,1 - 1,Andrés Llinás,,D,90,7.7,True,1,0,1,1,20,20%,3,1,1,11,8,1,1,1,0,0.2,True,1.0,0.0,1.0,1.0,8.0,1.0,2024
match:2024-05-09:local:bolívar,2024-05-09_Local_Bolívar.json,2024-05-09,CONMEBOL Libertadores,Bolívar,Local,1 - 1,Beckham Castro,,F,0,,False,0,0,0,0,0,0%,0,0,0,0,0,0,0,0,0,0.0,False,,,,,,,2024
match:2024-05-09:local:bolívar,2024-05-09_Local_Bolívar.json,2024-05-09,CONMEBOL Libertadores,Bolívar,Local,1 - 1,Brayan Campáz,,F,9,6.3,False,0,0,0,0,4,2%,0,0,0,4,3,0,2,0,0,0.02,True,0.0,0.0,0.0,0.0,30.0,0.0,2024
match:2024-05-09:local:bolívar,2024-05-09_Local_Bolívar.json,2024-05-09,CONMEBOL Libertadores,Bolívar,Local,1 - 1,Daniel Giraldo,,M,36,6.3,False,0,0,0,0,9,6%,0,2,0,1,0,1,0,1,0,0.06,True,0.0,0.0,0.0,0.0,0.0,2.5,2024
match:2024-05-09:local:bolívar,2024-05-09_Local_Bolívar.json,2024-05-09,CONMEBOL Libertadores,Bolívar,Local,1 - 1,Daniel Ruiz,,M,90,7.7,True,0,0,3,2,22,16%,3,0,0,12,6,1,1,0,0,0.16,True,0.0,0.0,3.0,2.0,6.0,1.0,2024
match:2024-05-09:local:bolívar,2024-05-09_Local_Bolívar.json,2024-05-09,CONMEBOL Libertadores,Bolívar,Local,1 - 1,Danovis Banguero,,M,0,,False,0,0,0,0,0,0%,0,0,0,0,0,0,0,0,0,0.0,False,,,,,,,2024
match:2024-05-09:local:bolívar,2024-05-09_Local_Bolívar.json,2024-05-09,CONMEBOL Libertadores,Bolívar,Local,1 - 1,David Macalister Silva,,M,90,7.0,True,0,0,2,0,32,27%,1,1,0,10,2,0,0,0,0,0.27,True,0.0,0.0,2.0,0.0,2.0,0.0,2024
match:2024-05-09:local:bolívar,2024-05-09_Local_Bolívar.json,2024-05-09,CONMEBOL Libertadores,Bolívar,Local,1 - 1,Diego Novoa,,G,0,,False,0,0,0,0,0,0%,0,0,0,0,0,0,0,0,0,0.0,False,,,,,,,2024
match:2024-05-09:local:bolívar,2024-05-09_Local_Bolívar.json,2024-05-09,CONMEBOL Libertadores,Bolívar,Local,1 - 1,Emerson Rodríguez,,M,81,6.7,True,0,0,2,1,9,8%,1,0,0,9,2,0,0,0,0,0.08,True,0.0,0.0,2.2222222222222223,1.1111111111111112,2.2222222222222223,0.0,2024
match:2024-05-09:local:bolívar,2024-05-09_Local_Bolívar.json,2024-05-09,CONMEBOL Libertadores,Bolívar,Local,1 - 1,Jhoan Hernandez,,D,90,6.3,True,0,0,0,0,12,9%,0,1,0,7,2,2,1,0,0,0.09,True,0.0,0.0,0.0,0.0,2.0,2.0,2024
match:2024-05-09:local:bolívar,2024-05-09_Local_Bolívar.json,2024-05-09,CONMEBOL Libertadores,Bolívar,Local,1 - 1,Jorge Arias,,D,0,,False,0,0,0,0,0,0%,0,0,0,0,0,0,0,0,0,0.0,False,,,,,,,2024
match:2024-05-09:local:bolívar,2024-05-09_Local_Bolívar.json,2024-05-09,CONMEBOL Libertadores,Bolívar,Local,1 - 1,Juan Pablo Vargas,,D,90,6.9,True,0,0,0,0,34,28%,1,2,0,9,7,0,1,0,0,0.28,True,0.0,0.0,0.0,0.0,7.0,0.0,2024
match:2024-05-09:local:bolívar,2024-05-09_Local_Bolívar.json,2024-05-09,CONMEBOL Libertadores,Bolívar,Local,1 - 1,Juan Pereira,,M,90,7.0,True,0,0,2,2,29,27%,1,0,1,8,4,1,1,0,0,0.27,True,0.0,0.0,2.0,2.0,4.0,1.0,2024
match:2024-05-09:local:bolívar,2024-05-09_Local_Bolívar.json,2024-05-09,CONMEBOL Libertadores,Bolívar,Local,1 - 1,Larry Vásquez,,M,0,,False,0,0,0,0,0,0%,0,0,0,0,0,0,0,0,0,0.0,False,,,,,,,2024
match:2024-05-09:local:bolívar,2024-05-09_Local_Bolívar.json,2024-05-09,CONMEBOL Libertadores,Bolívar,Local,1 - 1,Leonardo Castro,,F,40,7.0,True,0,0,3,2,10,8%,0,1,0,8,7,0,2,0,0,0.08,True,0.0,0.0,6.75,4.5,15.749999999999998,0.0,2024
match:2024-05-09:local:bolívar,2024-05-09_Local_Bolívar.json,2024-05-09,CONMEBOL Libertadores,Bolívar,Local,1 - 1,Nicolas Arevalo,,M,0,,False,0,0,0,0,0,0%,0,0,0,0,0,0,0,0,0,0.0,False,,,,,,,2024
match:2024-05-09:local:bolívar,2024-05-09_Local_Bolívar.json,2024-05-09,CONMEBOL Libertadores,Bolívar,Local,1 - 1,Ricardo Rosales,,F,25,6.7,False,0,0,0,0,8,6%,1,0,0,4,2,1,0,1,0,0.06,True,0.0,0.0,0.0,0.0,7.2,3.6,2024
match:2024-05-09:local:bolívar,2024-05-09_Local_Bolívar.json,2024-05-09,CONMEBOL Libertadores,Bolívar,Local,1 - 1,Sander Navarro,,D,65,7.3,True,0,0,1,1,25,18%,4,0,1,11,9,0,0,0,0,0.18,True,0.0,0.0,1.3846153846153846,1.3846153846153846,12.461538461538462,0.0,2024
match:2024-05-09:local:bolívar,2024-05-09_Local_Bolívar.json,2024-05-09,CONMEBOL Libertadores,Bolívar,Local,1 - 1,Santiago Giordana,,F,50,6.9,False,0,0,4,2,5,3%,0,0,0,8,2,3,0,1,0,0.03,True,0.0,0.0,7.2,3.6,3.6,5.3999999999999995,2024
match:2024-05-09:local:bolívar,2024-05-09_Local_Bolívar.json,2024-05-09,CONMEBOL Libertadores,Bolívar,Local,1 - 1,Stiven Vega,,M,45,7.3,True,0,0,0,0,25,18%,3,1,0,7,5,1,2,0,0,0.18,True,0.0,0.0,0.0,0.0,10.0,2.0,2024
match:2024-05-09:local:bolívar,2024-05-09_Local_Bolívar.json,2024-05-09,CONMEBOL Libertadores,Bolívar,Local,1 - 1,Yuber Quiñones,,F,9,6.7,False,0,0,1,0,4,2%,0,0,0,3,2,1,1,0,0,0.02,True,0.0,0.0,10.0,0.0,20.0,10.0,2024
match:2024-05-09:local:bolívar,2024-05-09_Local_Bolívar.json,2024-05-09,CONMEBOL Libertadores,Bolívar,Local,1 - 1,Álvaro Montero,,G,90,7.0,True,0,0,0,0,17,6%,0,0,0,0,0,0,0,0,0,0.06,True,0.0,0.0,0.0,0.0,0.0,0.0,2024
match:2024-05-12:local:deportivo_pereira,2024-05-12_Local_Deportivo_Pereira.json,2024-05-12,Primera A,Deportivo Pereira,Local,1 - 0,Alex Moreno,,D,1,,False,0,0,0,0,2,1%,0,0,0,0,0,0,0,0,0,1.0,True,0.0,0.0,0.0,0.0,0.0,0.0,2024
match:2024-05-12:local:deportivo_pereira,2024-05-12_Local_Deportivo_Pereira.json,2024-05-12,Primera A,Deportivo Pereira,Local,1 - 0,Andrés Llinás,,D,90,7.2,True,0,0,0,0,24,21%,1,1,1,6,2,2,1,0,0,0.21,True,0.0,0.0,0.0,0.0,2.0,2.0,2024
match:2024-05-12:local:deportivo_pereira,2024-05-12_Local_Deportivo_Pereira.json,2024-05-12,Primera A,Deportivo Pereira,Local,1 - 0,Beckham Castro,,M,45,6.3,True,0,0,0,0,14,10%,0,0,0,1,0,0,0,0,0,0.1,True,0.0,0.0,0.0,0.0,0.0,0.0,2024
match:2024-05-12:local:deportivo_pereira,2024-05-12_Local_Deportivo_Pereira.json,2024-05-12,Primera A,Deportivo Pereira,Local,1 - 0,Brayan Campáz,,M,45,6.2,True,0,0,1,0,11,6%,0,1,0,7,1,3,1,0,0,0.06,True,0.0,0.0,2.0,0.0,2.0,6.0,2024
match:2024-05-12:local:deportivo_pereira,2024-05-12_Local_Deportivo_Pereira.json,2024-05-12,Primera A,Deportivo Pereira,Local,1 - 0,Daniel Giraldo,,M,90,6.9,True,0,0,0,0,45,39%,1,1,1,10,3,3,1,1,0,0.39,True,0.0,0.0,0.0,0.0,3.0,3.0,2024
match:2024-05-12:local:deportivo_pereira,2024-05-12_Local_Deportivo_Pereira.json,2024-05-12,Primera A,Deportivo Pereira,Local,1 - 0,Danovis Banguero,,M,45,6.6,False,0,0,0,0,17,9%,0,0,0,3,1,2,0,0,0,0.09,True,0.0,0.0,0.0,0.0,2.0,4.0,2024
match:2024-05-12:local:deportivo_pereira,2024-05-12_Local_Deportivo_Pereira.json,2024-05-12,Primera A,Deportivo Pereira,Local,1 - 0,David Macalister Silva,,M,89,7.3,True,0,0,3,1,42,36%,0,0,0,9,2,2,0,0,0,0.36,True,0.0,0.0,3.033707865168539,1.0112359550561798,2.0224719101123596,2.0224719101123596,2024
match:2024-05-12:local:deportivo_pereira,2024-05-12_Local_Deportivo_Pereira.json,2024-05-12,Primera A,Deportivo Pereira,Local,1 - 0,Delvin Alfonzo,,D,90,6.9,True,0,0,0,0,34,24%,1,0,0,3,1,1,0,0,0,0.24,True,0.0,0.0,0.0,0.0,1.0,1.0,2024
match:2024-05-12:local:deportivo_pereira,2024-05-12_Local_Deportivo_Pereira.json,2024-05-12,Primera A,Deportivo Pereira,Local,1 - 0,Diego Novoa,,G,0,,False,0,0,0,0,0,0%,0,0,0,0,0,0,0,0,0,0.0,False,,,,,,,2024
match:2024-05-12:local:deportivo_pereira,2024-05-12_Local_Deportivo_Pereira.json,2024-05-12,Primera A,Deportivo Pereira,Local,1 - 0,Jhoan Hernandez,,D,90,7.3,True,0,0,0,0,31,25%,1,4,0,2,2,0,0,0,0,0.25,True,0.0,0.0,0.0,0.0,2.0,0.0,2024
match:2024-05-12:local:deportivo_pereira,2024-05-12_Local_Deportivo_Pereira.json,2024-05-12,Primera A,Deportivo Pereira,Local,1 - 0,Jhon Largacha,,M,12,6.5,False,0,0,0,0,4,2%,0,0,0,2,1,1,0,0,0,0.02,True,0.0,0.0,0.0,0.0,7.5,7.5,2024
match:2024-05-12:local:deportivo_pereira,2024-05-12_Local_Deportivo_Pereira.json,2024-05-12,Primera A,Deportivo Pereira,Local,1 - 0,Juan Carvajal,,F,14,6.3,False,0,0,0,0,4,3%,0,0,0,4,1,0,1,0,0,0.03,True,0.0,0.0,0.0,0.0,6.428571428571428,0.0,2024
match:2024-05-12:local:deportivo_pereira,2024-05-12_Local_Deportivo_Pereira.json,2024-05-12,Primera A,Deportivo Pereira,Local,1 - 0,Juan Pablo Vargas,,D,90,7.9,True,0,1,1,1,31,28%,1,3,0,2,2,0,0,0,0,0.28,True,0.0,1.0,1.0,1.0,2.0,0.0,2024
match:2024-05-12:local:deportivo_pereira,2024-05-12_Local_Deportivo_Pereira.json,2024-05-12,Primera A,Deportivo Pereira,Local,1 - 0,Juan Pereira,,M,90,7.9,True,1,0,1,1,36,31%,2,1,0,7,4,0,0,0,0,0.31,True,1.0,0.0,1.0,1.0,4.0,0.0,2024
match:2024-05-12:local:deportivo_pereira,2024-05-12_Local_Deportivo_Pereira.json,2024-05-12,Primera A,Deportivo Pereira,Local,1 - 0,Luis Paredes,,F,38,7.2,False,0,0,1,1,9,7%,3,0,0,4,4,0,0,0,0,0.07,True,0.0,0.0,2.3684210526315788,2.3684210526315788,9.473684210526315,0.0,2024
match:2024-05-12:local:deportivo_pereira,2024-05-12_Local_Deportivo_Pereira.json,2024-05-12,Primera A,Deportivo Pereira,Local,1 - 0,Nicolas Arevalo,,M,0,,False,0,0,0,0,0,0%,0,0,0,0,0,0,0,0,0,0.0,False,,,,,,,2024
match:2024-05-12:local:deportivo_pereira,2024-05-12_Local_Deportivo_Pereira.json,2024-05-12,Primera A,Deportivo Pereira,Local,1 - 0,Santiago Giordana,,F,76,6.6,True,0,0,0,0,8,4%,2,0,1,9,4,0,0,0,0,0.04,True,0.0,0.0,0.0,0.0,4.7368421052631575,0.0,2024
match:2024-05-12:local:deportivo_pereira,2024-05-12_Local_Deportivo_Pereira.json,2024-05-12,Primera A,Deportivo Pereira,Local,1 - 0,Álvaro Montero,,G,90,7.0,True,0,0,1,1,27,21%,0,0,0,0,0,0,0,0,0,0.21,True,0.0,0.0,1.0,1.0,0.0,0.0,2024
match:2024-05-15:local:palestino,2024-05-15_Local_Palestino.json,2024-05-15,CONMEBOL Libertadores,Palestino,Local,1 - 1,Alex Moreno,,D,0,,False,0,0,0,0,0,0%,0,0,0,0,0,0,0,0,0,0.0,False,,,,,,,2024
match:2024-05-15:local:palestino,2024-05-15_Local_Palestino.json,2024-05-15,CONMEBOL Libertadores,Palestino,Local,1 - 1,Andrés Llinás,,D,97,7.2,True,0,0,0,0,35,27%,2,3,1,12,7,1,2,0,0,0.27,True,0.0,0.0,0.0,0.0,6.494845360824741,0.9278350515463918,2024
match:2024-05-15:local:palestino,2024-05-15_Local_Palestino.json,2024-05-15,CONMEBOL Libertadores,Palestino,Local,1 - 1,Beckham Castro,,F,0,,False,0,0,0,0,0,0%,0,0,0,0,0,0,0,0,0,0.0,False,,,,,,,2024
match:2024-05-15:local:palestino,2024-05-15_Local_Palestino.json,2024-05-15,CONMEBOL Libertadores,Palestino,Local,1 - 1,Brayan Campáz,,F,0,,False,0,0,0,0,0,0%,0,0,0,0,0,0,0,0,0,0.0,False,,,,,,,2024
match:2024-05-15:local:palestino,2024-05-15_Local_Palestino.json,2024-05-15,CONMEBOL Libertadores,Palestino,Local,1 - 1,Daniel Giraldo,,M,97,7.2,True,0,0,0,0,46,43%,4,0,0,12,7,2,1,1,0,0.43,True,0.0,0.0,0.0,0.0,6.494845360824741,1.8556701030927836,2024
match:2024-05-15:local:palestino,2024-05-15_Local_Palestino.json,2024-05-15,CONMEBOL Libertadores,Palestino,Local,1 - 1,Daniel Ruiz,,M,83,7.2,True,0,0,2,0,29,22%,2,0,0,7,4,0,1,0,0,0.22,True,0.0,0.0,2.168674698795181,0.0,4.337349397590362,0.0,2024
match:2024-05-15:local:palestino,2024-05-15_Local_Palestino.json,2024-05-15,CONMEBOL Libertadores,Palestino,Local,1 - 1,Danovis Banguero,,M,14,6.3,False,0,0,0,0,4,3%,0,0,0,1,0,0,0,0,0,0.03,True,0.0,0.0,0.0,0.0,0.0,0.0,2024
match:2024-05-15:local:palestino,2024-05-15_Local_Palestino.json,2024-05-15,CONMEBOL Libertadores,Palestino,Local,1 - 1,David Macalister Silva,,M,87,7.0,True,0,0,2,0,50,43%,0,0,0,3,1,1,0,0,0,0.43,True,0.0,0.0,2.0689655172413794,0.0,1.0344827586206897,1.0344827586206897,2024
match:2024-05-15:local:palestino,2024-05-15_Local_Palestino.json,2024-05-15,CONMEBOL Libertadores,Palestino,Local,1 - 1,Delvin Alfonzo,,D,97,7.3,True,0,1,0,0,40,29%,1,1,0,10,3,1,0,0,0,0.29,True,0.0,0.9278350515463918,0.0,0.0,2.783505154639175,0.9278350515463918,2024
match:2024-05-15:local:palestino,2024-05-15_Local_Palestino.json,2024-05-15,CONMEBOL Libertadores,Palestino,Local,1 - 1,Diego Novoa,,G,0,,False,0,0,0,0,0,0%,0,0,0,0,0,0,0,0,0,0.0,False,,,,,,,2024
match:2024-05-15:local:palestino,2024-05-15_Local_Palestino.json,2024-05-15,CONMEBOL Libertadores,Palestino,Local,1 - 1,Emerson Rodríguez,,M,76,6.9,True,0,0,1,1,26,13%,3,0,0,13,7,0,0,0,0,0.13,True,0.0,0.0,1.1842105263157894,1.1842105263157894,8.289473684210526,0.0,2024
match:2024-05-15:local:palestino,2024-05-15_Local_Palestino.json,2024-05-15,CONMEBOL Libertadores,Palestino,Local,1 - 1,Jhoan Hernandez,,D,97,6.3,True,0,0,0,0,27,22%,1,0,0,7,4,0,0,0,0,0.22,True,0.0,0.0,0.0,0.0,3.711340206185567,0.0,2024
match:2024-05-15:local:palestino,2024-05-15_Local_Palestino.json,2024-05-15,CONMEBOL Libertadores,Palestino,Local,1 - 1,Jorge Arias,,D,10,6.3,False,0,0,0,0,4,3%,0,0,0,1,0,0,0,0,0,0.03,True,0.0,0.0,0.0,0.0,0.0,0.0,2024
match:2024-05-15:local:palestino,2024-05-15_Local_Palestino.json,2024-05-15,CONMEBOL Libertadores,Palestino,Local,1 - 1,Juan Carvajal,,F,87,7.9,True,1,0,5,2,15,13%,1,0,0,8,2,0,0,0,0,0.13,True,1.0344827586206897,0.0,5.172413793103448,2.0689655172413794,2.0689655172413794,0.0,2024
match:2024-05-15:local:palestino,2024-05-15_Local_Palestino.json,2024-05-15,CONMEBOL Libertadores,Palestino,Local,1 - 1,Juan Pablo Vargas,,D,97,7.9,True,0,0,2,1,46,35%,5,3,1,13,9,0,0,0,0,0.35,True,0.0,0.0,1.8556701030927836,0.9278350515463918,8.350515463917526,0.0,2024
match:2024-05-15:local:palestino,2024-05-15_Local_Palestino.json,2024-05-15,CONMEBOL Libertadores,Palestino,Local,1 - 1,Juan Pereira,,M,97,7.0,True,0,0,3,0,34,24%,3,1,0,13,7,0,0,0,0,0.24,True,0.0,0.0,2.783505154639175,0.0,6.494845360824741,0.0,2024
match:2024-05-15:local:palestino,2024-05-15_Local_Palestino.json,2024-05-15,CONMEBOL Libertadores,Palestino,Local,1 - 1,Larry Vásquez,,M,0,,False,0,0,0,0,0,0%,0,0,0,0,0,0,0,0,0,0.0,False,,,,,,,2024
match:2024-05-15:local:palestino,2024-05-15_Local_Palestino.json,2024-05-15,CONMEBOL Libertadores,Palestino,Local,1 - 1,Luis Paredes,,F,21,6.5,False,0,0,0,0,1,0%,0,0,0,2,1,0,1,0,0,0.0,True,0.0,0.0,0.0,0.0,4.285714285714286,0.0,2024
match:2024-05-15:local:palestino,2024-05-15_Local_Palestino.json,2024-05-15,CONMEBOL Libertadores,Palestino,Local,1 - 1,Nicolas Arevalo,,M,0,,False,0,0,0,0,0,0%,0,0,0,0,0,0,0,0,0,0.0,False,,,,,,,2024
match:2024-05-15:local:palestino,2024-05-15_Local_Palestino.json,2024-05-15,CONMEBOL Libertadores,Palestino,Local,1 - 1,Ramiro Brochero,,F,0,,False,0,0,0,0,0,0%,0,0,0,0,0,0,0,0,0,0.0,False,,,,,,,2024
match:2024-05-15:local:palestino,2024-05-15_Local_Palestino.json,2024-05-15,CONMEBOL Libertadores,Palestino,Local,1 - 1,Sander Navarro,,F,0,,False,0,0,0,0,0,0%,0,0,0,0,0,0,0,0,0,0.0,False,,,,,,,2024
match:2024-05-15:local:palestino,2024-05-15_Local_Palestino.json,2024-05-15,CONMEBOL Libertadores,Palestino,Local,1 - 1,Stiven Vega,,D,10,6.2,False,0,0,0,0,4,2%,0,0,0,2,1,0,1,0,0,0.02,True,0.0,0.0,0.0,0.0,9.0,0.0,2024
match:2024-05-15:local:palestino,2024-05-15_Local_Palestino.json,2024-05-15,CONMEBOL Libertadores,Palestino,Local,1 - 1,Álvaro Montero,,G,97,7.2,True,0,0,0,0,24,19%,0,0,0,0,0,0,0,0,0,0.19,True,0.0,0.0,0.0,0.0,0.0,0.0,2024
match:2024-05-20:local:bucaramanga,2024-05-20_Local_Bucaramanga.json,2024-05-20,Primera A,Bucaramanga,Local,0 - 1,Andrés Llinás,,D,90,6.9,True,0,0,0,0,26,24%,0,0,3,5,0,1,0,0,0,0.24,True,0.0,0.0,0.0,0.0,0.0,1.0,2024
match:2024-05-20:local:bucaramanga,2024-05-20_Local_Bucaramanga.json,2024-05-20,Primera A,Bucaramanga,Local,0 - 1,Daniel Ruiz,,M,69,7.7,True,0,0,2,0,36,29%,2,1,0,14,8,0,3,0,0,0.29,True,0.0,0.0,2.608695652173913,0.0,10.434782608695652,0.0,2024
match:2024-05-20:local:bucaramanga,2024-05-20_Local_Bucaramanga.json,2024-05-20,Primera A,Bucaramanga,Local,0 - 1,David Macalister Silva,,M,90,7.2,True,0,0,3,0,59,50%,0,0,0,11,3,2,1,1,0,0.5,True,0.0,0.0,3.0,0.0,3.0,2.0,2024
match:2024-05-20:local:bucaramanga,2024-05-20_Local_Bucaramanga.json,2024-05-20,Primera A,Bucaramanga,Local,0 - 1,Delvin Alfonzo,,D,82,6.9,True,0,0,0,0,29,25%,1,0,1,4,1,1,0,0,0,0.25,True,0.0,0.0,0.0,0.0,1.0975609756097562,1.0975609756097562,2024
match:2024-05-20:local:bucaramanga,2024-05-20_Local_Bucaramanga.json,2024-05-20,Primera A,Bucaramanga,Local,0 - 1,Diego Novoa,,G,0,,False,0,0,0,0,0,0%,0,0,0,0,0,0,0,0,0,0.0,False,,,,,,,2024
match:2024-05-20:local:bucaramanga,2024-05-20_Local_Bucaramanga.json,2024-05-20,Primera A,Bucaramanga,Local,0 - 1,Emerson Rodríguez,,M,69,6.6,True,0,0,1,0,22,13%,0,0,0,6,2,0,0,0,0,0.13,True,0.0,0.0,1.3043478260869565,0.0,2.608695652173913,0.0,2024
match:2024-05-20:local:bucaramanga,2024-05-20_Local_Bucaramanga.json,2024-05-20,Primera A,Bucaramanga,Local,0 - 1,Jhoan Hernandez,,D,66,6.7,True,0,0,1,0,35,28%,2,1,0,7,3,1,0,0,0,0.28,True,0.0,0.0,1.3636363636363638,0.0,4.090909090909091,1.3636363636363638,2024
match:2024-05-20:local:bucaramanga,2024-05-20_Local_Bucaramanga.json,2024-05-20,Primera A,Bucaramanga,Local,0 - 1,Jorge Arias,,D,8,6.6,False,0,0,0,0,6,6%,0,1,0,0,0,0,0,0,0,0.06,True,0.0,0.0,0.0,0.0,0.0,0.0,2024
match:2024-05-20:local:bucaramanga,2024-05-20_Local_Bucaramanga.json,2024-05-20,Primera A,Bucaramanga,Local,0 - 1,Juan Carvajal,,F,90,6.7,True,0,0,1,0,13,10%,0,0,0,7,1,1,1,0,0,0.1,True,0.0,0.0,1.0,0.0,1.0,1.0,2024
match:2024-05-20:local:bucaramanga,2024-05-20_Local_Bucaramanga.json,2024-05-20,Primera A,Bucaramanga,Local,0 - 1,Juan Pablo Vargas,,D,90,7.0,True,0,0,1,1,55,44%,1,1,1,8,5,1,1,1,0,0.44,True,0.0,0.0,1.0,1.0,5.0,1.0,2024
match:2024-05-20:local:bucaramanga,2024-05-20_Local_Bucaramanga.json,2024-05-20,Primera A,Bucaramanga,Local,0 - 1,Juan Pereira,,M,90,7.3,True,0,0,2,1,35,31%,4,2,0,7,5,0,0,0,0,0.31,True,0.0,0.0,2.0,1.0,5.0,0.0,2024
match:2024-05-20:local:bucaramanga,2024-05-20_Local_Bucaramanga.json,2024-05-20,Primera A,Bucaramanga,Local,0 - 1,Larry Vásquez,,M,0,,False,0,0,0,0,0,0%,0,0,0,0,0,0,0,0,0,0.0,False,,,,,,,2024
match:2024-05-20:local:bucaramanga,2024-05-20_Local_Bucaramanga.json,2024-05-20,Primera A,Bucaramanga,Local,0 - 1,Luis Paredes,,F,21,6.9,False,0,0,0,0,5,2%,1,0,0,5,4,0,1,0,0,0.02,True,0.0,0.0,0.0,0.0,17.142857142857142,0.0,2024
match:2024-05-20:local:bucaramanga,2024-05-20_Local_Bucaramanga.json,2024-05-20,Primera A,Bucaramanga,Local,0 - 1,Ramiro Brochero,,F,8,6.9,False,0,0,0,0,4,4%,1,0,0,3,2,0,0,0,0,0.04,True,0.0,0.0,0.0,0.0,22.5,0.0,2024
match:2024-05-20:local:bucaramanga,2024-05-20_Local_Bucaramanga.json,2024-05-20,Primera A,Bucaramanga,Local,0 - 1,Sander Navarro,,F,24,6.7,False,0,0,0,0,14,13%,0,1,0,2,0,1,0,0,0,0.13,True,0.0,0.0,0.0,0.0,0.0,3.75,2024
match:2024-05-20:local:bucaramanga,2024-05-20_Local_Bucaramanga.json,2024-05-20,Primera A,Bucaramanga,Local,0 - 1,Stiven Vega,,M,82,7.0,True,0,0,0,0,59,51%,1,0,0,5,3,1,1,0,0,0.51,True,0.0,0.0,0.0,0.0,3.292682926829268,1.0975609756097562,2024
match:2024-05-20:local:bucaramanga,2024-05-20_Local_Bucaramanga.json,2024-05-20,Primera A,Bucaramanga,Local,0 - 1,Yuber Quiñones,,F,21,6.6,False,0,0,0,0,10,7%,1,0,0,7,3,0,2,0,0,0.07,True,0.0,0.0,0.0,0.0,12.857142857142856,0.0,2024
match:2024-05-20:local:bucaramanga,2024-05-20_Local_Bucaramanga.json,2024-05-20,Primera A,Bucaramanga,Local,0 - 1,Álvaro Montero,,G,90,6.3,True,0,0,0,0,23,19%,0,0,0,0,0,0,0,0,0,0.19,True,0.0,0.0,0.0,0.0,0.0,0.0,2024
match:2024-05-22:visitante:bucaramanga,2024-05-22_Visitante_Bucaramanga.json,2024-05-22,Primera A,Bucaramanga,Visitante,0 - 0,Alex Moreno,,D,63,6.6,True,0,0,0,0,20,15%,1,1,0,5,2,0,0,0,0,0.15,True,0.0,0.0,0.0,0.0,2.8571428571428568,0.0,2024
match:2024-05-22:visitante:bucaramanga,2024-05-22_Visitante_Bucaramanga.json,2024-05-22,Primera A,Bucaramanga,Visitante,0 - 0,Andrés Llinás,,D,27,6.6,False,0,0,0,0,11,8%,0,4,0,0,0,0,0,1,0,0.08,True,0.0,0.0,0.0,0.0,0.0,0.0,2024
match:2024-05-22:visitante:bucaramanga,2024-05-22_Visitante_Bucaramanga.json,2024-05-22,Primera A,Bucaramanga,Visitante,0 - 0,Daniel Giraldo,,M,90,6.9,True,0,0,0,0,48,40%,0,2,0,7,3,1,2,1,0,0.4,True,0.0,0.0,0.0,0.0,3.0,1.0,2024
match:2024-05-22:visitante:bucaramanga,2024-05-22_Visitante_Bucaramanga.json,2024-05-22,Primera A,Bucaramanga,Visitante,0 - 0,Daniel Ruiz,,F,32,7.0,False,0,0,1,1,17,16%,0,0,0,5,4,0,2,0,0,0.16,True,0.0,0.0,2.8125,2.8125,11.25,0.0,2024
match:2024-05-22:visitante:bucaramanga,2024-05-22_Visitante_Bucaramanga.json,2024-05-22,Primera A,Bucaramanga,Visitante,0 - 0,Danovis Banguero,,D,90,6.9,True,0,0,0,0,39,31%,3,2,0,10,4,3,0,1,0,0.31,True,0.0,0.0,0.0,0.0,4.0,3.0,2024
match:2024-05-22:visitante:bucaramanga,2024-05-22_Visitante_Bucaramanga.json,2024-05-22,Primera A,Bucaramanga,Visitante,0 - 0,David Macalister Silva,,M,90,7.6,True,0,0,3,3,42,33%,1,1,0,12,7,0,4,0,0,0.33,True,0.0,0.0,3.0,3.0,7.0,0.0,2024
match:2024-05-22:visitante:bucaramanga,2024-05-22_Visitante_Bucaramanga.json,2024-05-22,Primera A,Bucaramanga,Visitante,0 - 0,Delvin Alfonzo,,D,90,6.6,True,0,0,1,0,24,16%,1,0,0,9,3,2,1,0,0,0.16,True,0.0,0.0,1.0,0.0,3.0,2.0,2024
match:2024-05-22:visitante:bucaramanga,2024-05-22_Visitante_Bucaramanga.json,2024-05-22,Primera A,Bucaramanga,Visitante,0 - 0,Diego Novoa,,G,0,,False,0,0,0,0,0,0%,0,0,0,0,0,0,0,0,0,0.0,False,,,,,,,2024
match:2024-05-22:visitante:bucaramanga,2024-05-22_Visitante_Bucaramanga.json,2024-05-22,Primera A,Bucaramanga,Visitante,0 - 0,Emerson Rodríguez,,M,13,6.6,False,0,0,1,1,5,3%,0,0,0,5,2,2,0,1,0,0.03,True,0.0,0.0,6.923076923076923,6.923076923076923,13.846153846153847,13.846153846153847,2024
match:2024-05-22:visitante:bucaramanga,2024-05-22_Visitante_Bucaramanga.json,2024-05-22,Primera A,Bucaramanga,Visitante,0 - 0,Jorge Arias,,D,90,7.5,True,0,0,0,0,41,34%,3,1,1,9,5,2,0,1,0,0.34,True,0.0,0.0,0.0,0.0,5.0,2.0,2024
match:2024-05-22:visitante:bucaramanga,2024-05-22_Visitante_Bucaramanga.json,2024-05-22,Primera A,Bucaramanga,Visitante,0 - 0,Juan Carvajal,,F,77,6.9,True,0,0,0,0,13,12%,1,0,0,6,4,1,3,0,0,0.12,True,0.0,0.0,0.0,0.0,4.675324675324676,1.168831168831169,2024
match:2024-05-22:visitante:bucaramanga,2024-05-22_Visitante_Bucaramanga.json,2024-05-22,Primera A,Bucaramanga,Visitante,0 - 0,Juan Pablo Vargas,,D,90,7.3,True,0,0,0,0,43,27%,3,3,1,5,5,0,2,0,0,0.27,True,0.0,0.0,0.0,0.0,5.0,0.0,2024
match:2024-05-22:visitante:bucaramanga,2024-05-22_Visitante_Bucaramanga.json,2024-05-22,Primera A,Bucaramanga,Visitante,0 - 0,Juan Pereira,,M,90,6.6,True,0,0,1,1,42,37%,0,1,0,8,1,1,0,0,0,0.37,True,0.0,0.0,1.0,1.0,1.0,1.0,2024
match:2024-05-22:visitante:bucaramanga,2024-05-22_Visitante_Bucaramanga.json,2024-05-22,Primera A,Bucaramanga,Visitante,0 - 0,Larry Vásquez,,M,58,7.0,True,0,0,1,0,37,35%,2,2,0,5,4,0,2,1,0,0.35,True,0.0,0.0,1.5517241379310345,0.0,6.206896551724138,0.0,2024
match:2024-05-22:visitante:bucaramanga,2024-05-22_Visitante_Bucaramanga.json,2024-05-22,Primera A,Bucaramanga,Visitante,0 - 0,Luis Paredes,,F,0,,False,0,0,0,0,0,0%,0,0,0,0,0,0,0,0,0,0.0,False,,,,,,,2024
match:2024-05-22:visitante:bucaramanga,2024-05-22_Visitante_Bucaramanga.json,2024-05-22,Primera A,Bucaramanga,Visitante,0 - 0,Ramiro Brochero,,F,0,,False,0,0,0,0,0,0%,0,0,0,0,0,0,0,0,0,0.0,False,,,,,,,2024
match:2024-05-22:visitante:bucaramanga,2024-05-22_Visitante_Bucaramanga.json,2024-05-22,Primera A,Bucaramanga,Visitante,0 - 0,Sander Navarro,,F,0,,False,0,0,0,0,0,0%,0,0,0,0,0,0,0,0,0,0.0,False,,,,,,,2024
match:2024-05-22:visitante:bucaramanga,2024-05-22_Visitante_Bucaramanga.json,2024-05-22,Primera A,Bucaramanga,Visitante,0 - 0,Álvaro Montero,,G,90,7.6,True,0,0,0,0,26,16%,0,0,0,0,0,0,0,0,0,0.16,True,0.0,0.0,0.0,0.0,0.0,0.0,2024
match:2024-05-25:visitante:deportivo_pereira,2024-05-25_Visitante_Deportivo_Pereira.json,2024-05-25,Primera A,Deportivo Pereira,Visitante,2 - 2,Alex Moreno,,D,101,6.9,True,0,0,0,0,22,17%,1,1,3,4,1,1,0,0,0,0.17,True,0.0,0.0,0.0,0.0,0.8910891089108911,0.8910891089108911,2024
match:2024-05-25:visitante:deportivo_pereira,2024-05-25_Visitante_Deportivo_Pereira.json,2024-05-25,Primera A,Deportivo Pereira,Visitante,2 - 2,Beckham Castro,,F,0,,False,0,0,0,0,0,0%,0,0,0,0,0,0,0,0,0,0.0,False,,,,,,,2024
match:2024-05-25:visitante:deportivo_pereira,2024-05-25_Visitante_Deportivo_Pereira.json,2024-05-25,Primera A,Deportivo Pereira,Visitante,2 - 2,Daniel Giraldo,,M,78,6.5,True,0,0,0,0,29,25%,0,2,1,4,1,1,1,2,1,0.25,True,0.0,0.0,0.0,0.0,1.1538461538461537,1.1538461538461537,2024
match:2024-05-25:visitante:deportivo_pereira,2024-05-25_Visitante_Deportivo_Pereira.json,2024-05-25,Primera A,Deportivo Pereira,Visitante,2 - 2,Daniel Ruiz,,M,85,7.6,True,1,0,3,2,28,20%,1,2,0,7,3,0,2,0,0,0.2,True,1.0588235294117647,0.0,3.176470588235294,2.1176470588235294,3.176470588235294,0.0,2024
match:2024-05-25:visitante:deportivo_pereira,2024-05-25_Visitante_Deportivo_Pereira.json,2024-05-25,Primera A,Deportivo Pereira,Visitante,2 - 2,Danovis Banguero,,M,30,6.3,False,0,0,0,0,6,3%,2,0,0,2,2,0,0,0,0,0.03,True,0.0,0.0,0.0,0.0,6.0,0.0,2024
match:2024-05-25:visitante:deportivo_pereira,2024-05-25_Visitante_Deportivo_Pereira.json,2024-05-25,Primera A,Deportivo Pereira,Visitante,2 - 2,David Macalister Silva,,M,101,7.7,True,0,0,0,0,40,31%,1,0,0,12,8,1,3,1,0,0.31,True,0.0,0.0,0.0,0.0,7.128712871287129,0.8910891089108911,2024
match:2024-05-25:visitante:deportivo_pereira,2024-05-25_Visitante_Deportivo_Pereira.json,2024-05-25,Primera A,Deportivo Pereira,Visitante,2 - 2,Delvin Alfonzo,,D,101,6.2,True,0,0,1,1,18,12%,3,0,0,10,5,1,1,0,0,0.12,True,0.0,0.0,0.8910891089108911,0.8910891089108911,4.455445544554456,0.8910891089108911,2024
match:2024-05-25:visitante:deportivo_pereira,2024-05-25_Visitante_Deportivo_Pereira.json,2024-05-25,Primera A,Deportivo Pereira,Visitante,2 - 2,Diego Novoa,,G,0,,False,0,0,0,0,0,0%,0,0,0,0,0,0,0,0,0,0.0,False,,,,,,,2024
match:2024-05-25:visitante:deportivo_pereira,2024-05-25_Visitante_Deportivo_Pereira.json,2024-05-25,Primera A,Deportivo Pereira,Visitante,2 - 2,Emerson Rodríguez,,M,86,6.9,True,0,0,1,1,14,10%,1,0,0,7,4,0,2,0,0,0.1,True,0.0,0.0,1.0465116279069768,1.0465116279069768,4.186046511627907,0.0,2024
match:2024-05-25:visitante:deportivo_pereira,2024-05-25_Visitante_Deportivo_Pereira.json,2024-05-25,Primera A,Deportivo Pereira,Visitante,2 - 2,Jorge Arias,,D,71,7.0,True,0,0,1,0,20,15%,1,0,0,3,2,0,0,0,0,0.15,True,0.0,0.0,1.267605633802817,0.0,2.535211267605634,0.0,2024
match:2024-05-25:visitante:deportivo_pereira,2024-05-25_Visitante_Deportivo_Pereira.json,2024-05-25,Primera A,Deportivo Pereira,Visitante,2 - 2,Juan Carvajal,,F,86,7.2,True,0,1,1,1,13,12%,2,0,0,8,4,0,2,0,0,0.12,True,0.0,1.0465116279069768,1.0465116279069768,1.0465116279069768,4.186046511627907,0.0,2024
match:2024-05-25:visitante:deportivo_pereira,2024-05-25_Visitante_Deportivo_Pereira.json,2024-05-25,Primera A,Deportivo Pereira,Visitante,2 - 2,Juan Pablo Vargas,,D,101,7.0,True,0,0,1,1,15,12%,1,0,1,5,3,0,0,0,0,0.12,True,0.0,0.0,0.8910891089108911,0.8910891089108911,2.673267326732673,0.0,2024
match:2024-05-25:visitante:deportivo_pereira,2024-05-25_Visitante_Deportivo_Pereira.json,2024-05-25,Primera A,Deportivo Pereira,Visitante,2 - 2,Juan Pereira,,M,101,7.3,True,1,0,3,1,28,24%,1,2,1,3,1,0,0,0,0,0.24,True,0.8910891089108911,0.0,2.673267326732673,0.8910891089108911,0.8910891089108911,0.0,2024
match:2024-05-25:visitante:deportivo_pereira,2024-05-25_Visitante_Deportivo_Pereira.json,2024-05-25,Primera A,Deportivo Pereira,Visitante,2 - 2,Larry Vásquez,,M,16,6.3,False,0,0,0,0,8,6%,1,0,1,2,1,0,0,0,0,0.06,True,0.0,0.0,0.0,0.0,5.625,0.0,2024
match:2024-05-25:visitante:deportivo_pereira,2024-05-25_Visitante_Deportivo_Pereira.json,2024-05-25,Primera A,Deportivo Pereira,Visitante,2 - 2,Luis Paredes,,F,15,6.9,False,0,0,1,0,3,1%,0,0,1,1,1,0,0,0,0,1.0,True,0.0,0.0,6.0,0.0,6.0,0.0,2024
match:2024-05-25:visitante:deportivo_pereira,2024-05-25_Visitante_Deportivo_Pereira.json,2024-05-25,Primera A,Deportivo Pereira,Visitante,2 - 2,Sander Navarro,,F,0,,False,0,0,0,0,0,0%,0,0,0,0,0,0,0,0,0,0.0,False,,,,,,,2024
match:2024-05-25:visitante:deportivo_pereira,2024-05-25_Visitante_Deportivo_Pereira.json,2024-05-25,Primera A,Deportivo Pereira,Visitante,2 - 2,Santiago Giordana,,F,15,6.7,False,0,0,1,0,4,1%,0,0,0,0,0,0,0,0,0,1.0,True,0.0,0.0,6.0,0.0,0.0,0.0,2024
match:2024-05-25:visitante:deportivo_pereira,2024-05-25_Visitante_Deportivo_Pereira.json,2024-05-25,Primera A,Deportivo Pereira,Visitante,2 - 2,Álvaro Montero,,G,101,6.5,True,0,0,0,0,20,16%,0,0,0,1,0,0,0,1,0,0.16,True,0.0,0.0,0.0,0.0,0.0,0.0,2024
match:2024-05-29:visitante:flamengo,2024-05-29_Visitante_Flamengo.json,2024-05-29,CONMEBOL Libertadores,Flamengo,Visitante,3 - 0,Alex Moreno,,D,0,,False,0,0,0,0,0,0%,0,0,0,0,0,0,0,0,0,0.0,False,,,,,,,2024
match:2024-05-29:visitante:flamengo,2024-05-29_Visitante_Flamengo.json,2024-05-29,CONMEBOL Libertadores,Flamengo,Visitante,3 - 0,Andrés Llinás,,D,90,7.2,True,0,0,0,0,38,32%,7,0,2,16,12,1,2,0,0,0.32,True,0.0,0.0,0.0,0.0,12.0,1.0,2024
match:2024-05-29:visitante:flamengo,2024-05-29_Visitante_Flamengo.json,2024-05-29,CONMEBOL Libertadores,Flamengo,Visitante,3 - 0,Beckham Castro,,F,0,,False,0,0,0,0,0,0%,0,0,0,0,0,0,0,0,0,0.0,False,,,,,,,2024
match:2024-05-29:visitante:flamengo,2024-05-29_Visitante_Flamengo.json,2024-05-29,CONMEBOL Libertadores,Flamengo,Visitante,3 - 0,Camilo Andrés Romero Jiménez,,G,0,,False,0,0,0,0,0,0%,0,0,0,0,0,0,0,0,0,0.0,False,,,,,,,2024
match:2024-05-29:visitante:flamengo,2024-05-29_Visitante_Flamengo.json,2024-05-29,CONMEBOL Libertadores,Flamengo,Visitante,3 - 0,Daniel Giraldo,,M,81,5.9,True,0,0,0,0,39,29%,0,1,0,7,0,4,0,1,0,0.29,True,0.0,0.0,0.0,0.0,0.0,4.444444444444445,2024
match:2024-05-29:visitante:flamengo,2024-05-29_Visitante_Flamengo.json,2024-05-29,CONMEBOL Libertadores,Flamengo,Visitante,3 - 0,Daniel Ruiz,,M,61,6.9,True,0,0,1,0,19,13%,0,2,0,4,4,0,1,0,0,0.13,True,0.0,0.0,1.4754098360655739,0.0,5.901639344262295,0.0,2024
match:2024-05-29:visitante:flamengo,2024-05-29_Visitante_Flamengo.json,2024-05-29,CONMEBOL Libertadores,Flamengo,Visitante,3 - 0,Danovis Banguero,,D,90,6.6,True,0,0,0,0,45,34%,2,0,0,15,11,2,1,0,0,0.34,True,0.0,0.0,0.0,0.0,11.0,2.0,2024
match:2024-05-29:visitante:flamengo,2024-05-29_Visitante_Flamengo.json,2024-05-29,CONMEBOL Libertadores,Flamengo,Visitante,3 - 0,David Macalister Silva,,M,81,6.6,True,0,0,2,1,34,29%,3,0,0,14,6,1,2,0,0,0.29,True,0.0,0.0,2.2222222222222223,1.1111111111111112,6.666666666666666,1.1111111111111112,2024
match:2024-05-29:visitante:flamengo,2024-05-29_Visitante_Flamengo.json,2024-05-29,CONMEBOL Libertadores,Flamengo,Visitante,3 - 0,Delvin Alfonzo,,D,90,6.2,True,0,0,1,0,41,30%,1,2,0,11,4,2,0,0,0,0.3,True,0.0,0.0,1.0,0.0,4.0,2.0,2024
match:2024-05-29:visitante:flamengo,2024-05-29_Visitante_Flamengo.json,2024-05-29,CONMEBOL Libertadores,Flamengo,Visitante,3 - 0,Diego Novoa,,G,0,,False,0,0,0,0,0,0%,0,0,0,0,0,0,0,0,0,0.0,False,,,,,,,2024
match:2024-05-29:visitante:flamengo,2024-05-29_Visitante_Flamengo.json,2024-05-29,CONMEBOL Libertadores,Flamengo,Visitante,3 - 0,Emerson Rodríguez,,F,90,6.9,True,0,0,1,1,20,16%,1,0,0,8,3,0,1,0,0,0.16,True,0.0,0.0,1.0,1.0,3.0,0.0,2024
match:2024-05-29:visitante:flamengo,2024-05-29_Visitante_Flamengo.json,2024-05-29,CONMEBOL Libertadores,Flamengo,Visitante,3 - 0,Jorge Arias,,D,61,6.3,True,0,0,0,0,21,15%,4,1,0,9,6,0,0,0,0,0.15,True,0.0,0.0,0.0,0.0,8.852459016393443,0.0,2024
match:2024-05-29:visitante:flamengo,2024-05-29_Visitante_Flamengo.json,2024-05-29,CONMEBOL Libertadores,Flamengo,Visitante,3 - 0,Juan Carvajal,,F,29,6.3,False,0,0,0,0,6,5%,0,0,0,3,1,1,1,0,0,0.05,True,0.0,0.0,0.0,0.0,3.103448275862069,3.103448275862069,2024
match:2024-05-29:visitante:flamengo,2024-05-29_Visitante_Flamengo.json,2024-05-29,CONMEBOL Libertadores,Flamengo,Visitante,3 - 0,Juan Pablo Vargas,,D,90,6.5,True,0,0,0,0,30,26%,2,3,0,3,3,0,0,0,0,0.26,True,0.0,0.0,0.0,0.0,3.0,0.0,2024
match:2024-05-29:visitante:flamengo,2024-05-29_Visitante_Flamengo.json,2024-05-29,CONMEBOL Libertadores,Flamengo,Visitante,3 - 0,Juan Pereira,,M,72,6.7,True,0,0,0,0,26,22%,5,3,0,13,7,1,1,0,0,0.22,True,0.0,0.0,0.0,0.0,8.75,1.25,2024
match:2024-05-29:visitante:flamengo,2024-05-29_Visitante_Flamengo.json,2024-05-29,CONMEBOL Libertadores,Flamengo,Visitante,3 - 0,Larry Vásquez,,M,18,7.3,False,0,0,0,0,15,15%,5,0,0,5,5,0,0,0,0,0.15,True,0.0,0.0,0.0,0.0,25.0,0.0,2024
match:2024-05-29:visitante:flamengo,2024-05-29_Visitante_Flamengo.json,2024-05-29,CONMEBOL Libertadores,Flamengo,Visitante,3 - 0,Luis Paredes,,F,9,6.3,False,0,0,0,0,5,4%,0,0,0,2,1,0,1,0,0,0.04,True,0.0,0.0,0.0,0.0,10.0,0.0,2024
match:2024-05-29:visitante:flamengo,2024-05-29_Visitante_Flamengo.json,2024-05-29,CONMEBOL Libertadores,Flamengo,Visitante,3 - 0,Nicolas Arevalo,,M,9,7.0,False,0,0,0,0,19,16%,3,0,0,3,3,0,0,0,0,0.16,True,0.0,0.0,0.0,0.0,30.0,0.0,2024
match:2024-05-29:visitante:flamengo,2024-05-29_Visitante_Flamengo.json,2024-05-29,CONMEBOL Libertadores,Flamengo,Visitante,3 - 0,Sander Navarro,,F,0,,False,0,0,0,0,0,0%,0,0,0,0,0,0,0,0,0,0.0,False,,,,,,,2024
match:2024-05-29:visitante:flamengo,2024-05-29_Visitante_Flamengo.json,2024-05-29,CONMEBOL Libertadores,Flamengo,Visitante,3 - 0,Santiago Giordana,,F,0,,False,0,0,0,0,0,0%,0,0,0,0,0,0,0,0,0,0.0,False,,,,,,,2024
match:2024-05-29:visitante:flamengo,2024-05-29_Visitante_Flamengo.json,2024-05-29,CONMEBOL Libertadores,Flamengo,Visitante,3 - 0,Yuber Quiñones,,F,29,7.0,False,0,0,2,1,13,11%,1,0,0,5,3,0,0,0,0,0.11,True,0.0,0.0,6.206896551724138,3.103448275862069,9.310344827586206,0.0,2024
match:2024-05-29:visitante:flamengo,2024-05-29_Visitante_Flamengo.json,2024-05-29,CONMEBOL Libertadores,Flamengo,Visitante,3 - 0,Álvaro Montero,,G,90,6.3,True,0,0,0,0,24,14%,0,0,0,2,1,0,0,0,0,0.14,True,0.0,0.0,0.0,0.0,1.0,0.0,2024
match:2024-05-29:visitante:flamengo,2024-05-29_Visitante_Flamengo.json,2024-05-29,CONMEBOL Libertadores,Flamengo,Visitante,3 - 0,Óscar Vanegas,,D,0,,False,0,0,0,0,0,0%,0,0,0,0,0,0,0,0,0,0.0,False,,,,,,,2024
match:2024-06-02:local:junior,2024-06-02_Local_Junior.json,2024-06-02,Primera A,Junior,Local,2 - 0,Alex Moreno,,D,0,,False,0,0,0,0,0,0%,0,0,0,0,0,0,0,0,0,0.0,False,,,,,,,2024
match:2024-06-02:local:junior,2024-06-02_Local_Junior.json,2024-06-02,Primera A,Junior,Local,2 - 0,Andrés Llinás,,D,97,6.7,True,0,0,0,0,26,21%,0,1,1,5,1,1,0,0,0,0.21,True,0.0,0.0,0.0,0.0,0.9278350515463918,0.9278350515463918,2024
match:2024-06-02:local:junior,2024-06-02_Local_Junior.json,2024-06-02,Primera A,Junior,Local,2 - 0,Beckham Castro,,F,6,,False,0,0,0,0,0,0%,0,0,0,1,0,1,0,0,0,0.0,True,0.0,0.0,0.0,0.0,0.0,15.0,2024
match:2024-06-02:local:junior,2024-06-02_Local_Junior.json,2024-06-02,Primera A,Junior,Local,2 - 0,Daniel Ruiz,,M,92,7.2,True,0,0,3,1,42,30%,0,0,0,9,3,0,2,0,0,0.3,True,0.0,0.0,2.934782608695652,0.9782608695652174,2.934782608695652,0.0,2024
match:2024-06-02:local:junior,2024-06-02_Local_Junior.json,2024-06-02,Primera A,Junior,Local,2 - 0,Danovis Banguero,,D,97,7.0,True,0,0,0,0,44,34%,1,1,1,7,2,2,1,0,0,0.34,True,0.0,0.0,0.0,0.0,1.8556701030927836,1.8556701030927836,2024
match:2024-06-02:local:junior,2024-06-02_Local_Junior.json,2024-06-02,Primera A,Junior,Local,2 - 0,David Macalister Silva,,M,91,8.0,True,0,0,2,1,52,37%,2,2,0,9,7,0,0,0,0,0.37,True,0.0,0.0,1.978021978021978,0.989010989010989,6.923076923076923,0.0,2024
match:2024-06-02:local:junior,2024-06-02_Local_Junior.json,2024-06-02,Primera A,Junior,Local,2 - 0,Delvin Alfonzo,,D,97,7.0,True,0,0,0,0,32,21%,1,1,0,3,2,1,0,0,0,0.21,True,0.0,0.0,0.0,0.0,1.8556701030927836,0.9278350515463918,2024
match:2024-06-02:local:junior,2024-06-02_Local_Junior.json,2024-06-02,Primera A,Junior,Local,2 - 0,Diego Novoa,,G,0,,False,0,0,0,0,0,0%,0,0,0,0,0,0,0,0,0,0.0,False,,,,,,,2024
match:2024-06-02:local:junior,2024-06-02_Local_Junior.json,2024-06-02,Primera A,Junior,Local,2 - 0,Emerson Rodríguez,,M,77,6.7,True,0,0,0,0,30,23%,1,0,0,9,3,1,1,1,0,0.23,True,0.0,0.0,0.0,0.0,3.5064935064935066,1.168831168831169,2024
match:2024-06-02:local:junior,2024-06-02_Local_Junior.json,2024-06-02,Primera A,Junior,Local,2 - 0,Jorge Arias,,D,97,7.3,True,0,0,0,0,44,33%,2,3,1,6,3,0,0,0,0,0.33,True,0.0,0.0,0.0,0.0,2.783505154639175,0.0,2024
match:2024-06-02:local:junior,2024-06-02_Local_Junior.json,2024-06-02,Primera A,Junior,Local,2 - 0,Juan Pereira,,M,97,8.0,True,1,0,5,2,42,37%,3,2,0,10,4,1,0,0,0,0.37,True,0.9278350515463918,0.0,4.639175257731958,1.8556701030927836,3.711340206185567,0.9278350515463918,2024
match:2024-06-02:local:junior,2024-06-02_Local_Junior.json,2024-06-02,Primera A,Junior,Local,2 - 0,Larry Vásquez,,M,71,6.9,True,0,0,1,0,36,32%,3,0,1,8,3,4,0,1,0,0.32,True,0.0,0.0,1.267605633802817,0.0,3.8028169014084505,5.070422535211268,2024
match:2024-06-02:local:junior,2024-06-02_Local_Junior.json,2024-06-02,Primera A,Junior,Local,2 - 0,Luis Paredes,,F,20,6.7,False,0,0,0,0,9,8%,0,0,0,0,0,0,0,0,0,0.08,True,0.0,0.0,0.0,0.0,0.0,0.0,2024
match:2024-06-02:local:junior,2024-06-02_Local_Junior.json,2024-06-02,Primera A,Junior,Local,2 - 0,Nicolas Arevalo,,M,26,6.7,False,0,0,0,0,16,13%,1,0,0,4,1,1,0,0,0,0.13,True,0.0,0.0,0.0,0.0,3.4615384615384617,3.4615384615384617,2024
match:2024-06-02:local:junior,2024-06-02_Local_Junior.json,2024-06-02,Primera A,Junior,Local,2 - 0,Ramiro Brochero,,F,5,,False,0,0,0,0,0,0%,0,0,0,0,0,0,0,0,0,0.0,True,0.0,0.0,0.0,0.0,0.0,0.0,2024
match:2024-06-02:local:junior,2024-06-02_Local_Junior.json,2024-06-02,Primera A,Junior,Local,2 - 0,Sander Navarro,,F,5,,False,0,0,0,0,0,0%,0,0,0,0,0,0,0,0,0,0.0,True,0.0,0.0,0.0,0.0,0.0,0.0,2024
match:2024-06-02:local:junior,2024-06-02_Local_Junior.json,2024-06-02,Primera A,Junior,Local,2 - 0,Santiago Giordana,,F,92,6.6,True,0,0,3,1,11,7%,0,1,0,4,0,2,0,0,0,0.07,True,0.0,0.0,2.934782608695652,0.9782608695652174,0.0,1.9565217391304348,2024
match:2024-06-02:local:junior,2024-06-02_Local_Junior.json,2024-06-02,Primera A,Junior,Local,2 - 0,Álvaro Montero,,G,97,6.9,True,0,0,0,0,26,18%,0,0,0,1,0,0,0,0,0,0.18,True,0.0,0.0,0.0,0.0,0.0,0.0,2024
match:2024-07-09:visitante:river_plate,2024-07-09_Visitante_River_Plate.json,2024-07-09,Friendlies Clubs,River Plate,Visitante,1 - 1,Alex Moreno,,D,0,,False,0,0,0,0,0,0%,0,0,0,0,0,0,0,0,0,0.0,False,,,,,,,2024
match:2024-07-09:visitante:river_plate,2024-07-09_Visitante_River_Plate.json,2024-07-09,Friendlies Clubs,River Plate,Visitante,1 - 1,Andrés Llinás,,D,94,7.3,True,0,0,1,0,27,21%,2,3,1,8,7,1,3,0,0,0.21,True,0.0,0.0,0.9574468085106382,0.0,6.702127659574468,0.9574468085106382,2024
match:2024-07-09:visitante:river_plate,2024-07-09_Visitante_River_Plate.json,2024-07-09,Friendlies Clubs,River Plate,Visitante,1 - 1,Brayan Campáz,,F,0,,False,0,0,0,0,0,0%,0,0,0,0,0,0,0,0,0,0.0,False,,,,,,,2024
match:2024-07-09:visitante:river_plate,2024-07-09_Visitante_River_Plate.json,2024-07-09,Friendlies Clubs,River Plate,Visitante,1 - 1,Camilo Andrés Romero Jiménez,,G,0,,False,0,0,0,0,0,0%,0,0,0,0,0,0,0,0,0,0.0,False,,,,,,,2024
match:2024-07-09:visitante:river_plate,2024-07-09_Visitante_River_Plate.json,2024-07-09,Friendlies Clubs,River Plate,Visitante,1 - 1,Carlos Sarabia,,D,0,,False,0,0,0,0,0,0%,0,0,0,0,0,0,0,0,0,0.0,False,,,,,,,2024
match:2024-07-09:visitante:river_plate,2024-07-09_Visitante_River_Plate.json,2024-07-09,Friendlies Clubs,River Plate,Visitante,1 - 1,Daniel Giraldo,,M,65,6.2,True,0,0,0,0,31,22%,0,0,0,5,1,3,0,0,0,0.22,True,0.0,0.0,0.0,0.0,1.3846153846153846,4.153846153846154,2024
match:2024-07-09:visitante:river_plate,2024-07-09_Visitante_River_Plate.json,2024-07-09,Friendlies Clubs,River Plate,Visitante,1 - 1,Daniel Mantilla,,M,29,6.7,False,0,0,0,0,6,5%,0,0,0,1,0,0,0,0,0,0.05,True,0.0,0.0,0.0,0.0,0.0,0.0,2024
match:2024-07-09:visitante:river_plate,2024-07-09_Visitante_River_Plate.json,2024-07-09,Friendlies Clubs,River Plate,Visitante,1 - 1,Daniel Ruiz,,F,29,6.6,False,0,0,0,0,6,5%,0,0,0,5,2,2,1,0,0,0.05,True,0.0,0.0,0.0,0.0,6.206896551724138,6.206896551724138,2024
match:2024-07-09:visitante:river_plate,2024-07-09_Visitante_River_Plate.json,2024-07-09,Friendlies Clubs,River Plate,Visitante,1 - 1,Danovis Banguero,,D,94,6.9,True,0,0,0,0,47,30%,2,1,0,5,3,0,0,0,0,0.3,True,0.0,0.0,0.0,0.0,2.8723404255319145,0.0,2024
match:2024-07-09:visitante:river_plate,2024-07-09_Visitante_River_Plate.json,2024-07-09,Friendlies Clubs,River Plate,Visitante,1 - 1,David Macalister Silva,,M,65,6.5,True,0,0,0,0,24,21%,0,0,0,6,1,1,1,0,0,0.21,True,0.0,0.0,0.0,0.0,1.3846153846153846,1.3846153846153846,2024
match:2024-07-09:visitante:river_plate,2024-07-09_Visitante_River_Plate.json,2024-07-09,Friendlies Clubs,River Plate,Visitante,1 - 1,Delvin Alfonzo,,D,94,6.7,True,0,0,0,0,26,22%,2,1,2,9,2,1,0,0,0,0.22,True,0.0,0.0,0.0,0.0,1.9148936170212765,0.9574468085106382,2024
match:2024-07-09:visitante:river_plate,2024-07-09_Visitante_River_Plate.json,2024-07-09,Friendlies Clubs,River Plate,Visitante,1 - 1,Felix Charrupí,,M,94,7.5,True,0,0,0,0,33,23%,5,2,1,16,10,2,3,0,0,0.23,True,0.0,0.0,0.0,0.0,9.574468085106384,1.9148936170212765,2024
match:2024-07-09:visitante:river_plate,2024-07-09_Visitante_River_Plate.json,2024-07-09,Friendlies Clubs,River Plate,Visitante,1 - 1,Iván Arboleda,,G,94,6.9,True,0,0,0,0,26,14%,0,0,0,1,1,0,1,0,0,0.14,True,0.0,0.0,0.0,0.0,0.9574468085106382,0.0,2024
match:2024-07-09:visitante:river_plate,2024-07-09_Visitante_River_Plate.json,2024-07-09,Friendlies Clubs,River Plate,Visitante,1 - 1,Jhon Córdoba,,M,65,6.5,True,0,0,0,0,13,11%,1,0,0,10,4,1,2,0,0,0.11,True,0.0,0.0,0.0,0.0,5.538461538461538,1.3846153846153846,2024
match:2024-07-09:visitante:river_plate,2024-07-09_Visitante_River_Plate.json,2024-07-09,Friendlies Clubs,River Plate,Visitante,1 - 1,Jhon Largacha,,M,0,,False,0,0,0,0,0,0%,0,0,0,0,0,0,0,0,0,0.0,False,,,,,,,2024
match:2024-07-09:visitante:river_plate,2024-07-09_Visitante_River_Plate.json,2024-07-09,Friendlies Clubs,River Plate,Visitante,1 - 1,Jorge Arias,,D,94,6.5,True,0,0,0,0,29,22%,0,4,0,6,3,1,0,0,0,0.22,True,0.0,0.0,0.0,0.0,2.8723404255319145,0.9574468085106382,2024
match:2024-07-09:visitante:river_plate,2024-07-09_Visitante_River_Plate.json,2024-07-09,Friendlies Clubs,River Plate,Visitante,1 - 1,Juan Pereira,,M,29,6.7,False,0,0,0,0,16,13%,0,0,0,5,2,1,0,0,0,0.13,True,0.0,0.0,0.0,0.0,6.206896551724138,3.103448275862069,2024
match:2024-07-09:visitante:river_plate,2024-07-09_Visitante_River_Plate.json,2024-07-09,Friendlies Clubs,River Plate,Visitante,1 - 1,Juan Ramirez,,M,29,6.6,False,0,0,1,0,8,5%,0,0,0,0,0,0,0,0,0,0.05,True,0.0,0.0,3.103448275862069,0.0,0.0,0.0,2024
match:2024-07-09:visitante:river_plate,2024-07-09_Visitante_River_Plate.json,2024-07-09,Friendlies Clubs,River Plate,Visitante,1 - 1,Leonardo Castro,,M,65,7.2,True,0,0,3,3,19,14%,0,0,0,10,5,0,2,0,0,0.14,True,0.0,0.0,4.153846153846154,4.153846153846154,6.923076923076923,0.0,2024
match:2024-07-09:visitante:river_plate,2024-07-09_Visitante_River_Plate.json,2024-07-09,Friendlies Clubs,River Plate,Visitante,1 - 1,Nicolas Arevalo,,M,0,,False,0,0,0,0,0,0%,0,0,0,0,0,0,0,0,0,0.0,False,,,,,,,2024
match:2024-07-09:visitante:river_plate,2024-07-09_Visitante_River_Plate.json,2024-07-09,Friendlies Clubs,River Plate,Visitante,1 - 1,Radamel Falcao,,F,64,6.9,True,0,0,1,0,14,12%,0,0,0,13,6,1,3,0,0,0.12,True,0.0,0.0,1.40625,0.0,8.4375,1.40625,2024
match:2024-07-09:visitante:river_plate,2024-07-09_Visitante_River_Plate.json,2024-07-09,Friendlies Clubs,River Plate,Visitante,1 - 1,Ricardo Rosales,,F,0,,False,0,0,0,0,0,0%,0,0,0,0,0,0,0,0,0,0.0,False,,,,,,,2024
match:2024-07-09:visitante:river_plate,2024-07-09_Visitante_River_Plate.json,2024-07-09,Friendlies Clubs,River Plate,Visitante,1 - 1,Santiago Giordana,,F,30,7.3,False,1,0,3,2,2,1%,1,0,0,5,2,1,0,0,0,1.0,True,3.0,0.0,9.0,6.0,6.0,3.0,2024
match:2024-07-19:visitante:independiente_medellin,2024-07-19_Visitante_Independiente_Medellin.json,2024-07-19,Primera A,Independiente Medellin,Visitante,1 - 1,Andrés Llinás,,D,90,6.5,True,0,0,0,0,39,30%,0,2,1,5,1,3,0,1,0,0.3,True,0.0,0.0,0.0,0.0,1.0,3.0,2024
match:2024-07-19:visitante:independiente_medellin,2024-07-19_Visitante_Independiente_Medellin.json,2024-07-19,Primera A,Independiente Medellin,Visitante,1 - 1,Daniel Giraldo,,M,45,6.9,True,0,0,0,0,25,20%,2,1,0,3,2,0,0,0,0,0.2,True,0.0,0.0,0.0,0.0,4.0,0.0,2024
match:2024-07-19:visitante:independiente_medellin,2024-07-19_Visitante_Independiente_Medellin.json,2024-07-19,Primera A,Independiente Medellin,Visitante,1 - 1,Daniel Mantilla,,M,45,6.3,False,0,0,0,0,14,10%,1,0,0,6,2,2,1,1,0,0.1,True,0.0,0.0,0.0,0.0,4.0,4.0,2024
match:2024-07-19:visitante:independiente_medellin,2024-07-19_Visitante_Independiente_Medellin.json,2024-07-19,Primera A,Independiente Medellin,Visitante,1 - 1,Daniel Ruiz,,M,45,6.3,True,0,0,0,0,18,17%,0,0,0,4,2,1,1,0,0,0.17,True,0.0,0.0,0.0,0.0,4.0,2.0,2024
match:2024-07-19:visitante:independiente_medellin,2024-07-19_Visitante_Independiente_Medellin.json,2024-07-19,Primera A,Independiente Medellin,Visitante,1 - 1,Danovis Banguero,,D,90,6.6,True,0,0,1,1,45,27%,2,3,0,12,7,2,0,0,0,0.27,True,0.0,0.0,1.0,1.0,7.0,2.0,2024
match:2024-07-19:visitante:independiente_medellin,2024-07-19_Visitante_Independiente_Medellin.json,2024-07-19,Primera A,Independiente Medellin,Visitante,1 - 1,David Macalister Silva,,M,82,7.2,True,0,0,0,0,45,35%,2,0,0,6,4,0,1,0,0,0.35,True,0.0,0.0,0.0,0.0,4.390243902439025,0.0,2024
match:2024-07-19:visitante:independiente_medellin,2024-07-19_Visitante_Independiente_Medellin.json,2024-07-19,Primera A,Independiente Medellin,Visitante,1 - 1,Delvin Alfonzo,,D,90,6.2,True,0,0,1,0,30,20%,2,1,0,6,2,1,0,1,0,0.2,True,0.0,0.0,1.0,0.0,2.0,1.0,2024
match:2024-07-19:visitante:independiente_medellin,2024-07-19_Visitante_Independiente_Medellin.json,2024-07-19,Primera A,Independiente Medellin,Visitante,1 - 1,Felix Charrupí,,M,90,7.5,True,0,0,0,0,42,31%,4,1,1,10,6,3,0,1,0,0.31,True,0.0,0.0,0.0,0.0,6.0,3.0,2024
match:2024-07-19:visitante:independiente_medellin,2024-07-19_Visitante_Independiente_Medellin.json,2024-07-19,Primera A,Independiente Medellin,Visitante,1 - 1,Iván Arboleda,,G,90,6.3,True,0,0,0,0,23,13%,0,0,0,0,0,0,0,0,0,0.13,True,0.0,0.0,0.0,0.0,0.0,0.0,2024
match:2024-07-19:visitante:independiente_medellin,2024-07-19_Visitante_Independiente_Medellin.json,2024-07-19,Primera A,Independiente Medellin,Visitante,1 - 1,Jhon Córdoba,,M,90,6.9,True,0,0,1,0,24,18%,3,0,1,13,6,1,2,0,0,0.18,True,0.0,0.0,1.0,0.0,6.0,1.0,2024
match:2024-07-19:visitante:independiente_medellin,2024-07-19_Visitante_Independiente_Medellin.json,2024-07-19,Primera A,Independiente Medellin,Visitante,1 - 1,Jonathan Gonzalez,,G,0,,False,0,0,0,0,0,0%,0,0,0,0,0,0,0,0,0,0.0,False,,,,,,,2024
match:2024-07-19:visitante:independiente_medellin,2024-07-19_Visitante_Independiente_Medellin.json,2024-07-19,Primera A,Independiente Medellin,Visitante,1 - 1,Jorge Arias,,D,90,6.7,True,0,0,0,0,35,26%,0,5,0,6,2,0,1,0,0,0.26,True,0.0,0.0,0.0,0.0,2.0,0.0,2024
match:2024-07-19:visitante:independiente_medellin,2024-07-19_Visitante_Independiente_Medellin.json,2024-07-19,Primera A,Independiente Medellin,Visitante,1 - 1,Juan Pereira,,M,8,6.7,False,0,0,0,0,7,6%,0,1,0,0,0,0,0,0,0,0.06,True,0.0,0.0,0.0,0.0,0.0,0.0,2024
match:2024-07-19:visitante:independiente_medellin,2024-07-19_Visitante_Independiente_Medellin.json,2024-07-19,Primera A,Independiente Medellin,Visitante,1 - 1,Leonardo Castro,,F,82,6.9,True,0,0,0,0,18,16%,0,0,0,8,3,0,2,0,0,0.16,True,0.0,0.0,0.0,0.0,3.292682926829268,0.0,2024
match:2024-07-19:visitante:independiente_medellin,2024-07-19_Visitante_Independiente_Medellin.json,2024-07-19,Primera A,Independiente Medellin,Visitante,1 - 1,Radamel Falcao,,F,45,6.3,False,0,0,1,1,9,8%,0,1,0,7,0,0,0,0,0,0.08,True,0.0,0.0,2.0,2.0,0.0,0.0,2024
match:2024-07-19:visitante:independiente_medellin,2024-07-19_Visitante_Independiente_Medellin.json,2024-07-19,Primera A,Independiente Medellin,Visitante,1 - 1,Santiago Giordana,,F,8,7.9,False,1,0,1,1,3,2%,1,0,1,3,3,0,1,0,0,0.02,True,11.25,0.0,11.25,11.25,33.75,0.0,2024
match:2024-07-19:visitante:independiente_medellin,2024-07-19_Visitante_Independiente_Medellin.json,2024-07-19,Primera A,Independiente Medellin,Visitante,1 - 1,Sergio Mosquera,,D,0,,False,0,0,0,0,0,0%,0,0,0,0,0,0,0,0,0,0.0,False,,,,,,,2024
match:2024-07-21:local:bucaramanga,2024-07-21_Local_Bucaramanga.json,2024-07-21,Primera A,Bucaramanga,Local,1 - 0,Andrés Llinás,,D,90,7.3,True,0,0,1,0,39,31%,1,1,0,5,4,1,1,0,0,0.31,True,0.0,0.0,1.0,0.0,4.0,1.0,2024
match:2024-07-21:local:bucaramanga,2024-07-21_Local_Bucaramanga.json,2024-07-21,Primera A,Bucaramanga,Local,1 - 0,Daniel Giraldo,,M,90,7.2,True,0,0,0,0,47,41%,2,0,0,7,3,1,0,0,0,0.41,True,0.0,0.0,0.0,0.0,3.0,1.0,2024
match:2024-07-21:local:bucaramanga,2024-07-21_Local_Bucaramanga.json,2024-07-21,Primera A,Bucaramanga,Local,1 - 0,Daniel Mantilla,,M,17,6.6,False,0,0,0,0,4,3%,1,0,0,1,1,0,0,0,0,0.03,True,0.0,0.0,0.0,0.0,5.294117647058823,0.0,2024
match:2024-07-21:local:bucaramanga,2024-07-21_Local_Bucaramanga.json,2024-07-21,Primera A,Bucaramanga,Local,1 - 0,Daniel Ruiz,,F,17,6.9,False,0,0,0,0,7,6%,1,0,0,2,2,0,0,0,0,0.06,True,0.0,0.0,0.0,0.0,10.588235294117647,0.0,2024
match:2024-07-21:local:bucaramanga,2024-07-21_Local_Bucaramanga.json,2024-07-21,Primera A,Bucaramanga,Local,1 - 0,Danovis Banguero,,D,90,7.3,True,1,0,1,1,44,29%,1,3,0,4,2,0,1,0,0,0.29,True,1.0,0.0,1.0,1.0,2.0,0.0,2024
match:2024-07-21:local:bucaramanga,2024-07-21_Local_Bucaramanga.json,2024-07-21,Primera A,Bucaramanga,Local,1 - 0,David Macalister Silva,,M,73,7.2,True,0,0,0,0,33,28%,0,1,0,4,2,0,1,0,0,0.28,True,0.0,0.0,0.0,0.0,2.4657534246575343,0.0,2024
match:2024-07-21:local:bucaramanga,2024-07-21_Local_Bucaramanga.json,2024-07-21,Primera A,Bucaramanga,Local,1 - 0,Delvin Alfonzo,,D,90,7.0,True,0,0,1,0,32,23%,1,1,0,2,1,1,0,1,0,0.23,True,0.0,0.0,1.0,0.0,1.0,1.0,2024
match:2024-07-21:local:bucaramanga,2024-07-21_Local_Bucaramanga.json,2024-07-21,Primera A,Bucaramanga,Local,1 - 0,Felix Charrupí,,M,90,7.5,True,0,0,1,0,38,31%,3,2,0,13,6,1,3,0,0,0.31,True,0.0,0.0,1.0,0.0,6.0,1.0,2024
match:2024-07-21:local:bucaramanga,2024-07-21_Local_Bucaramanga.json,2024-07-21,Primera A,Bucaramanga,Local,1 - 0,Iván Arboleda,,G,90,7.2,True,0,0,0,0,15,9%,0,0,0,0,0,0,0,0,0,0.09,True,0.0,0.0,0.0,0.0,0.0,0.0,2024
match:2024-07-21:local:bucaramanga,2024-07-21_Local_Bucaramanga.json,2024-07-21,Primera A,Bucaramanga,Local,1 - 0,Jhon Córdoba,,M,73,6.9,True,0,0,1,0,16,10%,0,0,0,7,4,1,1,1,0,0.1,True,0.0,0.0,1.2328767123287672,0.0,4.931506849315069,1.2328767123287672,2024
match:2024-07-21:local:bucaramanga,2024-07-21_Local_Bucaramanga.json,2024-07-21,Primera A,Bucaramanga,Local,1 - 0,Jonathan Gonzalez,,G,0,,False,0,0,0,0,0,0%,0,0,0,0,0,0,0,0,0,0.0,False,,,,,,,2024
match:2024-07-21:local:bucaramanga,2024-07-21_Local_Bucaramanga.json,2024-07-21,Primera A,Bucaramanga,Local,1 - 0,Juan Pablo Vargas,,D,90,7.3,True,0,0,0,0,41,33%,0,2,0,6,4,0,0,0,0,0.33,True,0.0,0.0,0.0,0.0,4.0,0.0,2024
match:2024-07-21:local:bucaramanga,2024-07-21_Local_Bucaramanga.json,2024-07-21,Primera A,Bucaramanga,Local,1 - 0,Juan Pereira,,M,0,,False,0,0,0,0,0,0%,0,0,0,0,0,0,0,0,0,0.0,False,,,,,,,2024
match:2024-07-21:local:bucaramanga,2024-07-21_Local_Bucaramanga.json,2024-07-21,Primera A,Bucaramanga,Local,1 - 0,Juan Ramirez,,M,0,,False,0,0,0,0,0,0%,0,0,0,0,0,0,0,0,0,0.0,False,,,,,,,2024
match:2024-07-21:local:bucaramanga,2024-07-21_Local_Bucaramanga.json,2024-07-21,Primera A,Bucaramanga,Local,1 - 0,Leonardo Castro,,F,86,6.5,True,0,0,3,2,15,10%,0,0,0,9,2,2,1,1,0,0.1,True,0.0,0.0,3.13953488372093,2.0930232558139537,2.0930232558139537,2.0930232558139537,2024
match:2024-07-21:local:bucaramanga,2024-07-21_Local_Bucaramanga.json,2024-07-21,Primera A,Bucaramanga,Local,1 - 0,Radamel Falcao,,F,77,7.6,True,0,0,6,1,20,18%,0,0,0,8,5,0,4,0,0,0.18,True,0.0,0.0,7.012987012987013,1.168831168831169,5.844155844155844,0.0,2024
match:2024-07-21:local:bucaramanga,2024-07-21_Local_Bucaramanga.json,2024-07-21,Primera A,Bucaramanga,Local,1 - 0,Santiago Giordana,,F,13,6.9,False,0,0,0,0,5,3%,0,0,0,7,4,2,3,0,0,0.03,True,0.0,0.0,0.0,0.0,27.692307692307693,13.846153846153847,2024
match:2024-07-21:local:bucaramanga,2024-07-21_Local_Bucaramanga.json,2024-07-21,Primera A,Bucaramanga,Local,1 - 0,Sergio Mosquera,,D,10,6.6,False,0,0,1,0,2,1%,0,0,0,1,1,0,0,1,0,1.0,True,0.0,0.0,9.0,0.0,9.0,0.0,2024
match:2024-07-25:local:atletico_nacional,2024-07-25_Local_Atletico_Nacional.json,2024-07-25,Primera A,Atletico Nacional,Local,1 - 2,Andrés Llinás,,D,90,6.7,True,0,0,0,0,34,29%,1,1,2,8,4,1,0,1,0,0.29,True,0.0,0.0,0.0,0.0,4.0,1.0,2024
match:2024-07-25:local:atletico_nacional,2024-07-25_Local_Atletico_Nacional.json,2024-07-25,Primera A,Atletico Nacional,Local,1 - 2,Daniel Giraldo,,M,9,6.2,False,0,0,0,0,2,1%,0,0,0,1,0,0,0,0,0,1.0,True,0.0,0.0,0.0,0.0,0.0,0.0,2024
match:2024-07-25:local:atletico_nacional,2024-07-25_Local_Atletico_Nacional.json,2024-07-25,Primera A,Atletico Nacional,Local,1 - 2,Daniel Mantilla,,M,9,6.7,False,0,0,0,0,3,2%,0,0,0,1,1,0,1,0,0,0.02,True,0.0,0.0,0.0,0.0,10.0,0.0,2024
match:2024-07-25:local:atletico_nacional,2024-07-25_Local_Atletico_Nacional.json,2024-07-25,Primera A,Atletico Nacional,Local,1 - 2,Danovis Banguero,,D,90,6.9,True,1,0,1,1,33,26%,2,2,0,5,2,3,0,1,0,0.26,True,1.0,0.0,1.0,1.0,2.0,3.0,2024
match:2024-07-25:local:atletico_nacional,2024-07-25_Local_Atletico_Nacional.json,2024-07-25,Primera A,Atletico Nacional,Local,1 - 2,David Macalister Silva,,M,81,7.7,True,0,0,0,0,54,41%,2,0,1,2,2,0,0,0,0,0.41,True,0.0,0.0,0.0,0.0,2.2222222222222223,0.0,2024
match:2024-07-25:local:atletico_nacional,2024-07-25_Local_Atletico_Nacional.json,2024-07-25,Primera A,Atletico Nacional,Local,1 - 2,Delvin Alfonzo,,D,90,6.9,True,0,1,0,0,30,23%,0,1,0,2,1,1,1,0,0,0.23,True,0.0,1.0,0.0,0.0,1.0,1.0,2024
match:2024-07-25:local:atletico_nacional,2024-07-25_Local_Atletico_Nacional.json,2024-07-25,Primera A,Atletico Nacional,Local,1 - 2,Diego Novoa,,G,67,7.0,False,0,0,0,0,15,6%,0,0,0,0,0,0,0,0,0,0.06,True,0.0,0.0,0.0,0.0,0.0,0.0,2024
match:2024-07-25:local:atletico_nacional,2024-07-25_Local_Atletico_Nacional.json,2024-07-25,Primera A,Atletico Nacional,Local,1 - 2,Felix Charrupí,,M,90,6.9,True,0,0,1,0,43,31%,2,0,0,11,7,0,1,0,0,0.31,True,0.0,0.0,1.0,0.0,7.0,0.0,2024
match:2024-07-25:local:atletico_nacional,2024-07-25_Local_Atletico_Nacional.json,2024-07-25,Primera A,Atletico Nacional,Local,1 - 2,Iván Arboleda,,G,19,3.0,True,0,0,0,0,2,2%,0,0,0,1,0,1,0,0,1,0.02,True,0.0,0.0,0.0,0.0,0.0,4.7368421052631575,2024
match:2024-07-25:local:atletico_nacional,2024-07-25_Local_Atletico_Nacional.json,2024-07-25,Primera A,Atletico Nacional,Local,1 - 2,Jhon Córdoba,,M,81,6.5,True,0,0,0,0,15,9%,0,1,0,14,5,1,3,0,0,0.09,True,0.0,0.0,0.0,0.0,5.555555555555555,1.1111111111111112,2024
match:2024-07-25:local:atletico_nacional,2024-07-25_Local_Atletico_Nacional.json,2024-07-25,Primera A,Atletico Nacional,Local,1 - 2,Jovani Welch,,M,23,6.5,True,0,0,0,0,15,11%,1,0,0,6,2,1,1,0,0,0.11,True,0.0,0.0,0.0,0.0,7.826086956521739,3.9130434782608696,2024
match:2024-07-25:local:atletico_nacional,2024-07-25_Local_Atletico_Nacional.json,2024-07-25,Primera A,Atletico Nacional,Local,1 - 2,Juan Pablo Vargas,,D,90,6.9,True,0,0,1,0,37,32%,2,1,0,7,5,0,0,0,0,0.32,True,0.0,0.0,1.0,0.0,5.0,0.0,2024
match:2024-07-25:local:atletico_nacional,2024-07-25_Local_Atletico_Nacional.json,2024-07-25,Primera A,Atletico Nacional,Local,1 - 2,Juan Ramirez,,M,0,,False,0,0,0,0,0,0%,0,0,0,0,0,0,0,0,0,0.0,False,,,,,,,2024
match:2024-07-25:local:atletico_nacional,2024-07-25_Local_Atletico_Nacional.json,2024-07-25,Primera A,Atletico Nacional,Local,1 - 2,Kevin Palacios,,M,45,6.3,False,0,0,0,0,9,8%,1,0,0,4,2,0,1,0,0,0.08,True,0.0,0.0,0.0,0.0,4.0,0.0,2024
match:2024-07-25:local:atletico_nacional,2024-07-25_Local_Atletico_Nacional.json,2024-07-25,Primera A,Atletico Nacional,Local,1 - 2,Leonardo Castro,,F,45,6.9,True,0,0,0,0,17,10%,0,0,0,10,8,1,4,2,1,0.1,True,0.0,0.0,0.0,0.0,16.0,2.0,2024
match:2024-07-25:local:atletico_nacional,2024-07-25_Local_Atletico_Nacional.json,2024-07-25,Primera A,Atletico Nacional,Local,1 - 2,Radamel Falcao,,F,73,6.6,True,0,0,3,1,10,6%,0,0,0,9,4,1,1,0,0,0.06,True,0.0,0.0,3.698630136986301,1.2328767123287672,4.931506849315069,1.2328767123287672,2024
match:2024-07-25:local:atletico_nacional,2024-07-25_Local_Atletico_Nacional.json,2024-07-25,Primera A,Atletico Nacional,Local,1 - 2,Santiago Giordana,,F,17,6.5,False,0,0,0,0,3,1%,0,0,0,5,0,1,0,1,0,1.0,True,0.0,0.0,0.0,0.0,0.0,5.294117647058823,2024
match:2024-07-25:local:atletico_nacional,2024-07-25_Local_Atletico_Nacional.json,2024-07-25,Primera A,Atletico Nacional,Local,1 - 2,Sergio Mosquera,,D,0,,False,0,0,0,0,0,0%,0,0,0,0,0,0,0,0,0,0.0,False,,,,,,,2024
fixture:1234169,2024-07-28_Visitante_Alianza_Valledupar.json,2024-07-28,Primera A,Alianza Valledupar,Visitante,2 - 1,Andrés Llinás,,D,0,,False,0,0,0,0,0,0%,0,0,0,0,0,0,0,0,0,0.0,False,,,,,,,2024
fixture:1234169,2024-07-28_Visitante_Alianza_Valledupar.json,2024-07-28,Primera A,Alianza Valledupar,Visitante,2 - 1,Daniel Giraldo,,M,84,7.3,True,0,1,0,0,73,69%,1,1,0,7,3,2,1,0,0,0.69,True,0.0,1.0714285714285714,0.0,0.0,3.214285714285714,2.142857142857143,2024
fixture:1234169,2024-07-28_Visitante_Alianza_Valledupar.json,2024-07-28,Primera A,Alianza Valledupar,Visitante,2 - 1,Daniel Mantilla,,M,33,6.2,False,0,0,0,0,5,4%,1,0,0,5,1,2,0,1,0,0.04,True,0.0,0.0,0.0,0.0,2.7272727272727275,5.454545454545455,2024
fixture:1234169,2024-07-28_Visitante_Alianza_Valledupar.json,2024-07-28,Primera A,Alianza Valledupar,Visitante,2 - 1,Daniel Ruiz,,M,96,6.9,True,1,0,1,1,51,40%,0,2,0,9,2,1,1,0,0,0.4,True,0.9375,0.0,0.9375,0.9375,1.875,0.9375,2024
fixture:1234169,2024-07-28_Visitante_Alianza_Valledupar.json,2024-07-28,Primera A,Alianza Valledupar,Visitante,2 - 1,Danovis Banguero,,D,63,6.7,True,0,0,0,0,37,29%,0,0,1,5,2,1,0,0,0,0.29,True,0.0,0.0,0.0,0.0,2.8571428571428568,1.4285714285714284,2024
fixture:1234169,2024-07-28_Visitante_Alianza_Valledupar.json,2024-07-28,Primera A,Alianza Valledupar,Visitante,2 - 1,David Macalister Silva,,F,63,6.9,True,0,0,0,0,57,48%,0,0,0,2,2,0,0,0,0,0.48,True,0.0,0.0,0.0,0.0,2.8571428571428568,0.0,2024
fixture:1234169,2024-07-28_Visitante_Alianza_Valledupar.json,2024-07-28,Primera A,Alianza Valledupar,Visitante,2 - 1,Delvin Alfonzo,,D,96,6.2,True,0,0,0,0,42,37%,1,0,0,7,1,3,0,1,0,0.37,True,0.0,0.0,0.0,0.0,0.9375,2.8125,2024
fixture:1234169,2024-07-28_Visitante_Alianza_Valledupar.json,2024-07-28,Primera A,Alianza Valledupar,Visitante,2 - 1,Diego Novoa,,G,96,6.2,True,0,0,0,0,27,18%,0,0,0,2,2,0,1,0,0,0.18,True,0.0,0.0,0.0,0.0,1.875,0.0,2024
fixture:1234169,2024-07-28_Visitante_Alianza_Valledupar.json,2024-07-28,Primera A,Alianza Valledupar,Visitante,2 - 1,Felix Charrupí,,M,84,6.3,True,0,0,1,1,40,36%,2,0,0,11,4,3,1,0,0,0.36,True,0.0,0.0,1.0714285714285714,1.0714285714285714,4.285714285714286,3.214285714285714,2024
fixture:1234169,2024-07-28_Visitante_Alianza_Valledupar.json,2024-07-28,Primera A,Alianza Valledupar,Visitante,2 - 1,Jhon Córdoba,,M,96,6.6,True,0,0,0,0,26,21%,2,1,0,10,5,0,2,0,0,0.21,True,0.0,0.0,0.0,0.0,4.6875,0.0,2024
fixture:1234169,2024-07-28_Visitante_Alianza_Valledupar.json,2024-07-28,Primera A,Alianza Valledupar,Visitante,2 - 1,Jovani Welch,,M,12,6.7,False,0,0,0,0,9,8%,0,0,0,1,1,0,0,0,0,0.08,True,0.0,0.0,0.0,0.0,7.5,0.0,2024
fixture:1234169,2024-07-28_Visitante_Alianza_Valledupar.json,2024-07-28,Primera A,Alianza Valledupar,Visitante,2 - 1,Juan Pablo Vargas,,D,96,6.6,True,0,0,0,0,54,50%,0,0,1,3,3,0,1,0,0,0.5,True,0.0,0.0,0.0,0.0,2.8125,0.0,2024
fixture:1234169,2024-07-28_Visitante_Alianza_Valledupar.json,2024-07-28,Primera A,Alianza Valledupar,Visitante,2 - 1,Juan Ramirez,,M,33,6.3,False,0,0,0,0,18,16%,0,0,0,2,0,0,0,0,0,0.16,True,0.0,0.0,0.0,0.0,0.0,0.0,2024
fixture:1234169,2024-07-28_Visitante_Alianza_Valledupar.json,2024-07-28,Primera A,Alianza Valledupar,Visitante,2 - 1,Kevin Palacios,,M,33,6.0,False,0,0,0,0,19,16%,0,0,0,3,0,1,0,1,0,0.16,True,0.0,0.0,0.0,0.0,0.0,2.7272727272727275,2024
fixture:1234169,2024-07-28_Visitante_Alianza_Valledupar.json,2024-07-28,Primera A,Alianza Valledupar,Visitante,2 - 1,Nicolas Arevalo,,M,12,6.5,False,0,0,0,0,7,7%,0,0,0,2,0,1,0,0,0,0.07,True,0.0,0.0,0.0,0.0,0.0,7.5,2024
fixture:1234169,2024-07-28_Visitante_Alianza_Valledupar.json,2024-07-28,Primera A,Alianza Valledupar,Visitante,2 - 1,Santiago Giordana,,F,63,6.3,True,0,0,0,0,10,7%,0,0,0,10,3,2,2,1,0,0.07,True,0.0,0.0,0.0,0.0,4.285714285714286,2.8571428571428568,2024
fixture:1234169,2024-07-28_Visitante_Alianza_Valledupar.json,2024-07-28,Primera A,Alianza Valledupar,Visitante,2 - 1,Sergio Mosquera,,D,96,6.6,True,0,0,0,0,54,47%,1,0,0,8,6,1,1,0,0,0.47,True,0.0,0.0,0.0,0.0,5.625,0.9375,2024
fixture:1234169,2024-07-28_Visitante_Alianza_Valledupar.json,2024-07-28,Primera A,Alianza Valledupar,Visitante,2 - 1,Álvaro Montero,,G,0,,False,0,0,0,0,0,0%,0,0,0,0,0,0,0,0,0,0.0,False,,,,,,,2024
match:2024-08-03:local:deportes_tolima,2024-08-03_Local_Deportes_Tolima.json,2024-08-03,Primera A,Deportes Tolima,Local,1 - 0,Andrés Llinás,,D,45,7.5,True,1,0,1,1,18,16%,0,1,0,4,2,1,0,0,0,0.16,True,2.0,0.0,2.0,2.0,4.0,2.0,2024
match:2024-08-03:local:deportes_tolima,2024-08-03_Local_Deportes_Tolima.json,2024-08-03,Primera A,Deportes Tolima,Local,1 - 0,Daniel Giraldo,,M,90,6.5,True,0,0,0,0,35,28%,1,0,0,8,3,1,1,1,0,0.28,True,0.0,0.0,0.0,0.0,3.0,1.0,2024
match:2024-08-03:local:deportes_tolima,2024-08-03_Local_Deportes_Tolima.json,2024-08-03,Primera A,Deportes Tolima,Local,1 - 0,Daniel Mantilla,,M,0,,False,0,0,0,0,0,0%,0,0,0,0,0,0,0,0,0,0.0,False,,,,,,,2024
match:2024-08-03:local:deportes_tolima,2024-08-03_Local_Deportes_Tolima.json,2024-08-03,Primera A,Deportes Tolima,Local,1 - 0,Daniel Ruiz,,F,24,6.9,False,0,0,1,0,8,6%,2,1,0,4,2,1,0,1,0,0.06,True,0.0,0.0,3.75,0.0,7.5,3.75,2024
match:2024-08-03:local:deportes_tolima,2024-08-03_Local_Deportes_Tolima.json,2024-08-03,Primera A,Deportes Tolima,Local,1 - 0,Danovis Banguero,,D,90,7.0,True,0,0,0,0,26,15%,1,3,0,7,3,2,1,1,0,0.15,True,0.0,0.0,0.0,0.0,3.0,2.0,2024
match:2024-08-03:local:deportes_tolima,2024-08-03_Local_Deportes_Tolima.json,2024-08-03,Primera A,Deportes Tolima,Local,1 - 0,David Macalister Silva,,M,66,7.2,True,0,1,0,0,27,19%,0,2,0,7,1,0,0,0,0,0.19,True,0.0,1.3636363636363638,0.0,0.0,1.3636363636363638,0.0,2024
match:2024-08-03:local:deportes_tolima,2024-08-03_Local_Deportes_Tolima.json,2024-08-03,Primera A,Deportes Tolima,Local,1 - 0,Delvin Alfonzo,,D,90,6.9,True,0,0,0,0,26,20%,2,2,0,3,2,0,0,1,0,0.2,True,0.0,0.0,0.0,0.0,2.0,0.0,2024
match:2024-08-03:local:deportes_tolima,2024-08-03_Local_Deportes_Tolima.json,2024-08-03,Primera A,Deportes Tolima,Local,1 - 0,Felix Charrupí,,M,66,6.9,True,0,0,2,1,20,14%,1,1,0,9,5,1,3,0,0,0.14,True,0.0,0.0,2.7272727272727275,1.3636363636363638,6.818181818181818,1.3636363636363638,2024
match:2024-08-03:local:deportes_tolima,2024-08-03_Local_Deportes_Tolima.json,2024-08-03,Primera A,Deportes Tolima,Local,1 - 0,Iván Arboleda,,G,0,,False,0,0,0,0,0,0%,0,0,0,0,0,0,0,0,0,0.0,False,,,,,,,2024
match:2024-08-03:local:deportes_tolima,2024-08-03_Local_Deportes_Tolima.json,2024-08-03,Primera A,Deportes Tolima,Local,1 - 0,Jhon Córdoba,,M,90,6.7,True,0,0,1,1,18,11%,1,0,0,6,1,2,0,0,0,0.11,True,0.0,0.0,1.0,1.0,1.0,2.0,2024
match:2024-08-03:local:deportes_tolima,2024-08-03_Local_Deportes_Tolima.json,2024-08-03,Primera A,Deportes Tolima,Local,1 - 0,Juan Pablo Vargas,,D,90,7.3,True,0,0,0,0,33,26%,0,1,1,6,3,0,0,0,0,0.26,True,0.0,0.0,0.0,0.0,3.0,0.0,2024
match:2024-08-03:local:deportes_tolima,2024-08-03_Local_Deportes_Tolima.json,2024-08-03,Primera A,Deportes Tolima,Local,1 - 0,Juan Ramirez,,M,8,6.2,False,0,0,0,0,4,3%,0,0,0,1,0,0,0,0,0,0.03,True,0.0,0.0,0.0,0.0,0.0,0.0,2024
match:2024-08-03:local:deportes_tolima,2024-08-03_Local_Deportes_Tolima.json,2024-08-03,Primera A,Deportes Tolima,Local,1 - 0,Kevin Palacios,,M,87,7.2,True,0,0,0,0,16,12%,0,4,1,9,4,1,2,0,0,0.12,True,0.0,0.0,0.0,0.0,4.137931034482759,1.0344827586206897,2024
match:2024-08-03:local:deportes_tolima,2024-08-03_Local_Deportes_Tolima.json,2024-08-03,Primera A,Deportes Tolima,Local,1 - 0,Leonardo Castro,,F,45,6.6,False,0,0,0,0,8,6%,0,0,0,4,2,0,2,0,0,0.06,True,0.0,0.0,0.0,0.0,4.0,0.0,2024
match:2024-08-03:local:deportes_tolima,2024-08-03_Local_Deportes_Tolima.json,2024-08-03,Primera A,Deportes Tolima,Local,1 - 0,Radamel Falcao,,F,45,6.6,True,0,0,0,0,7,5%,0,0,0,2,2,0,1,0,0,0.05,True,0.0,0.0,0.0,0.0,4.0,0.0,2024
match:2024-08-03:local:deportes_tolima,2024-08-03_Local_Deportes_Tolima.json,2024-08-03,Primera A,Deportes Tolima,Local,1 - 0,Sergio Mosquera,,D,45,6.7,False,0,0,0,0,12,8%,0,1,1,2,1,1,1,0,0,0.08,True,0.0,0.0,0.0,0.0,2.0,2.0,2024
match:2024-08-03:local:deportes_tolima,2024-08-03_Local_Deportes_Tolima.json,2024-08-03,Primera A,Deportes Tolima,Local,1 - 0,Stiven Vega,,D,24,6.7,False,0,0,0,0,2,1%,1,1,0,3,2,1,1,0,0,1.0,True,0.0,0.0,0.0,0.0,7.5,3.75,2024
match:2024-08-03:local:deportes_tolima,2024-08-03_Local_Deportes_Tolima.json,2024-08-03,Primera A,Deportes Tolima,Local,1 - 0,Álvaro Montero,,G,90,7.0,True,0,0,0,0,27,13%,0,0,0,2,2,0,1,0,0,0.13,True,0.0,0.0,0.0,0.0,2.0,0.0,2024
fixture:1234208,2024-08-25_Visitante_Águilas_Doradas.json,2024-08-25,Primera A,Águilas Doradas,Visitante,2 - 1,Andrés Llinás,,D,90,6.7,True,0,0,0,0,62,49%,1,1,0,11,6,4,0,1,0,0.49,True,0.0,0.0,0.0,0.0,6.0,4.0,2024
fixture:1234208,2024-08-25_Visitante_Águilas_Doradas.json,2024-08-25,Primera A,Águilas Doradas,Visitante,2 - 1,Daniel Cataño,,M,12,6.3,False,0,0,0,0,11,8%,0,0,0,0,0,0,0,0,0,0.08,True,0.0,0.0,0.0,0.0,0.0,0.0,2024
fixture:1234208,2024-08-25_Visitante_Águilas_Doradas.json,2024-08-25,Primera A,Águilas Doradas,Visitante,2 - 1,Daniel Giraldo,,M,90,6.5,True,0,0,0,0,51,41%,1,0,0,8,4,2,2,0,0,0.41,True,0.0,0.0,0.0,0.0,4.0,2.0,2024
fixture:1234208,2024-08-25_Visitante_Águilas_Doradas.json,2024-08-25,Primera A,Águilas Doradas,Visitante,2 - 1,Daniel Ruiz,,M,62,6.5,True,0,0,0,0,17,13%,0,0,0,6,1,1,0,0,0,0.13,True,0.0,0.0,0.0,0.0,1.4516129032258065,1.4516129032258065,2024
fixture:1234208,2024-08-25_Visitante_Águilas_Doradas.json,2024-08-25,Primera A,Águilas Doradas,Visitante,2 - 1,David Macalister Silva,,M,62,6.3,True,0,0,0,0,22,21%,0,0,0,3,2,0,1,0,0,0.21,True,0.0,0.0,0.0,0.0,2.903225806451613,0.0,2024
fixture:1234208,2024-08-25_Visitante_Águilas_Doradas.json,2024-08-25,Primera A,Águilas Doradas,Visitante,2 - 1,Delvin Alfonzo,,D,79,5.7,True,0,0,0,0,31,21%,0,0,0,4,1,1,1,0,0,0.21,True,0.0,0.0,0.0,0.0,1.139240506329114,1.139240506329114,2024
fixture:1234208,2024-08-25_Visitante_Águilas_Doradas.json,2024-08-25,Primera A,Águilas Doradas,Visitante,2 - 1,Felix Charrupí,,M,11,6.9,False,0,0,0,0,14,10%,0,0,0,3,3,0,0,0,0,0.1,True,0.0,0.0,0.0,0.0,24.545454545454543,0.0,2024
fixture:1234208,2024-08-25_Visitante_Águilas_Doradas.json,2024-08-25,Primera A,Águilas Doradas,Visitante,2 - 1,Iván Arboleda,,G,0,,False,0,0,0,0,0,0%,0,0,0,0,0,0,0,0,0,0.0,False,,,,,,,2024
fixture:1234208,2024-08-25_Visitante_Águilas_Doradas.json,2024-08-25,Primera A,Águilas Doradas,Visitante,2 - 1,Jader Valencia,,F,12,6.7,False,0,0,0,0,3,1%,1,0,0,3,1,1,0,0,0,1.0,True,0.0,0.0,0.0,0.0,7.5,7.5,2024
fixture:1234208,2024-08-25_Visitante_Águilas_Doradas.json,2024-08-25,Primera A,Águilas Doradas,Visitante,2 - 1,Jhon Córdoba,,M,90,6.3,True,1,0,1,1,22,17%,0,0,0,17,5,2,2,0,0,0.17,True,1.0,0.0,1.0,1.0,5.0,2.0,2024
fixture:1234208,2024-08-25_Visitante_Águilas_Doradas.json,2024-08-25,Primera A,Águilas Doradas,Visitante,2 - 1,Jorge Arias,,D,78,5.9,True,0,0,0,0,32,23%,0,1,0,7,0,2,0,1,0,0.23,True,0.0,0.0,0.0,0.0,0.0,2.3076923076923075,2024
fixture:1234208,2024-08-25_Visitante_Águilas_Doradas.json,2024-08-25,Primera A,Águilas Doradas,Visitante,2 - 1,Juan Pablo Vargas,,D,90,6.3,True,0,0,0,0,54,41%,1,1,0,10,8,0,1,0,0,0.41,True,0.0,0.0,0.0,0.0,8.0,0.0,2024
fixture:1234208,2024-08-25_Visitante_Águilas_Doradas.json,2024-08-25,Primera A,Águilas Doradas,Visitante,2 - 1,Juan Pereira,,M,78,6.6,True,0,1,0,0,27,21%,1,1,0,7,1,2,0,0,0,0.21,True,0.0,1.1538461538461537,0.0,0.0,1.1538461538461537,2.3076923076923075,2024
fixture:1234208,2024-08-25_Visitante_Águilas_Doradas.json,2024-08-25,Primera A,Águilas Doradas,Visitante,2 - 1,Kevin Palacios,,M,28,6.3,False,0,0,0,0,15,11%,0,0,1,3,2,0,1,0,0,0.11,True,0.0,0.0,0.0,0.0,6.428571428571428,0.0,2024
fixture:1234208,2024-08-25_Visitante_Águilas_Doradas.json,2024-08-25,Primera A,Águilas Doradas,Visitante,2 - 1,Leonardo Castro,,F,90,6.2,True,0,0,1,0,12,6%,0,0,0,5,1,1,1,0,0,0.06,True,0.0,0.0,1.0,0.0,1.0,1.0,2024
fixture:1234208,2024-08-25_Visitante_Águilas_Doradas.json,2024-08-25,Primera A,Águilas Doradas,Visitante,2 - 1,Santiago Giordana,,F,28,6.7,False,0,0,0,0,7,7%,1,0,0,2,1,1,0,1,0,0.07,True,0.0,0.0,0.0,0.0,3.214285714285714,3.214285714285714,2024
fixture:1234208,2024-08-25_Visitante_Águilas_Doradas.json,2024-08-25,Primera A,Águilas Doradas,Visitante,2 - 1,Stiven Vega,,D,0,,False,0,0,0,0,0,0%,0,0,0,0,0,0,0,0,0,0.0,False,,,,,,,2024
fixture:1234208,2024-08-25_Visitante_Águilas_Doradas.json,2024-08-25,Primera A,Águilas Doradas,Visitante,2 - 1,Álvaro Montero,,G,90,7.3,True,0,0,0,0,21,15%,0,0,0,1,1,0,0,1,0,0.15,True,0.0,0.0,0.0,0.0,1.0,0.0,2024
match:2024-09-01:local:patriotas,2024-09-01_Local_Patriotas.json,2024-09-01,Primera A,Patriotas,Local,3 - 0,Andrés Llinás,,D,10,6.7,False,0,0,0,0,3,3%,0,0,0,1,1,0,0,0,0,0.03,True,0.0,0.0,0.0,0.0,9.0,0.0,2024
match:2024-09-01:local:patriotas,2024-09-01_Local_Patriotas.json,2024-09-01,Primera A,Patriotas,Local,3 - 0,Daniel Cataño,,M,77,7.9,True,1,0,3,2,47,39%,0,0,2,13,6,3,5,0,0,0.39,True,1.168831168831169,0.0,3.5064935064935066,2.337662337662338,7.012987012987013,3.5064935064935066,2024
match:2024-09-01:local:patriotas,2024-09-01_Local_Patriotas.json,2024-09-01,Primera A,Patriotas,Local,3 - 0,Daniel Mantilla,,M,13,6.5,False,0,0,0,0,2,2%,0,0,0,1,0,0,0,0,0,0.02,True,0.0,0.0,0.0,0.0,0.0,0.0,2024
match:2024-09-01:local:patriotas,2024-09-01_Local_Patriotas.json,2024-09-01,Primera A,Patriotas,Local,3 - 0,Danovis Banguero,,D,90,6.5,True,0,0,0,0,49,36%,1,0,0,12,3,4,0,0,0,0.36,True,0.0,0.0,0.0,0.0,3.0,4.0,2024
match:2024-09-01:local:patriotas,2024-09-01_Local_Patriotas.json,2024-09-01,Primera A,Patriotas,Local,3 - 0,Felix Charrupí,,M,83,7.0,True,0,0,1,0,38,32%,2,2,0,11,4,4,1,1,0,0.32,True,0.0,0.0,1.0843373493975905,0.0,4.337349397590362,4.337349397590362,2024
match:2024-09-01:local:patriotas,2024-09-01_Local_Patriotas.json,2024-09-01,Primera A,Patriotas,Local,3 - 0,Iván Arboleda,,G,0,,False,0,0,0,0,0,0%,0,0,0,0,0,0,0,0,0,0.0,False,,,,,,,2024
match:2024-09-01:local:patriotas,2024-09-01_Local_Patriotas.json,2024-09-01,Primera A,Patriotas,Local,3 - 0,Jader Valencia,,M,77,8.2,True,1,1,2,1,19,17%,0,0,0,3,3,0,3,0,0,0.17,True,1.168831168831169,1.168831168831169,2.337662337662338,1.168831168831169,3.5064935064935066,0.0,2024
match:2024-09-01:local:patriotas,2024-09-01_Local_Patriotas.json,2024-09-01,Primera A,Patriotas,Local,3 - 0,Jhon Córdoba,,M,90,7.3,True,0,1,1,0,19,15%,1,1,0,5,2,0,0,0,0,0.15,True,0.0,1.0,1.0,0.0,2.0,0.0,2024
match:2024-09-01:local:patriotas,2024-09-01_Local_Patriotas.json,2024-09-01,Primera A,Patriotas,Local,3 - 0,Jovani Welch,,M,28,6.7,True,0,0,1,0,13,12%,0,2,0,3,0,2,0,0,0,0.12,True,0.0,0.0,3.214285714285714,0.0,0.0,6.428571428571428,2024
match:2024-09-01:local:patriotas,2024-09-01_Local_Patriotas.json,2024-09-01,Primera A,Patriotas,Local,3 - 0,Juan Pablo Vargas,,D,90,7.7,True,0,1,0,0,37,29%,1,0,3,2,1,0,0,0,0,0.29,True,0.0,1.0,0.0,0.0,1.0,0.0,2024
match:2024-09-01:local:patriotas,2024-09-01_Local_Patriotas.json,2024-09-01,Primera A,Patriotas,Local,3 - 0,Kevin Palacios,,M,13,6.9,False,0,0,0,0,9,7%,1,0,0,3,3,0,0,1,0,0.07,True,0.0,0.0,0.0,0.0,20.76923076923077,0.0,2024
match:2024-09-01:local:patriotas,2024-09-01_Local_Patriotas.json,2024-09-01,Primera A,Patriotas,Local,3 - 0,Leonardo Castro,,F,45,6.9,True,0,0,1,1,7,5%,0,0,0,3,1,1,0,0,0,0.05,True,0.0,0.0,2.0,2.0,2.0,2.0,2024
match:2024-09-01:local:patriotas,2024-09-01_Local_Patriotas.json,2024-09-01,Primera A,Patriotas,Local,3 - 0,Radamel Falcao,,F,45,7.3,False,1,0,2,2,7,7%,0,0,0,5,4,0,3,0,0,0.07,True,2.0,0.0,4.0,4.0,8.0,0.0,2024
match:2024-09-01:local:patriotas,2024-09-01_Local_Patriotas.json,2024-09-01,Primera A,Patriotas,Local,3 - 0,Sander Navarro,,D,90,6.9,True,0,0,0,0,35,26%,2,0,0,11,4,4,1,0,0,0.26,True,0.0,0.0,0.0,0.0,4.0,4.0,2024
match:2024-09-01:local:patriotas,2024-09-01_Local_Patriotas.json,2024-09-01,Primera A,Patriotas,Local,3 - 0,Santiago Giordana,,F,0,,False,0,0,0,0,0,0%,0,0,0,0,0,0,0,0,0,0.0,False,,,,,,,2024
match:2024-09-01:local:patriotas,2024-09-01_Local_Patriotas.json,2024-09-01,Primera A,Patriotas,Local,3 - 0,Sergio Mosquera,,D,90,6.9,True,0,0,0,0,32,21%,0,1,1,3,1,1,0,0,0,0.21,True,0.0,0.0,0.0,0.0,1.0,1.0,2024
match:2024-09-01:local:patriotas,2024-09-01_Local_Patriotas.json,2024-09-01,Primera A,Patriotas,Local,3 - 0,Stiven Vega,,D,62,6.7,False,0,0,0,0,25,22%,0,0,0,2,0,2,0,0,0,0.22,True,0.0,0.0,0.0,0.0,0.0,2.903225806451613,2024
match:2024-09-01:local:patriotas,2024-09-01_Local_Patriotas.json,2024-09-01,Primera A,Patriotas,Local,3 - 0,Álvaro Montero,,G,90,7.2,True,0,0,0,0,19,10%,0,0,0,0,0,0,0,0,0,0.1,True,0.0,0.0,0.0,0.0,0.0,0.0,2024
match:2024-09-08:visitante:once_caldas,2024-09-08_Visitante_Once_Caldas.json,2024-09-08,Primera A,Once Caldas,Visitante,1 - 1,Andrés Llinás,,D,0,,False,0,0,0,0,0,0%,0,0,0,0,0,0,0,0,0,0.0,False,,,,,,,2024
match:2024-09-08:visitante:once_caldas,2024-09-08_Visitante_Once_Caldas.json,2024-09-08,Primera A,Once Caldas,Visitante,1 - 1,Daniel Cataño,,F,75,7.9,True,1,0,1,1,36,29%,1,0,0,14,9,1,4,0,0,0.29,True,1.2000000000000002,0.0,1.2000000000000002,1.2000000000000002,10.799999999999999,1.2000000000000002,2024
match:2024-09-08:visitante:once_caldas,2024-09-08_Visitante_Once_Caldas.json,2024-09-08,Primera A,Once Caldas,Visitante,1 - 1,Daniel Giraldo,,M,12,6.7,False,0,0,0,0,8,8%,0,0,0,0,0,0,0,0,0,0.08,True,0.0,0.0,0.0,0.0,0.0,0.0,2024
match:2024-09-08:visitante:once_caldas,2024-09-08_Visitante_Once_Caldas.json,2024-09-08,Primera A,Once Caldas,Visitante,1 - 1,Daniel Mantilla,,M,16,6.6,False,0,0,1,1,2,2%,1,0,0,3,1,1,0,0,0,0.02,True,0.0,0.0,5.625,5.625,5.625,5.625,2024
match:2024-09-08:visitante:once_caldas,2024-09-08_Visitante_Once_Caldas.json,2024-09-08,Primera A,Once Caldas,Visitante,1 - 1,Danovis Banguero,,D,90,7.5,True,0,1,1,1,39,29%,1,0,0,6,3,1,0,1,0,0.29,True,0.0,1.0,1.0,1.0,3.0,1.0,2024
match:2024-09-08:visitante:once_caldas,2024-09-08_Visitante_Once_Caldas.json,2024-09-08,Primera A,Once Caldas,Visitante,1 - 1,David Macalister Silva,,M,15,6.7,False,0,0,0,0,11,8%,0,0,0,0,0,0,0,0,0,0.08,True,0.0,0.0,0.0,0.0,0.0,0.0,2024
match:2024-09-08:visitante:once_caldas,2024-09-08_Visitante_Once_Caldas.json,2024-09-08,Primera A,Once Caldas,Visitante,1 - 1,Diego Novoa,,G,0,,False,0,0,0,0,0,0%,0,0,0,0,0,0,0,0,0,0.0,False,,,,,,,2024
match:2024-09-08:visitante:once_caldas,2024-09-08_Visitante_Once_Caldas.json,2024-09-08,Primera A,Once Caldas,Visitante,1 - 1,Felix Charrupí,,M,86,7.3,True,0,0,0,0,40,34%,3,2,1,5,4,1,1,0,0,0.34,True,0.0,0.0,0.0,0.0,4.186046511627907,1.0465116279069768,2024
match:2024-09-08:visitante:once_caldas,2024-09-08_Visitante_Once_Caldas.json,2024-09-08,Primera A,Once Caldas,Visitante,1 - 1,Iván Arboleda,,G,90,7.3,True,0,0,0,0,20,14%,0,0,0,0,0,0,0,0,0,0.14,True,0.0,0.0,0.0,0.0,0.0,0.0,2024
match:2024-09-08:visitante:once_caldas,2024-09-08_Visitante_Once_Caldas.json,2024-09-08,Primera A,Once Caldas,Visitante,1 - 1,Jader Valencia,,M,75,6.9,True,0,0,1,0,30,19%,0,0,0,12,7,0,1,1,0,0.19,True,0.0,0.0,1.2000000000000002,0.0,8.4,0.0,2024
match:2024-09-08:visitante:once_caldas,2024-09-08_Visitante_Once_Caldas.json,2024-09-08,Primera A,Once Caldas,Visitante,1 - 1,Jhon Córdoba,,M,74,7.0,True,0,0,0,0,18,17%,0,0,0,8,5,2,1,0,0,0.17,True,0.0,0.0,0.0,0.0,6.081081081081082,2.4324324324324325,2024
match:2024-09-08:visitante:once_caldas,2024-09-08_Visitante_Once_Caldas.json,2024-09-08,Primera A,Once Caldas,Visitante,1 - 1,Jorge Arias,,D,90,6.3,True,0,0,0,0,36,30%,1,0,0,6,1,1,0,0,0,0.3,True,0.0,0.0,0.0,0.0,1.0,1.0,2024
match:2024-09-08:visitante:once_caldas,2024-09-08_Visitante_Once_Caldas.json,2024-09-08,Primera A,Once Caldas,Visitante,1 - 1,Kevin Palacios,,M,15,6.6,False,0,0,0,0,12,12%,0,0,0,3,2,0,1,0,0,0.12,True,0.0,0.0,0.0,0.0,12.0,0.0,2024
match:2024-09-08:visitante:once_caldas,2024-09-08_Visitante_Once_Caldas.json,2024-09-08,Primera A,Once Caldas,Visitante,1 - 1,Leonardo Castro,,F,45,6.7,False,0,0,2,1,3,2%,0,0,0,3,0,0,0,0,0,0.02,True,0.0,0.0,4.0,2.0,0.0,0.0,2024
match:2024-09-08:visitante:once_caldas,2024-09-08_Visitante_Once_Caldas.json,2024-09-08,Primera A,Once Caldas,Visitante,1 - 1,Radamel Falcao,,F,45,6.5,True,0,0,0,0,6,5%,0,0,0,3,2,1,2,1,0,0.05,True,0.0,0.0,0.0,0.0,4.0,2.0,2024
match:2024-09-08:visitante:once_caldas,2024-09-08_Visitante_Once_Caldas.json,2024-09-08,Primera A,Once Caldas,Visitante,1 - 1,Sander Navarro,,D,90,6.3,True,0,0,1,1,25,21%,1,0,0,5,1,1,0,0,0,0.21,True,0.0,0.0,1.0,1.0,1.0,1.0,2024
match:2024-09-08:visitante:once_caldas,2024-09-08_Visitante_Once_Caldas.json,2024-09-08,Primera A,Once Caldas,Visitante,1 - 1,Sergio Mosquera,,D,90,6.9,True,0,0,0,0,32,28%,1,0,0,5,2,1,0,0,0,0.28,True,0.0,0.0,0.0,0.0,2.0,1.0,2024
match:2024-09-08:visitante:once_caldas,2024-09-08_Visitante_Once_Caldas.json,2024-09-08,Primera A,Once Caldas,Visitante,1 - 1,Stiven Vega,,M,90,6.7,True,0,0,0,0,62,56%,1,0,0,10,4,3,0,0,0,0.56,True,0.0,0.0,0.0,0.0,4.0,3.0,2024
fixture:1234238,2024-09-16_Visitante_Internacional_de_Bogota.json,2024-09-16,Primera A,Internacional de Bogota,Visitante,1 - 3,Andrés Llinás,,D,0,,False,0,0,0,0,0,0%,0,0,0,0,0,0,0,0,0,0.0,False,,,,,,,2024
fixture:1234238,2024-09-16_Visitante_Internacional_de_Bogota.json,2024-09-16,Primera A,Internacional de Bogota,Visitante,1 - 3,Daniel Cataño,,M,67,7.3,True,0,1,0,0,25,21%,1,0,0,10,7,1,5,1,0,0.21,True,0.0,1.3432835820895521,0.0,0.0,9.402985074626866,1.3432835820895521,2024
fixture:1234238,2024-09-16_Visitante_Internacional_de_Bogota.json,2024-09-16,Primera A,Internacional de Bogota,Visitante,1 - 3,Daniel Giraldo,,M,2,,False,0,0,0,0,2,1%,0,0,0,2,0,0,0,0,0,1.0,True,0.0,0.0,0.0,0.0,0.0,0.0,2024
fixture:1234238,2024-09-16_Visitante_Internacional_de_Bogota.json,2024-09-16,Primera A,Internacional de Bogota,Visitante,1 - 3,Daniel Ruiz,,F,23,7.5,False,1,0,1,1,8,7%,1,0,0,3,2,0,1,0,0,0.07,True,3.9130434782608696,0.0,3.9130434782608696,3.9130434782608696,7.826086956521739,0.0,2024
fixture:1234238,2024-09-16_Visitante_Internacional_de_Bogota.json,2024-09-16,Primera A,Internacional de Bogota,Visitante,1 - 3,David Macalister Silva,,M,23,7.3,False,0,0,2,1,18,16%,1,0,0,3,3,0,0,0,0,0.16,True,0.0,0.0,7.826086956521739,3.9130434782608696,11.739130434782608,0.0,2024
fixture:1234238,2024-09-16_Visitante_Internacional_de_Bogota.json,2024-09-16,Primera A,Internacional de Bogota,Visitante,1 - 3,Delvin Alfonzo,,D,90,6.7,True,0,0,1,0,17,11%,2,1,0,5,4,0,0,0,0,0.11,True,0.0,0.0,1.0,0.0,4.0,0.0,2024
fixture:1234238,2024-09-16_Visitante_Internacional_de_Bogota.json,2024-09-16,Primera A,Internacional de Bogota,Visitante,1 - 3,Diego Novoa,,G,0,,False,0,0,0,0,0,0%,0,0,0,0,0,0,0,0,0,0.0,False,,,,,,,2024
fixture:1234238,2024-09-16_Visitante_Internacional_de_Bogota.json,2024-09-16,Primera A,Internacional de Bogota,Visitante,1 - 3,Felix Charrupí,,M,67,6.9,True,0,1,0,0,40,29%,2,2,0,8,4,1,0,0,0,0.29,True,0.0,1.3432835820895521,0.0,0.0,5.3731343283582085,1.3432835820895521,2024
fixture:1234238,2024-09-16_Visitante_Internacional_de_Bogota.json,2024-09-16,Primera A,Internacional de Bogota,Visitante,1 - 3,Jader Valencia,,M,88,7.0,True,0,0,2,1,20,15%,0,1,0,6,4,0,2,0,0,0.15,True,0.0,0.0,2.0454545454545454,1.0227272727272727,4.090909090909091,0.0,2024
fixture:1234238,2024-09-16_Visitante_Internacional_de_Bogota.json,2024-09-16,Primera A,Internacional de Bogota,Visitante,1 - 3,Jhon Córdoba,,M,79,7.3,True,1,0,1,1,10,8%,1,0,0,6,2,1,1,0,0,0.08,True,1.139240506329114,0.0,1.139240506329114,1.139240506329114,2.278481012658228,1.139240506329114,2024
fixture:1234238,2024-09-16_Visitante_Internacional_de_Bogota.json,2024-09-16,Primera A,Internacional de Bogota,Visitante,1 - 3,Jorge Arias,,D,90,6.6,True,0,0,0,0,36,26%,1,0,1,4,2,1,0,0,0,0.26,True,0.0,0.0,0.0,0.0,2.0,1.0,2024
fixture:1234238,2024-09-16_Visitante_Internacional_de_Bogota.json,2024-09-16,Primera A,Internacional de Bogota,Visitante,1 - 3,Juan Pablo Vargas,,D,90,6.7,True,0,0,0,0,56,46%,0,1,0,6,4,1,0,0,0,0.46,True,0.0,0.0,0.0,0.0,4.0,1.0,2024
fixture:1234238,2024-09-16_Visitante_Internacional_de_Bogota.json,2024-09-16,Primera A,Internacional de Bogota,Visitante,1 - 3,Leonardo Castro,,F,79,7.9,True,1,0,3,2,18,10%,0,0,0,5,3,0,2,0,0,0.1,True,1.139240506329114,0.0,3.4177215189873418,2.278481012658228,3.4177215189873418,0.0,2024
fixture:1234238,2024-09-16_Visitante_Internacional_de_Bogota.json,2024-09-16,Primera A,Internacional de Bogota,Visitante,1 - 3,Neyser Villareal,,M,11,6.3,False,0,0,0,0,0,0%,0,0,0,0,0,0,0,0,0,0.0,True,0.0,0.0,0.0,0.0,0.0,0.0,2024
fixture:1234238,2024-09-16_Visitante_Internacional_de_Bogota.json,2024-09-16,Primera A,Internacional de Bogota,Visitante,1 - 3,Santiago Giordana,,F,11,7.3,False,0,1,2,1,2,2%,0,0,0,0,0,0,0,0,0,0.02,True,0.0,8.181818181818182,16.363636363636363,8.181818181818182,0.0,0.0,2024
fixture:1234238,2024-09-16_Visitante_Internacional_de_Bogota.json,2024-09-16,Primera A,Internacional de Bogota,Visitante,1 - 3,Sergio Mosquera,,D,90,6.3,True,0,0,0,0,49,33%,0,0,0,2,0,1,0,0,0,0.33,True,0.0,0.0,0.0,0.0,0.0,1.0,2024
fixture:1234238,2024-09-16_Visitante_Internacional_de_Bogota.json,2024-09-16,Primera A,Internacional de Bogota,Visitante,1 - 3,Stiven Vega,,M,90,6.9,True,0,0,0,0,35,26%,2,0,0,6,4,2,1,0,0,0.26,True,0.0,0.0,0.0,0.0,4.0,2.0,2024
fixture:1234238,2024-09-16_Visitante_Internacional_de_Bogota.json,2024-09-16,Primera A,Internacional de Bogota,Visitante,1 - 3,Álvaro Montero,,G,90,6.7,True,0,0,0,0,27,23%,0,0,0,0,0,0,0,0,0,0.23,True,0.0,0.0,0.0,0.0,0.0,0.0,2024
match:2024-09-26:local:jaguares,2024-09-26_Local_Jaguares.json,2024-09-26,Primera A,Jaguares,Local,0 - 0,Andrés Llinás,,D,0,,False,0,0,0,0,0,0%,0,0,0,0,0,0,0,0,0,0.0,False,,,,,,,2024
match:2024-09-26:local:jaguares,2024-09-26_Local_Jaguares.json,2024-09-26,Primera A,Jaguares,Local,0 - 0,Daniel Cataño,,F,35,7.3,True,0,0,3,1,24,20%,1,0,0,6,3,0,2,0,0,0.2,True,0.0,0.0,7.714285714285714,2.571428571428571,7.714285714285714,0.0,2024
match:2024-09-26:local:jaguares,2024-09-26_Local_Jaguares.json,2024-09-26,Primera A,Jaguares,Local,0 - 0,Daniel Ruiz,,M,65,7.5,True,0,0,0,0,38,32%,0,0,0,5,3,2,1,0,0,0.32,True,0.0,0.0,0.0,0.0,4.153846153846154,2.769230769230769,2024
match:2024-09-26:local:jaguares,2024-09-26_Local_Jaguares.json,2024-09-26,Primera A,Jaguares,Local,0 - 0,Danovis Banguero,,D,79,6.7,True,0,0,0,0,45,39%,1,1,0,7,2,2,0,0,0,0.39,True,0.0,0.0,0.0,0.0,2.278481012658228,2.278481012658228,2024
match:2024-09-26:local:jaguares,2024-09-26_Local_Jaguares.json,2024-09-26,Primera A,Jaguares,Local,0 - 0,David Macalister Silva,,M,55,7.0,False,0,0,0,0,57,44%,0,0,0,5,2,1,2,0,0,0.44,True,0.0,0.0,0.0,0.0,3.2727272727272725,1.6363636363636362,2024
match:2024-09-26:local:jaguares,2024-09-26_Local_Jaguares.json,2024-09-26,Primera A,Jaguares,Local,0 - 0,Delvin Alfonzo,,D,90,7.7,True,0,0,1,0,29,28%,6,2,0,13,9,1,1,0,0,0.28,True,0.0,0.0,1.0,0.0,9.0,1.0,2024
match:2024-09-26:local:jaguares,2024-09-26_Local_Jaguares.json,2024-09-26,Primera A,Jaguares,Local,0 - 0,Diego Novoa,,G,0,,False,0,0,0,0,0,0%,0,0,0,0,0,0,0,0,0,0.0,False,,,,,,,2024
match:2024-09-26:local:jaguares,2024-09-26_Local_Jaguares.json,2024-09-26,Primera A,Jaguares,Local,0 - 0,Felix Charrupí,,M,65,7.3,True,0,0,1,1,39,39%,2,0,0,8,5,0,0,0,0,0.39,True,0.0,0.0,1.3846153846153846,1.3846153846153846,6.923076923076923,0.0,2024
match:2024-09-26:local:jaguares,2024-09-26_Local_Jaguares.json,2024-09-26,Primera A,Jaguares,Local,0 - 0,Jhon Córdoba,,M,65,6.6,True,0,0,3,1,17,12%,0,0,0,10,4,4,1,0,0,0.12,True,0.0,0.0,4.153846153846154,1.3846153846153846,5.538461538461538,5.538461538461538,2024
match:2024-09-26:local:jaguares,2024-09-26_Local_Jaguares.json,2024-09-26,Primera A,Jaguares,Local,0 - 0,Juan Pablo Vargas,,D,90,7.7,True,0,0,2,1,69,62%,2,0,0,10,8,1,0,1,0,0.62,True,0.0,0.0,2.0,1.0,8.0,1.0,2024
match:2024-09-26:local:jaguares,2024-09-26_Local_Jaguares.json,2024-09-26,Primera A,Jaguares,Local,0 - 0,Juan Ramirez,,M,25,7.5,False,0,0,0,0,38,31%,0,0,0,1,1,0,1,0,0,0.31,True,0.0,0.0,0.0,0.0,3.6,0.0,2024
match:2024-09-26:local:jaguares,2024-09-26_Local_Jaguares.json,2024-09-26,Primera A,Jaguares,Local,0 - 0,Kevin Palacios,,M,25,6.7,False,0,0,0,0,14,12%,1,0,0,6,4,0,0,0,0,0.12,True,0.0,0.0,0.0,0.0,14.4,0.0,2024
match:2024-09-26:local:jaguares,2024-09-26_Local_Jaguares.json,2024-09-26,Primera A,Jaguares,Local,0 - 0,Leonardo Castro,,F,90,7.3,True,0,0,6,3,16,8%,0,0,0,6,1,2,0,0,0,0.08,True,0.0,0.0,6.0,3.0,1.0,2.0,2024
match:2024-09-26:local:jaguares,2024-09-26_Local_Jaguares.json,2024-09-26,Primera A,Jaguares,Local,0 - 0,Neyser Villareal,,M,25,7.3,False,0,0,1,1,11,9%,0,0,0,7,5,0,3,0,0,0.09,True,0.0,0.0,3.6,3.6,18.0,0.0,2024
match:2024-09-26:local:jaguares,2024-09-26_Local_Jaguares.json,2024-09-26,Primera A,Jaguares,Local,0 - 0,Santiago Giordana,,F,11,6.3,False,0,0,2,0,7,5%,0,0,0,3,1,1,0,1,0,0.05,True,0.0,0.0,16.363636363636363,0.0,8.181818181818182,8.181818181818182,2024
match:2024-09-26:local:jaguares,2024-09-26_Local_Jaguares.json,2024-09-26,Primera A,Jaguares,Local,0 - 0,Sergio Mosquera,,D,90,7.2,True,0,0,0,0,48,41%,2,1,0,7,5,2,1,0,0,0.41,True,0.0,0.0,0.0,0.0,5.0,2.0,2024
match:2024-09-26:local:jaguares,2024-09-26_Local_Jaguares.json,2024-09-26,Primera A,Jaguares,Local,0 - 0,Stiven Vega,,M,90,7.2,True,0,0,0,0,94,87%,0,0,0,5,3,1,1,0,0,0.87,True,0.0,0.0,0.0,0.0,3.0,1.0,2024
match:2024-09-26:local:jaguares,2024-09-26_Local_Jaguares.json,2024-09-26,Primera A,Jaguares,Local,0 - 0,Álvaro Montero,,G,90,6.9,True,0,0,0,0,17,16%,0,0,0,0,0,0,0,0,0,0.16,True,0.0,0.0,0.0,0.0,0.0,0.0,2024
match:2024-09-29:local:envigado,2024-09-29_Local_Envigado.json,2024-09-29,Primera A,Envigado,Local,3 - 0,Carlos Sarabia,,D,79,6.9,True,0,0,0,0,24,20%,1,0,0,4,2,1,1,0,0,0.2,True,0.0,0.0,0.0,0.0,2.278481012658228,1.139240506329114,2024
match:2024-09-29:local:envigado,2024-09-29_Local_Envigado.json,2024-09-29,Primera A,Envigado,Local,3 - 0,Daniel Giraldo,,M,11,6.2,False,0,0,0,0,1,1%,0,0,0,2,0,1,0,0,0,1.0,True,0.0,0.0,0.0,0.0,0.0,8.181818181818182,2024
match:2024-09-29:local:envigado,2024-09-29_Local_Envigado.json,2024-09-29,Primera A,Envigado,Local,3 - 0,Daniel Mantilla,,M,72,7.2,True,1,0,1,1,16,12%,1,0,0,2,1,0,0,0,0,0.12,True,1.25,0.0,1.25,1.25,1.25,0.0,2024
match:2024-09-29:local:envigado,2024-09-29_Local_Envigado.json,2024-09-29,Primera A,Envigado,Local,3 - 0,Danovis Banguero,,D,90,7.2,True,0,0,0,0,32,25%,2,1,1,11,6,1,0,0,0,0.25,True,0.0,0.0,0.0,0.0,6.0,1.0,2024
match:2024-09-29:local:envigado,2024-09-29_Local_Envigado.json,2024-09-29,Primera A,Envigado,Local,3 - 0,David Macalister Silva,,M,85,9.2,True,1,1,2,1,45,39%,1,0,0,7,5,0,1,0,0,0.39,True,1.0588235294117647,1.0588235294117647,2.1176470588235294,1.0588235294117647,5.294117647058823,0.0,2024
match:2024-09-29:local:envigado,2024-09-29_Local_Envigado.json,2024-09-29,Primera A,Envigado,Local,3 - 0,Diego Novoa,,G,0,,False,0,0,0,0,0,0%,0,0,0,0,0,0,0,0,0,0.0,False,,,,,,,2024
match:2024-09-29:local:envigado,2024-09-29_Local_Envigado.json,2024-09-29,Primera A,Envigado,Local,3 - 0,Felix Charrupí,,M,8,6.3,False,0,0,0,0,2,2%,0,0,0,0,0,0,0,0,0,0.02,True,0.0,0.0,0.0,0.0,0.0,0.0,2024
match:2024-09-29:local:envigado,2024-09-29_Local_Envigado.json,2024-09-29,Primera A,Envigado,Local,3 - 0,Jhon Córdoba,,M,18,8.3,False,1,1,2,1,7,7%,1,0,0,2,2,0,1,0,0,0.07,True,5.0,5.0,10.0,5.0,10.0,0.0,2024
match:2024-09-29:local:envigado,2024-09-29_Local_Envigado.json,2024-09-29,Primera A,Envigado,Local,3 - 0,Jorge Arias,,D,0,,False,0,0,0,0,0,0%,0,0,0,0,0,0,0,0,0,0.0,False,,,,,,,2024
match:2024-09-29:local:envigado,2024-09-29_Local_Envigado.json,2024-09-29,Primera A,Envigado,Local,3 - 0,Juan Pablo Vargas,,D,90,7.3,True,0,0,0,0,45,37%,2,0,0,8,4,0,0,0,0,0.37,True,0.0,0.0,0.0,0.0,4.0,0.0,2024
match:2024-09-29:local:envigado,2024-09-29_Local_Envigado.json,2024-09-29,Primera A,Envigado,Local,3 - 0,Juan Ramirez,,F,90,7.3,True,0,0,1,0,46,39%,0,1,0,6,2,1,2,0,0,0.39,True,0.0,0.0,1.0,0.0,2.0,1.0,2024
match:2024-09-29:local:envigado,2024-09-29_Local_Envigado.json,2024-09-29,Primera A,Envigado,Local,3 - 0,Kevin Palacios,,M,72,7.2,True,0,0,3,2,29,25%,0,0,0,7,3,1,1,0,0,0.25,True,0.0,0.0,3.75,2.5,3.75,1.25,2024
match:2024-09-29:local:envigado,2024-09-29_Local_Envigado.json,2024-09-29,Primera A,Envigado,Local,3 - 0,Leonardo Castro,,F,71,6.6,True,0,0,2,1,19,12%,0,0,0,6,2,3,2,1,0,0.12,True,0.0,0.0,2.535211267605634,1.267605633802817,2.535211267605634,3.8028169014084505,2024
match:2024-09-29:local:envigado,2024-09-29_Local_Envigado.json,2024-09-29,Primera A,Envigado,Local,3 - 0,Neyser Villareal,,M,18,7.0,False,0,1,1,0,5,3%,1,0,0,3,2,0,1,0,0,0.03,True,0.0,5.0,5.0,0.0,10.0,0.0,2024
match:2024-09-29:local:envigado,2024-09-29_Local_Envigado.json,2024-09-29,Primera A,Envigado,Local,3 - 0,Santiago Giordana,,F,19,6.6,False,0,0,0,0,4,4%,1,0,0,1,1,0,0,0,0,0.04,True,0.0,0.0,0.0,0.0,4.7368421052631575,0.0,2024
match:2024-09-29:local:envigado,2024-09-29_Local_Envigado.json,2024-09-29,Primera A,Envigado,Local,3 - 0,Sergio Mosquera,,D,90,7.2,True,0,0,1,1,37,28%,1,2,0,3,2,1,1,0,0,0.28,True,0.0,0.0,1.0,1.0,2.0,1.0,2024
match:2024-09-29:local:envigado,2024-09-29_Local_Envigado.json,2024-09-29,Primera A,Envigado,Local,3 - 0,Stiven Vega,,M,90,7.0,True,0,0,0,0,42,32%,2,2,0,5,3,1,1,0,0,0.32,True,0.0,0.0,0.0,0.0,3.0,1.0,2024
match:2024-09-29:local:envigado,2024-09-29_Local_Envigado.json,2024-09-29,Primera A,Envigado,Local,3 - 0,Álvaro Montero,,G,90,7.2,True,0,0,0,0,19,18%,0,0,0,1,0,0,0,0,0,0.18,True,0.0,0.0,0.0,0.0,0.0,0.0,2024
match:2024-10-05:visitante:deportivo_cali,2024-10-05_Visitante_Deportivo_Cali.json,2024-10-05,Primera A,Deportivo Cali,Visitante,0 - 1,Andrés Llinás,,D,8,6.3,False,0,0,0,0,3,3%,0,0,0,0,0,0,0,0,0,0.03,True,0.0,0.0,0.0,0.0,0.0,0.0,2024
match:2024-10-05:visitante:deportivo_cali,2024-10-05_Visitante_Deportivo_Cali.json,2024-10-05,Primera A,Deportivo Cali,Visitante,0 - 1,Carlos Sarabia,,D,17,6.6,False,0,0,0,0,2,2%,1,0,0,1,1,0,0,0,0,0.02,True,0.0,0.0,0.0,0.0,5.294117647058823,0.0,2024
match:2024-10-05:visitante:deportivo_cali,2024-10-05_Visitante_Deportivo_Cali.json,2024-10-05,Primera A,Deportivo Cali,Visitante,0 - 1,Daniel Giraldo,,M,79,6.6,True,0,0,0,0,44,37%,1,0,0,13,6,2,0,1,0,0.37,True,0.0,0.0,0.0,0.0,6.8354430379746836,2.278481012658228,2024
match:2024-10-05:visitante:deportivo_cali,2024-10-05_Visitante_Deportivo_Cali.json,2024-10-05,Primera A,Deportivo Cali,Visitante,0 - 1,Daniel Mantilla,,M,45,6.9,True,0,0,0,0,17,11%,2,0,0,7,5,0,2,0,0,0.11,True,0.0,0.0,0.0,0.0,10.0,0.0,2024
match:2024-10-05:visitante:deportivo_cali,2024-10-05_Visitante_Deportivo_Cali.json,2024-10-05,Primera A,Deportivo Cali,Visitante,0 - 1,Danovis Banguero,,D,90,7.3,True,0,0,2,0,32,23%,2,1,0,11,5,2,0,1,0,0.23,True,0.0,0.0,2.0,0.0,5.0,2.0,2024
match:2024-10-05:visitante:deportivo_cali,2024-10-05_Visitante_Deportivo_Cali.json,2024-10-05,Primera A,Deportivo Cali,Visitante,0 - 1,David Macalister Silva,,M,63,6.9,True,0,0,0,0,33,26%,1,1,1,10,4,1,2,0,0,0.26,True,0.0,0.0,0.0,0.0,5.7142857142857135,1.4285714285714284,2024
match:2024-10-05:visitante:deportivo_cali,2024-10-05_Visitante_Deportivo_Cali.json,2024-10-05,Primera A,Deportivo Cali,Visitante,0 - 1,Delvin Alfonzo,,D,73,6.5,True,0,0,0,0,25,16%,1,0,0,8,3,3,1,1,0,0.16,True,0.0,0.0,0.0,0.0,3.698630136986301,3.698630136986301,2024
match:2024-10-05:visitante:deportivo_cali,2024-10-05_Visitante_Deportivo_Cali.json,2024-10-05,Primera A,Deportivo Cali,Visitante,0 - 1,Diego Novoa,,G,0,,False,0,0,0,0,0,0%,0,0,0,0,0,0,0,0,0,0.0,False,,,,,,,2024
match:2024-10-05:visitante:deportivo_cali,2024-10-05_Visitante_Deportivo_Cali.json,2024-10-05,Primera A,Deportivo Cali,Visitante,0 - 1,Felix Charrupí,,M,0,,False,0,0,0,0,0,0%,0,0,0,0,0,0,0,0,0,0.0,False,,,,,,,2024
match:2024-10-05:visitante:deportivo_cali,2024-10-05_Visitante_Deportivo_Cali.json,2024-10-05,Primera A,Deportivo Cali,Visitante,0 - 1,Jhon Córdoba,,M,82,7.0,True,0,1,0,0,16,12%,2,0,0,4,2,0,0,0,0,0.12,True,0.0,1.0975609756097562,0.0,0.0,2.1951219512195124,0.0,2024
match:2024-10-05:visitante:deportivo_cali,2024-10-05_Visitante_Deportivo_Cali.json,2024-10-05,Primera A,Deportivo Cali,Visitante,0 - 1,Juan Pablo Vargas,,D,90,7.3,True,0,0,0,0,31,26%,0,0,1,2,1,0,0,1,0,0.26,True,0.0,0.0,0.0,0.0,1.0,0.0,2024
match:2024-10-05:visitante:deportivo_cali,2024-10-05_Visitante_Deportivo_Cali.json,2024-10-05,Primera A,Deportivo Cali,Visitante,0 - 1,Juan Ramirez,,M,27,6.7,False,0,0,0,0,15,10%,0,0,0,4,1,1,0,0,0,0.1,True,0.0,0.0,0.0,0.0,3.333333333333333,3.333333333333333,2024
match:2024-10-05:visitante:deportivo_cali,2024-10-05_Visitante_Deportivo_Cali.json,2024-10-05,Primera A,Deportivo Cali,Visitante,0 - 1,Leonardo Castro,,F,73,7.3,True,1,0,2,1,24,16%,0,0,0,4,2,0,0,0,0,0.16,True,1.2328767123287672,0.0,2.4657534246575343,1.2328767123287672,2.4657534246575343,0.0,2024
match:2024-10-05:visitante:deportivo_cali,2024-10-05_Visitante_Deportivo_Cali.json,2024-10-05,Primera A,Deportivo Cali,Visitante,0 - 1,Neyser Villareal,,M,45,7.2,False,0,0,3,1,8,7%,0,0,0,12,7,0,2,1,0,0.07,True,0.0,0.0,6.0,2.0,14.0,0.0,2024
match:2024-10-05:visitante:deportivo_cali,2024-10-05_Visitante_Deportivo_Cali.json,2024-10-05,Primera A,Deportivo Cali,Visitante,0 - 1,Santiago Giordana,,F,17,6.9,False,0,0,0,0,10,7%,0,0,0,3,3,0,2,1,0,0.07,True,0.0,0.0,0.0,0.0,15.882352941176471,0.0,2024
match:2024-10-05:visitante:deportivo_cali,2024-10-05_Visitante_Deportivo_Cali.json,2024-10-05,Primera A,Deportivo Cali,Visitante,0 - 1,Sergio Mosquera,,D,79,6.5,True,0,0,0,0,24,11%,0,1,0,4,4,0,0,2,1,0.11,True,0.0,0.0,0.0,0.0,4.556962025316456,0.0,2024
match:2024-10-05:visitante:deportivo_cali,2024-10-05_Visitante_Deportivo_Cali.json,2024-10-05,Primera A,Deportivo Cali,Visitante,0 - 1,Stiven Vega,,M,90,6.3,True,0,0,0,0,46,33%,1,0,0,7,1,2,0,1,0,0.33,True,0.0,0.0,0.0,0.0,1.0,2.0,2024
match:2024-10-05:visitante:deportivo_cali,2024-10-05_Visitante_Deportivo_Cali.json,2024-10-05,Primera A,Deportivo Cali,Visitante,0 - 1,Álvaro Montero,,G,90,7.7,True,0,0,0,0,17,11%,0,0,0,0,0,0,0,0,0,0.11,True,0.0,0.0,0.0,0.0,0.0,0.0,2024
match:2024-10-12:visitante:america_de_cali,2024-10-12_Visitante_America_de_Cali.json,2024-10-12,Primera A,America de Cali,Visitante,2 - 1,Andrés Llinás,,D,96,6.0,True,0,0,0,0,46,37%,0,1,0,3,1,2,0,1,0,0.37,True,0.0,0.0,0.0,0.0,0.9375,1.875,2024
match:2024-10-12:visitante:america_de_cali,2024-10-12_Visitante_America_de_Cali.json,2024-10-12,Primera A,America de Cali,Visitante,2 - 1,Carlos Sarabia,,D,96,6.2,True,0,0,0,0,19,17%,1,1,0,6,3,1,2,1,0,0.17,True,0.0,0.0,0.0,0.0,2.8125,0.9375,2024
match:2024-10-12:visitante:america_de_cali,2024-10-12_Visitante_America_de_Cali.json,2024-10-12,Primera A,America de Cali,Visitante,2 - 1,Daniel Giraldo,,M,0,,False,0,0,0,0,0,0%,0,0,0,0,0,0,0,0,0,0.0,False,,,,,,,2024
match:2024-10-12:visitante:america_de_cali,2024-10-12_Visitante_America_de_Cali.json,2024-10-12,Primera A,America de Cali,Visitante,2 - 1,Daniel Mantilla,,M,83,6.5,True,0,0,0,0,17,12%,1,0,0,7,3,2,0,0,0,0.12,True,0.0,0.0,0.0,0.0,3.253012048192771,2.168674698795181,2024
match:2024-10-12:visitante:america_de_cali,2024-10-12_Visitante_America_de_Cali.json,2024-10-12,Primera A,America de Cali,Visitante,2 - 1,Daniel Ruiz,,F,13,6.7,False,0,0,0,0,5,3%,1,0,0,3,2,0,0,0,0,0.03,True,0.0,0.0,0.0,0.0,13.846153846153847,0.0,2024
match:2024-10-12:visitante:america_de_cali,2024-10-12_Visitante_America_de_Cali.json,2024-10-12,Primera A,America de Cali,Visitante,2 - 1,Danovis Banguero,,D,96,6.5,True,0,0,0,0,36,25%,1,0,1,12,4,5,1,1,0,0.25,True,0.0,0.0,0.0,0.0,3.75,4.6875,2024
match:2024-10-12:visitante:america_de_cali,2024-10-12_Visitante_America_de_Cali.json,2024-10-12,Primera A,America de Cali,Visitante,2 - 1,Darwin Cortés,,D,0,,False,0,0,0,0,0,0%,0,0,0,0,0,0,0,0,0,0.0,False,,,,,,,2024
match:2024-10-12:visitante:america_de_cali,2024-10-12_Visitante_America_de_Cali.json,2024-10-12,Primera A,America de Cali,Visitante,2 - 1,David Macalister Silva,,M,83,6.9,True,0,0,0,0,39,35%,1,0,0,8,3,0,2,0,0,0.35,True,0.0,0.0,0.0,0.0,3.253012048192771,0.0,2024
match:2024-10-12:visitante:america_de_cali,2024-10-12_Visitante_America_de_Cali.json,2024-10-12,Primera A,America de Cali,Visitante,2 - 1,Diego Novoa,,G,96,6.5,True,0,0,0,0,31,17%,0,0,0,1,1,0,0,0,0,0.17,True,0.0,0.0,0.0,0.0,0.9375,0.0,2024
match:2024-10-12:visitante:america_de_cali,2024-10-12_Visitante_America_de_Cali.json,2024-10-12,Primera A,America de Cali,Visitante,2 - 1,Felix Charrupí,,M,0,,False,0,0,0,0,0,0%,0,0,0,0,0,0,0,0,0,0.0,False,,,,,,,2024
match:2024-10-12:visitante:america_de_cali,2024-10-12_Visitante_America_de_Cali.json,2024-10-12,Primera A,America de Cali,Visitante,2 - 1,Iván Arboleda,,G,0,,False,0,0,0,0,0,0%,0,0,0,0,0,0,0,0,0,0.0,False,,,,,,,2024
match:2024-10-12:visitante:america_de_cali,2024-10-12_Visitante_America_de_Cali.json,2024-10-12,Primera A,America de Cali,Visitante,2 - 1,Jhon Córdoba,,M,96,6.3,True,0,0,1,1,19,15%,1,0,0,13,5,2,3,0,0,0.15,True,0.0,0.0,0.9375,0.9375,4.6875,1.875,2024
match:2024-10-12:visitante:america_de_cali,2024-10-12_Visitante_America_de_Cali.json,2024-10-12,Primera A,America de Cali,Visitante,2 - 1,Jorge Arias,,D,96,6.7,True,0,0,0,0,39,33%,1,1,0,7,4,1,0,1,0,0.33,True,0.0,0.0,0.0,0.0,3.75,0.9375,2024
match:2024-10-12:visitante:america_de_cali,2024-10-12_Visitante_America_de_Cali.json,2024-10-12,Primera A,America de Cali,Visitante,2 - 1,Juan Ramirez,,M,96,6.9,True,0,0,1,1,37,30%,1,0,0,9,4,0,3,0,0,0.3,True,0.0,0.0,0.9375,0.9375,3.75,0.0,2024
match:2024-10-12:visitante:america_de_cali,2024-10-12_Visitante_America_de_Cali.json,2024-10-12,Primera A,America de Cali,Visitante,2 - 1,Leonardo Castro,,F,90,7.3,True,1,0,3,3,31,21%,0,0,0,10,4,3,2,0,1,0.21,True,1.0,0.0,3.0,3.0,4.0,3.0,2024
match:2024-10-12:visitante:america_de_cali,2024-10-12_Visitante_America_de_Cali.json,2024-10-12,Primera A,America de Cali,Visitante,2 - 1,Neyser Villareal,,M,13,6.3,False,0,0,0,0,1,1%,0,0,0,0,0,0,0,0,0,1.0,True,0.0,0.0,0.0,0.0,0.0,0.0,2024
match:2024-10-12:visitante:america_de_cali,2024-10-12_Visitante_America_de_Cali.json,2024-10-12,Primera A,America de Cali,Visitante,2 - 1,Stiven Vega,,M,96,7.0,True,0,0,0,0,41,35%,2,2,0,6,4,0,2,0,0,0.35,True,0.0,0.0,0.0,0.0,3.75,0.0,2024
match:2024-10-17:local:fortaleza_fc,2024-10-17_Local_Fortaleza_FC.json,2024-10-17,Primera A,Fortaleza FC,Local,2 - 1,Andrés Llinás,,D,90,7.2,True,0,1,2,1,38,32%,0,2,0,9,6,0,1,0,0,0.32,True,0.0,1.0,2.0,1.0,6.0,0.0,2024
match:2024-10-17:local:fortaleza_fc,2024-10-17_Local_Fortaleza_FC.json,2024-10-17,Primera A,Fortaleza FC,Local,2 - 1,Brayan Campáz,,F,0,,False,0,0,0,0,0,0%,0,0,0,0,0,0,0,0,0,0.0,False,,,,,,,2024
match:2024-10-17:local:fortaleza_fc,2024-10-17_Local_Fortaleza_FC.json,2024-10-17,Primera A,Fortaleza FC,Local,2 - 1,Daniel Giraldo,,M,45,6.6,False,0,0,0,0,22,20%,1,0,0,2,2,0,0,0,0,0.2,True,0.0,0.0,0.0,0.0,4.0,0.0,2024
match:2024-10-17:local:fortaleza_fc,2024-10-17_Local_Fortaleza_FC.json,2024-10-17,Primera A,Fortaleza FC,Local,2 - 1,Daniel Mantilla,,D,89,6.3,True,0,0,0,0,21,19%,1,0,0,13,2,2,1,0,0,0.19,True,0.0,0.0,0.0,0.0,2.0224719101123596,2.0224719101123596,2024
match:2024-10-17:local:fortaleza_fc,2024-10-17_Local_Fortaleza_FC.json,2024-10-17,Primera A,Fortaleza FC,Local,2 - 1,Daniel Ruiz,,F,45,7.0,False,0,1,0,0,21,19%,0,0,0,7,0,0,0,0,0,0.19,True,0.0,2.0,0.0,0.0,0.0,0.0,2024
match:2024-10-17:local:fortaleza_fc,2024-10-17_Local_Fortaleza_FC.json,2024-10-17,Primera A,Fortaleza FC,Local,2 - 1,Darwin Cortés,,D,45,6.7,True,0,0,1,1,25,20%,1,2,0,5,2,0,0,0,0,0.2,True,0.0,0.0,2.0,2.0,4.0,0.0,2024
match:2024-10-17:local:fortaleza_fc,2024-10-17_Local_Fortaleza_FC.json,2024-10-17,Primera A,Fortaleza FC,Local,2 - 1,Delvin Alfonzo,,D,74,7.0,True,0,0,1,0,26,18%,1,0,0,5,3,1,2,0,0,0.18,True,0.0,0.0,1.2162162162162162,0.0,3.6486486486486487,1.2162162162162162,2024
match:2024-10-17:local:fortaleza_fc,2024-10-17_Local_Fortaleza_FC.json,2024-10-17,Primera A,Fortaleza FC,Local,2 - 1,Diego Novoa,,G,0,,False,0,0,0,0,0,0%,0,0,0,0,0,0,0,0,0,0.0,False,,,,,,,2024
match:2024-10-17:local:fortaleza_fc,2024-10-17_Local_Fortaleza_FC.json,2024-10-17,Primera A,Fortaleza FC,Local,2 - 1,Felix Charrupí,,M,45,6.5,True,0,0,1,1,21,15%,0,2,0,4,2,0,1,0,0,0.15,True,0.0,0.0,2.0,2.0,4.0,0.0,2024
match:2024-10-17:local:fortaleza_fc,2024-10-17_Local_Fortaleza_FC.json,2024-10-17,Primera A,Fortaleza FC,Local,2 - 1,Jader Valencia,,F,16,6.5,False,0,0,0,0,1,1%,0,0,0,3,0,0,0,0,0,1.0,True,0.0,0.0,0.0,0.0,0.0,0.0,2024
match:2024-10-17:local:fortaleza_fc,2024-10-17_Local_Fortaleza_FC.json,2024-10-17,Primera A,Fortaleza FC,Local,2 - 1,Jhon Córdoba,,M,90,8.7,True,2,0,4,3,12,6%,1,0,0,9,4,0,2,0,0,0.06,True,2.0,0.0,4.0,3.0,4.0,0.0,2024
match:2024-10-17:local:fortaleza_fc,2024-10-17_Local_Fortaleza_FC.json,2024-10-17,Primera A,Fortaleza FC,Local,2 - 1,Jorge Arias,,D,90,7.2,True,0,0,0,0,48,37%,1,2,1,7,5,0,2,0,0,0.37,True,0.0,0.0,0.0,0.0,5.0,0.0,2024
match:2024-10-17:local:fortaleza_fc,2024-10-17_Local_Fortaleza_FC.json,2024-10-17,Primera A,Fortaleza FC,Local,2 - 1,Juan Pereira,,M,1,,False,0,0,0,0,2,2%,1,0,0,1,1,0,0,0,0,0.02,True,0.0,0.0,0.0,0.0,90.0,0.0,2024
match:2024-10-17:local:fortaleza_fc,2024-10-17_Local_Fortaleza_FC.json,2024-10-17,Primera A,Fortaleza FC,Local,2 - 1,Juan Ramirez,,F,90,7.5,True,0,0,0,0,36,28%,2,0,0,4,2,1,0,0,0,0.28,True,0.0,0.0,0.0,0.0,2.0,1.0,2024
match:2024-10-17:local:fortaleza_fc,2024-10-17_Local_Fortaleza_FC.json,2024-10-17,Primera A,Fortaleza FC,Local,2 - 1,Ricardo Rosales,,F,0,,False,0,0,0,0,0,0%,0,0,0,0,0,0,0,0,0,0.0,False,,,,,,,2024
match:2024-10-17:local:fortaleza_fc,2024-10-17_Local_Fortaleza_FC.json,2024-10-17,Primera A,Fortaleza FC,Local,2 - 1,Santiago Giordana,,F,90,6.9,True,0,0,3,1,12,7%,1,0,0,10,4,2,1,0,0,0.07,True,0.0,0.0,3.0,1.0,4.0,2.0,2024
match:2024-10-17:local:fortaleza_fc,2024-10-17_Local_Fortaleza_FC.json,2024-10-17,Primera A,Fortaleza FC,Local,2 - 1,Stiven Vega,,M,90,6.6,True,0,0,0,0,39,34%,1,3,0,5,3,0,1,0,0,0.34,True,0.0,0.0,0.0,0.0,3.0,0.0,2024
match:2024-10-17:local:fortaleza_fc,2024-10-17_Local_Fortaleza_FC.json,2024-10-17,Primera A,Fortaleza FC,Local,2 - 1,Álvaro Montero,,G,90,6.9,True,0,0,0,0,23,17%,0,0,0,1,0,1,0,1,0,0.17,True,0.0,0.0,0.0,0.0,0.0,1.0,2024
match:2024-10-27:visitante:santa_fe,2024-10-27_Visitante_Santa_Fe.json,2024-10-27,Primera A,Santa Fe,Visitante,0 - 1,Andrés Llinás,,D,10,6.2,False,0,0,0,0,0,0%,0,0,0,0,0,0,0,0,0,0.0,True,0.0,0.0,0.0,0.0,0.0,0.0,2024
match:2024-10-27:visitante:santa_fe,2024-10-27_Visitante_Santa_Fe.json,2024-10-27,Primera A,Santa Fe,Visitante,0 - 1,Daniel Giraldo,,M,90,6.7,True,0,0,0,0,46,38%,1,0,1,8,2,3,1,1,0,0.38,True,0.0,0.0,0.0,0.0,2.0,3.0,2024
match:2024-10-27:visitante:santa_fe,2024-10-27_Visitante_Santa_Fe.json,2024-10-27,Primera A,Santa Fe,Visitante,0 - 1,Daniel Mantilla,,M,71,6.7,True,0,0,1,1,18,15%,0,1,0,4,0,0,0,0,0,0.15,True,0.0,0.0,1.267605633802817,1.267605633802817,0.0,0.0,2024
match:2024-10-27:visitante:santa_fe,2024-10-27_Visitante_Santa_Fe.json,2024-10-27,Primera A,Santa Fe,Visitante,0 - 1,Daniel Ruiz,,F,19,6.3,False,0,0,0,0,11,8%,0,0,0,7,3,0,2,1,0,0.08,True,0.0,0.0,0.0,0.0,14.210526315789473,0.0,2024
match:2024-10-27:visitante:santa_fe,2024-10-27_Visitante_Santa_Fe.json,2024-10-27,Primera A,Santa Fe,Visitante,0 - 1,Danovis Banguero,,D,90,7.3,True,0,0,1,0,40,29%,2,2,0,8,6,0,0,0,0,0.29,True,0.0,0.0,1.0,0.0,6.0,0.0,2024
match:2024-10-27:visitante:santa_fe,2024-10-27_Visitante_Santa_Fe.json,2024-10-27,Primera A,Santa Fe,Visitante,0 - 1,Delvin Alfonzo,,D,90,6.6,True,0,0,0,0,21,13%,1,0,0,7,3,0,1,0,0,0.13,True,0.0,0.0,0.0,0.0,3.0,0.0,2024
match:2024-10-27:visitante:santa_fe,2024-10-27_Visitante_Santa_Fe.json,2024-10-27,Primera A,Santa Fe,Visitante,0 - 1,Iván Arboleda,,G,0,,False,0,0,0,0,0,0%,0,0,0,0,0,0,0,0,0,0.0,False,,,,,,,2024
match:2024-10-27:visitante:santa_fe,2024-10-27_Visitante_Santa_Fe.json,2024-10-27,Primera A,Santa Fe,Visitante,0 - 1,Jader Valencia,,F,19,6.9,False,0,0,1,1,6,6%,0,0,0,0,0,0,0,1,0,0.06,True,0.0,0.0,4.7368421052631575,4.7368421052631575,0.0,0.0,2024
match:2024-10-27:visitante:santa_fe,2024-10-27_Visitante_Santa_Fe.json,2024-10-27,Primera A,Santa Fe,Visitante,0 - 1,Jhon Córdoba,,M,88,7.3,True,0,1,1,0,18,11%,3,1,0,10,4,1,0,1,0,0.11,True,0.0,1.0227272727272727,1.0227272727272727,0.0,4.090909090909091,1.0227272727272727,2024
match:2024-10-27:visitante:santa_fe,2024-10-27_Visitante_Santa_Fe.json,2024-10-27,Primera A,Santa Fe,Visitante,0 - 1,Juan Pablo Vargas,,D,90,7.5,True,0,0,0,0,29,21%,3,2,1,7,6,0,1,0,0,0.21,True,0.0,0.0,0.0,0.0,6.0,0.0,2024
match:2024-10-27:visitante:santa_fe,2024-10-27_Visitante_Santa_Fe.json,2024-10-27,Primera A,Santa Fe,Visitante,0 - 1,Juan Pereira,,M,0,,False,0,0,0,0,0,0%,0,0,0,0,0,0,0,0,0,0.0,False,,,,,,,2024
match:2024-10-27:visitante:santa_fe,2024-10-27_Visitante_Santa_Fe.json,2024-10-27,Primera A,Santa Fe,Visitante,0 - 1,Juan Ramirez,,M,71,7.2,True,0,0,0,0,40,35%,0,1,0,5,4,0,2,0,0,0.35,True,0.0,0.0,0.0,0.0,5.070422535211268,0.0,2024
match:2024-10-27:visitante:santa_fe,2024-10-27_Visitante_Santa_Fe.json,2024-10-27,Primera A,Santa Fe,Visitante,0 - 1,Leonardo Castro,,F,90,7.3,True,1,0,3,1,26,18%,1,0,1,10,3,0,0,0,0,0.18,True,1.0,0.0,3.0,1.0,3.0,0.0,2024
match:2024-10-27:visitante:santa_fe,2024-10-27_Visitante_Santa_Fe.json,2024-10-27,Primera A,Santa Fe,Visitante,0 - 1,Neyser Villareal,,M,0,,False,0,0,0,0,0,0%,0,0,0,0,0,0,0,0,0,0.0,False,,,,,,,2024
match:2024-10-27:visitante:santa_fe,2024-10-27_Visitante_Santa_Fe.json,2024-10-27,Primera A,Santa Fe,Visitante,0 - 1,Santiago Giordana,,F,0,,False,0,0,0,0,0,0%,0,0,0,0,0,0,0,0,0,0.0,False,,,,,,,2024
match:2024-10-27:visitante:santa_fe,2024-10-27_Visitante_Santa_Fe.json,2024-10-27,Primera A,Santa Fe,Visitante,0 - 1,Sergio Mosquera,,D,90,6.9,True,0,0,0,0,25,14%,0,1,0,3,2,1,0,1,0,0.14,True,0.0,0.0,0.0,0.0,2.0,1.0,2024
match:2024-10-27:visitante:santa_fe,2024-10-27_Visitante_Santa_Fe.json,2024-10-27,Primera A,Santa Fe,Visitante,0 - 1,Stiven Vega,,M,90,6.5,True,0,0,0,0,33,27%,0,0,0,4,0,2,0,0,0,0.27,True,0.0,0.0,0.0,0.0,0.0,2.0,2024
match:2024-10-27:visitante:santa_fe,2024-10-27_Visitante_Santa_Fe.json,2024-10-27,Primera A,Santa Fe,Visitante,0 - 1,Álvaro Montero,,G,90,8.0,True,0,0,0,0,23,8%,0,0,0,1,1,0,1,0,0,0.08,True,0.0,0.0,0.0,0.0,1.0,0.0,2024
match:2024-11-04:local:deportivo_pasto,2024-11-04_Local_Deportivo_Pasto.json,2024-11-04,Primera A,Deportivo Pasto,Local,1 - 0,Andrés Llinás,,D,0,,False,0,0,0,0,0,0%,0,0,0,0,0,0,0,0,0,0.0,False,,,,,,,2024
match:2024-11-04:local:deportivo_pasto,2024-11-04_Local_Deportivo_Pasto.json,2024-11-04,Primera A,Deportivo Pasto,Local,1 - 0,Daniel Giraldo,,M,90,7.2,True,0,0,0,0,50,43%,1,0,0,2,2,0,1,0,0,0.43,True,0.0,0.0,0.0,0.0,2.0,0.0,2024
match:2024-11-04:local:deportivo_pasto,2024-11-04_Local_Deportivo_Pasto.json,2024-11-04,Primera A,Deportivo Pasto,Local,1 - 0,Daniel Mantilla,,M,21,6.7,False,0,0,0,0,7,4%,1,0,0,5,2,1,0,0,0,0.04,True,0.0,0.0,0.0,0.0,8.571428571428571,4.285714285714286,2024
match:2024-11-04:local:deportivo_pasto,2024-11-04_Local_Deportivo_Pasto.json,2024-11-04,Primera A,Deportivo Pasto,Local,1 - 0,Daniel Ruiz,,F,9,7.2,False,0,1,0,0,5,4%,0,0,0,1,1,0,0,0,0,0.04,True,0.0,10.0,0.0,0.0,10.0,0.0,2024
match:2024-11-04:local:deportivo_pasto,2024-11-04_Local_Deportivo_Pasto.json,2024-11-04,Primera A,Deportivo Pasto,Local,1 - 0,Danovis Banguero,,D,80,7.0,True,0,0,1,0,48,37%,0,1,0,5,2,0,1,0,0,0.37,True,0.0,0.0,1.125,0.0,2.25,0.0,2024
match:2024-11-04:local:deportivo_pasto,2024-11-04_Local_Deportivo_Pasto.json,2024-11-04,Primera A,Deportivo Pasto,Local,1 - 0,Delvin Alfonzo,,D,69,6.9,True,0,0,1,0,41,35%,0,2,0,4,2,2,1,1,0,0.35,True,0.0,0.0,1.3043478260869565,0.0,2.608695652173913,2.608695652173913,2024
match:2024-11-04:local:deportivo_pasto,2024-11-04_Local_Deportivo_Pasto.json,2024-11-04,Primera A,Deportivo Pasto,Local,1 - 0,Diego Novoa,,G,0,,False,0,0,0,0,0,0%,0,0,0,0,0,0,0,0,0,0.0,False,,,,,,,2024
match:2024-11-04:local:deportivo_pasto,2024-11-04_Local_Deportivo_Pasto.json,2024-11-04,Primera A,Deportivo Pasto,Local,1 - 0,Jader Valencia,,M,69,7.2,True,0,0,2,1,22,17%,1,0,0,5,3,0,1,0,0,0.17,True,0.0,0.0,2.608695652173913,1.3043478260869565,3.9130434782608696,0.0,2024
match:2024-11-04:local:deportivo_pasto,2024-11-04_Local_Deportivo_Pasto.json,2024-11-04,Primera A,Deportivo Pasto,Local,1 - 0,Jhon Córdoba,,M,69,6.9,True,0,0,1,1,18,13%,0,0,0,4,2,1,0,0,0,0.13,True,0.0,0.0,1.3043478260869565,1.3043478260869565,2.608695652173913,1.3043478260869565,2024
match:2024-11-04:local:deportivo_pasto,2024-11-04_Local_Deportivo_Pasto.json,2024-11-04,Primera A,Deportivo Pasto,Local,1 - 0,Juan Pablo Vargas,,D,90,7.2,True,0,0,0,0,56,49%,1,1,0,10,6,0,0,0,0,0.49,True,0.0,0.0,0.0,0.0,6.0,0.0,2024
match:2024-11-04:local:deportivo_pasto,2024-11-04_Local_Deportivo_Pasto.json,2024-11-04,Primera A,Deportivo Pasto,Local,1 - 0,Juan Pereira,,M,21,6.3,False,0,0,1,1,8,8%,1,0,0,1,1,0,0,0,0,0.08,True,0.0,0.0,4.285714285714286,4.285714285714286,4.285714285714286,0.0,2024
match:2024-11-04:local:deportivo_pasto,2024-11-04_Local_Deportivo_Pasto.json,2024-11-04,Primera A,Deportivo Pasto,Local,1 - 0,Juan Ramirez,,M,81,7.2,True,0,0,0,0,48,42%,1,0,0,4,3,0,2,1,0,0.42,True,0.0,0.0,0.0,0.0,3.333333333333333,0.0,2024
match:2024-11-04:local:deportivo_pasto,2024-11-04_Local_Deportivo_Pasto.json,2024-11-04,Primera A,Deportivo Pasto,Local,1 - 0,Kevin Palacios,,M,21,6.7,False,0,0,0,0,4,4%,0,1,0,0,0,0,0,0,0,0.04,True,0.0,0.0,0.0,0.0,0.0,0.0,2024
match:2024-11-04:local:deportivo_pasto,2024-11-04_Local_Deportivo_Pasto.json,2024-11-04,Primera A,Deportivo Pasto,Local,1 - 0,Leonardo Castro,,F,90,8.3,True,1,0,2,2,19,13%,1,0,0,7,6,0,5,0,0,0.13,True,1.0,0.0,2.0,2.0,6.0,0.0,2024
match:2024-11-04:local:deportivo_pasto,2024-11-04_Local_Deportivo_Pasto.json,2024-11-04,Primera A,Deportivo Pasto,Local,1 - 0,Radamel Falcao,,F,10,6.9,False,0,0,3,1,2,1%,0,0,0,2,1,0,1,0,0,1.0,True,0.0,0.0,27.0,9.0,9.0,0.0,2024
match:2024-11-04:local:deportivo_pasto,2024-11-04_Local_Deportivo_Pasto.json,2024-11-04,Primera A,Deportivo Pasto,Local,1 - 0,Sergio Mosquera,,D,90,7.2,True,0,0,0,0,41,28%,0,0,1,2,1,0,0,0,0,0.28,True,0.0,0.0,0.0,0.0,1.0,0.0,2024
match:2024-11-04:local:deportivo_pasto,2024-11-04_Local_Deportivo_Pasto.json,2024-11-04,Primera A,Deportivo Pasto,Local,1 - 0,Stiven Vega,,M,90,7.2,True,0,0,0,0,51,45%,1,0,2,4,3,0,0,0,0,0.45,True,0.0,0.0,0.0,0.0,3.0,0.0,2024
match:2024-11-04:local:deportivo_pasto,2024-11-04_Local_Deportivo_Pasto.json,2024-11-04,Primera A,Deportivo Pasto,Local,1 - 0,Álvaro Montero,,G,90,7.3,True,0,0,0,0,23,18%,0,0,0,0,0,0,0,0,0,0.18,True,0.0,0.0,0.0,0.0,0.0,0.0,2024
match:2024-11-07:visitante:junior,2024-11-07_Visitante_Junior.json,2024-11-07,Primera A,Junior,Visitante,0 - 0,Andrés Llinás,,D,0,,False,0,0,0,0,0,0%,0,0,0,0,0,0,0,0,0,0.0,False,,,,,,,2024
match:2024-11-07:visitante:junior,2024-11-07_Visitante_Junior.json,2024-11-07,Primera A,Junior,Visitante,0 - 0,Carlos Sarabia,,D,90,6.9,True,0,0,0,0,27,20%,2,0,0,9,3,4,0,0,0,0.2,True,0.0,0.0,0.0,0.0,3.0,4.0,2024
match:2024-11-07:visitante:junior,2024-11-07_Visitante_Junior.json,2024-11-07,Primera A,Junior,Visitante,0 - 0,Daniel Giraldo,,M,90,6.6,True,0,0,0,0,48,41%,1,1,0,5,1,2,0,1,0,0.41,True,0.0,0.0,0.0,0.0,1.0,2.0,2024
match:2024-11-07:visitante:junior,2024-11-07_Visitante_Junior.json,2024-11-07,Primera A,Junior,Visitante,0 - 0,Daniel Mantilla,,M,21,6.9,False,0,0,0,0,6,4%,1,0,0,3,2,0,0,0,0,0.04,True,0.0,0.0,0.0,0.0,8.571428571428571,0.0,2024
match:2024-11-07:visitante:junior,2024-11-07_Visitante_Junior.json,2024-11-07,Primera A,Junior,Visitante,0 - 0,Daniel Ruiz,,M,69,7.3,True,0,0,3,1,38,29%,0,0,0,3,0,0,0,0,0,0.29,True,0.0,0.0,3.9130434782608696,1.3043478260869565,0.0,0.0,2024
match:2024-11-07:visitante:junior,2024-11-07_Visitante_Junior.json,2024-11-07,Primera A,Junior,Visitante,0 - 0,Danovis Banguero,,D,90,7.6,True,0,0,0,0,41,35%,3,2,1,9,7,0,1,0,0,0.35,True,0.0,0.0,0.0,0.0,7.0,0.0,2024
match:2024-11-07:visitante:junior,2024-11-07_Visitante_Junior.json,2024-11-07,Primera A,Junior,Visitante,0 - 0,Iván Arboleda,,G,0,,False,0,0,0,0,0,0%,0,0,0,0,0,0,0,0,0,0.0,False,,,,,,,2024
match:2024-11-07:visitante:junior,2024-11-07_Visitante_Junior.json,2024-11-07,Primera A,Junior,Visitante,0 - 0,Jader Valencia,,M,68,7.0,True,0,0,1,0,27,24%,1,1,0,13,6,0,2,0,0,0.24,True,0.0,0.0,1.3235294117647058,0.0,7.9411764705882355,0.0,2024
match:2024-11-07:visitante:junior,2024-11-07_Visitante_Junior.json,2024-11-07,Primera A,Junior,Visitante,0 - 0,Jhon Córdoba,,M,69,7.0,True,0,0,0,0,27,23%,3,1,0,11,7,0,0,0,0,0.23,True,0.0,0.0,0.0,0.0,9.130434782608695,0.0,2024
match:2024-11-07:visitante:junior,2024-11-07_Visitante_Junior.json,2024-11-07,Primera A,Junior,Visitante,0 - 0,Juan Pablo Vargas,,D,90,7.6,True,0,0,0,0,41,36%,1,2,3,7,4,1,0,0,0,0.36,True,0.0,0.0,0.0,0.0,4.0,1.0,2024
match:2024-11-07:visitante:junior,2024-11-07_Visitante_Junior.json,2024-11-07,Primera A,Junior,Visitante,0 - 0,Juan Pereira,,M,0,,False,0,0,0,0,0,0%,0,0,0,0,0,0,0,0,0,0.0,False,,,,,,,2024
match:2024-11-07:visitante:junior,2024-11-07_Visitante_Junior.json,2024-11-07,Primera A,Junior,Visitante,0 - 0,Juan Ramirez,,M,21,6.7,False,0,0,0,0,8,7%,0,0,0,3,2,0,2,0,0,0.07,True,0.0,0.0,0.0,0.0,8.571428571428571,0.0,2024
match:2024-11-07:visitante:junior,2024-11-07_Visitante_Junior.json,2024-11-07,Primera A,Junior,Visitante,0 - 0,Kevin Palacios,,M,22,6.6,False,0,0,0,0,13,11%,1,1,0,7,3,2,0,1,0,0.11,True,0.0,0.0,0.0,0.0,12.272727272727272,8.181818181818182,2024
match:2024-11-07:visitante:junior,2024-11-07_Visitante_Junior.json,2024-11-07,Primera A,Junior,Visitante,0 - 0,Leonardo Castro,,F,69,6.6,True,0,0,1,0,13,9%,1,0,0,4,2,0,1,0,0,0.09,True,0.0,0.0,1.3043478260869565,0.0,2.608695652173913,0.0,2024
match:2024-11-07:visitante:junior,2024-11-07_Visitante_Junior.json,2024-11-07,Primera A,Junior,Visitante,0 - 0,Radamel Falcao,,F,21,6.9,False,0,0,2,1,6,6%,1,0,0,6,2,1,0,0,0,0.06,True,0.0,0.0,8.571428571428571,4.285714285714286,8.571428571428571,4.285714285714286,2024
match:2024-11-07:visitante:junior,2024-11-07_Visitante_Junior.json,2024-11-07,Primera A,Junior,Visitante,0 - 0,Sergio Mosquera,,D,90,7.2,True,0,0,1,0,25,18%,1,0,1,4,4,0,0,0,0,0.18,True,0.0,0.0,1.0,0.0,4.0,0.0,2024
match:2024-11-07:visitante:junior,2024-11-07_Visitante_Junior.json,2024-11-07,Primera A,Junior,Visitante,0 - 0,Stiven Vega,,M,90,7.0,True,0,0,0,0,48,48%,0,0,2,4,0,1,0,0,0,0.48,True,0.0,0.0,0.0,0.0,0.0,1.0,2024
match:2024-11-07:visitante:junior,2024-11-07_Visitante_Junior.json,2024-11-07,Primera A,Junior,Visitante,0 - 0,Álvaro Montero,,G,90,8.6,True,0,0,0,0,16,11%,0,0,0,0,0,0,0,0,0,0.11,True,0.0,0.0,0.0,0.0,0.0,0.0,2024
match:2024-11-11:local:deportivo_pereira,2024-11-11_Local_Deportivo_Pereira.json,2024-11-11,Primera A,Deportivo Pereira,Local,0 - 0,Andrés Llinás,,D,90,6.9,True,0,0,0,0,41,39%,1,3,0,7,1,3,0,1,0,0.39,True,0.0,0.0,0.0,0.0,1.0,3.0,2024
match:2024-11-11:local:deportivo_pereira,2024-11-11_Local_Deportivo_Pereira.json,2024-11-11,Primera A,Deportivo Pereira,Local,0 - 0,Carlos Sarabia,,D,90,7.2,True,0,0,0,0,23,19%,2,1,0,7,6,1,3,0,0,0.19,True,0.0,0.0,0.0,0.0,6.0,1.0,2024
match:2024-11-11:local:deportivo_pereira,2024-11-11_Local_Deportivo_Pereira.json,2024-11-11,Primera A,Deportivo Pereira,Local,0 - 0,Daniel Giraldo,,M,59,7.3,True,0,0,1,0,34,30%,2,1,1,5,4,1,2,1,0,0.3,True,0.0,0.0,1.5254237288135593,0.0,6.101694915254237,1.5254237288135593,2024
match:2024-11-11:local:deportivo_pereira,2024-11-11_Local_Deportivo_Pereira.json,2024-11-11,Primera A,Deportivo Pereira,Local,0 - 0,Daniel Mantilla,,M,81,6.6,True,0,0,2,0,9,7%,0,0,0,3,1,2,1,0,0,0.07,True,0.0,0.0,2.2222222222222223,0.0,1.1111111111111112,2.2222222222222223,2024
match:2024-11-11:local:deportivo_pereira,2024-11-11_Local_Deportivo_Pereira.json,2024-11-11,Primera A,Deportivo Pereira,Local,0 - 0,Daniel Ruiz,,M,59,6.6,True,0,0,0,0,36,29%,0,1,0,6,2,0,2,0,0,0.29,True,0.0,0.0,0.0,0.0,3.0508474576271185,0.0,2024
match:2024-11-11:local:deportivo_pereira,2024-11-11_Local_Deportivo_Pereira.json,2024-11-11,Primera A,Deportivo Pereira,Local,0 - 0,Danovis Banguero,,D,90,7.0,True,0,0,1,1,48,38%,0,0,0,7,2,0,0,0,0,0.38,True,0.0,0.0,1.0,1.0,2.0,0.0,2024
match:2024-11-11:local:deportivo_pereira,2024-11-11_Local_Deportivo_Pereira.json,2024-11-11,Primera A,Deportivo Pereira,Local,0 - 0,David Macalister Silva,,M,31,6.9,False,0,0,0,0,39,32%,1,0,0,3,2,0,0,0,0,0.32,True,0.0,0.0,0.0,0.0,5.806451612903226,0.0,2024
match:2024-11-11:local:deportivo_pereira,2024-11-11_Local_Deportivo_Pereira.json,2024-11-11,Primera A,Deportivo Pereira,Local,0 - 0,Diego Novoa,,G,0,,False,0,0,0,0,0,0%,0,0,0,0,0,0,0,0,0,0.0,False,,,,,,,2024
match:2024-11-11:local:deportivo_pereira,2024-11-11_Local_Deportivo_Pereira.json,2024-11-11,Primera A,Deportivo Pereira,Local,0 - 0,Jader Valencia,,M,58,7.0,True,0,0,1,0,7,6%,1,0,0,7,5,0,2,0,0,0.06,True,0.0,0.0,1.5517241379310345,0.0,7.758620689655173,0.0,2024
match:2024-11-11:local:deportivo_pereira,2024-11-11_Local_Deportivo_Pereira.json,2024-11-11,Primera A,Deportivo Pereira,Local,0 - 0,Jhon Córdoba,,M,32,6.9,False,0,0,2,1,9,6%,0,0,0,2,1,0,0,0,0,0.06,True,0.0,0.0,5.625,2.8125,2.8125,0.0,2024
match:2024-11-11:local:deportivo_pereira,2024-11-11_Local_Deportivo_Pereira.json,2024-11-11,Primera A,Deportivo Pereira,Local,0 - 0,Juan Pablo Vargas,,D,90,7.2,True,0,0,0,0,53,47%,1,2,0,3,3,0,0,0,0,0.47,True,0.0,0.0,0.0,0.0,3.0,0.0,2024
match:2024-11-11:local:deportivo_pereira,2024-11-11_Local_Deportivo_Pereira.json,2024-11-11,Primera A,Deportivo Pereira,Local,0 - 0,Juan Ramirez,,M,31,6.9,False,0,0,0,0,18,14%,1,0,0,3,2,0,1,0,0,0.14,True,0.0,0.0,0.0,0.0,5.806451612903226,0.0,2024
match:2024-11-11:local:deportivo_pereira,2024-11-11_Local_Deportivo_Pereira.json,2024-11-11,Primera A,Deportivo Pereira,Local,0 - 0,Omar Bertel,,D,0,,False,0,0,0,0,0,0%,0,0,0,0,0,0,0,0,0,0.0,False,,,,,,,2024
match:2024-11-11:local:deportivo_pereira,2024-11-11_Local_Deportivo_Pereira.json,2024-11-11,Primera A,Deportivo Pereira,Local,0 - 0,Radamel Falcao,,F,90,6.6,True,0,0,1,0,11,10%,0,0,0,7,3,2,3,0,0,0.1,True,0.0,0.0,1.0,0.0,3.0,2.0,2024
match:2024-11-11:local:deportivo_pereira,2024-11-11_Local_Deportivo_Pereira.json,2024-11-11,Primera A,Deportivo Pereira,Local,0 - 0,Santiago Giordana,,F,9,7.5,False,0,0,3,2,1,1%,0,0,0,2,0,1,0,0,0,1.0,True,0.0,0.0,30.0,20.0,0.0,10.0,2024
match:2024-11-11:local:deportivo_pereira,2024-11-11_Local_Deportivo_Pereira.json,2024-11-11,Primera A,Deportivo Pereira,Local,0 - 0,Sergio Mosquera,,D,0,,False,0,0,0,0,0,0%,0,0,0,0,0,0,0,0,0,0.0,False,,,,,,,2024
match:2024-11-11:local:deportivo_pereira,2024-11-11_Local_Deportivo_Pereira.json,2024-11-11,Primera A,Deportivo Pereira,Local,0 - 0,Stiven Vega,,M,90,6.9,True,0,0,0,0,53,44%,0,0,1,4,2,1,1,0,0,0.44,True,0.0,0.0,0.0,0.0,2.0,1.0,2024
match:2024-11-11:local:deportivo_pereira,2024-11-11_Local_Deportivo_Pereira.json,2024-11-11,Primera A,Deportivo Pereira,Local,0 - 0,Álvaro Montero,,G,90,7.6,True,0,0,0,0,24,19%,0,0,0,2,2,0,1,0,0,0.19,True,0.0,0.0,0.0,0.0,2.0,0.0,2024
match:2024-11-15:visitante:chico,2024-11-15_Visitante_Chico.json,2024-11-15,Primera A,Chico,Visitante,1 - 5,Carlos Sarabia,,D,39,5.6,True,0,0,0,0,16,14%,2,0,0,5,3,2,0,0,1,0.14,True,0.0,0.0,0.0,0.0,6.923076923076923,4.615384615384615,2024
match:2024-11-15:visitante:chico,2024-11-15_Visitante_Chico.json,2024-11-15,Primera A,Chico,Visitante,1 - 5,Daniel Mantilla,,M,88,7.2,True,0,1,1,0,22,21%,0,1,0,4,0,1,0,0,0,0.21,True,0.0,1.0227272727272727,1.0227272727272727,0.0,0.0,1.0227272727272727,2024
match:2024-11-15:visitante:chico,2024-11-15_Visitante_Chico.json,2024-11-15,Primera A,Chico,Visitante,1 - 5,Daniel Ruiz,,F,2,,False,0,1,0,0,5,5%,0,0,0,1,0,0,0,0,0,0.05,True,0.0,45.0,0.0,0.0,0.0,0.0,2024
match:2024-11-15:visitante:chico,2024-11-15_Visitante_Chico.json,2024-11-15,Primera A,Chico,Visitante,1 - 5,Darwin Cortés,,D,0,,False,0,0,0,0,0,0%,0,0,0,0,0,0,0,0,0,0.0,False,,,,,,,2024
match:2024-11-15:visitante:chico,2024-11-15_Visitante_Chico.json,2024-11-15,Primera A,Chico,Visitante,1 - 5,David Macalister Silva,,M,87,9.2,True,1,2,1,1,48,41%,1,0,0,7,2,1,0,0,0,0.41,True,1.0344827586206897,2.0689655172413794,1.0344827586206897,1.0344827586206897,2.0689655172413794,1.0344827586206897,2024
match:2024-11-15:visitante:chico,2024-11-15_Visitante_Chico.json,2024-11-15,Primera A,Chico,Visitante,1 - 5,Diego Novoa,,G,0,,False,0,0,0,0,0,0%,0,0,0,0,0,0,0,0,0,0.0,False,,,,,,,2024
match:2024-11-15:visitante:chico,2024-11-15_Visitante_Chico.json,2024-11-15,Primera A,Chico,Visitante,1 - 5,Felix Charrupí,,M,90,6.9,True,0,0,1,1,36,28%,3,2,0,8,3,3,0,0,0,0.28,True,0.0,0.0,1.0,1.0,3.0,3.0,2024
match:2024-11-15:visitante:chico,2024-11-15_Visitante_Chico.json,2024-11-15,Primera A,Chico,Visitante,1 - 5,Iván Arboleda,,G,90,8.2,True,0,0,0,0,17,11%,0,0,0,0,0,0,0,0,0,0.11,True,0.0,0.0,0.0,0.0,0.0,0.0,2024
match:2024-11-15:visitante:chico,2024-11-15_Visitante_Chico.json,2024-11-15,Primera A,Chico,Visitante,1 - 5,Jhon Córdoba,,M,26,6.7,False,0,0,0,0,8,7%,0,0,0,2,1,0,1,0,0,0.07,True,0.0,0.0,0.0,0.0,3.4615384615384617,0.0,2024
match:2024-11-15:visitante:chico,2024-11-15_Visitante_Chico.json,2024-11-15,Primera A,Chico,Visitante,1 - 5,Jorge Arias,,D,90,6.3,True,0,0,0,0,36,29%,1,0,2,5,3,2,0,0,0,0.29,True,0.0,0.0,0.0,0.0,3.0,2.0,2024
match:2024-11-15:visitante:chico,2024-11-15_Visitante_Chico.json,2024-11-15,Primera A,Chico,Visitante,1 - 5,Juan Pereira,,M,74,7.6,True,0,1,0,0,42,40%,2,2,2,4,2,1,0,0,0,0.4,True,0.0,1.2162162162162162,0.0,0.0,2.4324324324324325,1.2162162162162162,2024
match:2024-11-15:visitante:chico,2024-11-15_Visitante_Chico.json,2024-11-15,Primera A,Chico,Visitante,1 - 5,Juan Ramirez,,M,3,,False,0,0,0,0,3,3%,0,0,0,1,0,0,0,0,0,0.03,True,0.0,0.0,0.0,0.0,0.0,0.0,2024
match:2024-11-15:visitante:chico,2024-11-15_Visitante_Chico.json,2024-11-15,Primera A,Chico,Visitante,1 - 5,Kevin Palacios,,M,64,8.2,True,2,0,2,2,18,14%,0,1,0,5,2,1,2,0,0,0.14,True,2.8125,0.0,2.8125,2.8125,2.8125,1.40625,2024
match:2024-11-15:visitante:chico,2024-11-15_Visitante_Chico.json,2024-11-15,Primera A,Chico,Visitante,1 - 5,Nicolas Arevalo,,M,16,6.3,False,0,0,0,0,4,3%,1,2,0,3,1,1,0,0,0,0.03,True,0.0,0.0,0.0,0.0,5.625,5.625,2024
match:2024-11-15:visitante:chico,2024-11-15_Visitante_Chico.json,2024-11-15,Primera A,Chico,Visitante,1 - 5,Omar Bertel,,D,90,6.9,True,0,0,0,0,22,15%,3,4,0,7,4,0,0,0,0,0.15,True,0.0,0.0,0.0,0.0,4.0,0.0,2024
match:2024-11-15:visitante:chico,2024-11-15_Visitante_Chico.json,2024-11-15,Primera A,Chico,Visitante,1 - 5,Radamel Falcao,,F,26,7.2,False,1,0,1,1,9,6%,0,0,0,1,0,0,0,0,0,0.06,True,3.4615384615384617,0.0,3.4615384615384617,3.4615384615384617,0.0,0.0,2024
match:2024-11-15:visitante:chico,2024-11-15_Visitante_Chico.json,2024-11-15,Primera A,Chico,Visitante,1 - 5,Santiago Giordana,,F,64,7.7,True,1,0,2,1,23,17%,0,0,0,3,1,1,0,0,0,0.17,True,1.40625,0.0,2.8125,1.40625,1.40625,1.40625,2024
match:2024-11-15:visitante:chico,2024-11-15_Visitante_Chico.json,2024-11-15,Primera A,Chico,Visitante,1 - 5,Sergio Mosquera,,D,90,7.0,True,0,0,0,0,35,30%,1,4,2,3,1,1,0,0,0,0.3,True,0.0,0.0,0.0,0.0,1.0,1.0,2024
match:2024-11-20:local:deportivo_pasto,2024-11-20_Local_Deportivo_Pasto.json,2024-11-20,Primera A,Deportivo Pasto,Local,2 - 1,Andrés Llinás,,D,45,6.9,False,0,0,0,0,17,14%,0,1,1,6,5,0,0,0,0,0.14,True,0.0,0.0,0.0,0.0,10.0,0.0,2024
match:2024-11-20:local:deportivo_pasto,2024-11-20_Local_Deportivo_Pasto.json,2024-11-20,Primera A,Deportivo Pasto,Local,2 - 1,Daniel Cataño,,M,44,6.9,False,0,1,2,0,24,17%,0,0,0,4,1,0,1,1,0,0.17,True,0.0,2.0454545454545454,4.090909090909091,0.0,2.0454545454545454,0.0,2024
match:2024-11-20:local:deportivo_pasto,2024-11-20_Local_Deportivo_Pasto.json,2024-11-20,Primera A,Deportivo Pasto,Local,2 - 1,Daniel Giraldo,,M,45,6.7,True,0,0,0,0,21,17%,0,1,0,2,0,0,0,0,0,0.17,True,0.0,0.0,0.0,0.0,0.0,0.0,2024
match:2024-11-20:local:deportivo_pasto,2024-11-20_Local_Deportivo_Pasto.json,2024-11-20,Primera A,Deportivo Pasto,Local,2 - 1,Daniel Mantilla,,M,0,,False,0,0,0,0,0,0%,0,0,0,0,0,0,0,0,0,0.0,False,,,,,,,2024
match:2024-11-20:local:deportivo_pasto,2024-11-20_Local_Deportivo_Pasto.json,2024-11-20,Primera A,Deportivo Pasto,Local,2 - 1,Danovis Banguero,,D,90,6.9,True,0,0,1,0,34,28%,0,1,0,4,4,0,1,0,0,0.28,True,0.0,0.0,1.0,0.0,4.0,0.0,2024
match:2024-11-20:local:deportivo_pasto,2024-11-20_Local_Deportivo_Pasto.json,2024-11-20,Primera A,Deportivo Pasto,Local,2 - 1,David Macalister Silva,,M,90,7.0,True,0,1,0,0,58,50%,0,0,0,6,0,0,0,0,0,0.5,True,0.0,1.0,0.0,0.0,0.0,0.0,2024
match:2024-11-20:local:deportivo_pasto,2024-11-20_Local_Deportivo_Pasto.json,2024-11-20,Primera A,Deportivo Pasto,Local,2 - 1,Delvin Alfonzo,,D,90,6.5,True,0,0,0,0,38,24%,1,0,0,5,1,1,0,0,0,0.24,True,0.0,0.0,0.0,0.0,1.0,1.0,2024
match:2024-11-20:local:deportivo_pasto,2024-11-20_Local_Deportivo_Pasto.json,2024-11-20,Primera A,Deportivo Pasto,Local,2 - 1,Iván Arboleda,,G,0,,False,0,0,0,0,0,0%,0,0,0,0,0,0,0,0,0,0.0,False,,,,,,,2024
match:2024-11-20:local:deportivo_pasto,2024-11-20_Local_Deportivo_Pasto.json,2024-11-20,Primera A,Deportivo Pasto,Local,2 - 1,Jader Valencia,,M,45,6.0,True,0,0,0,0,14,12%,1,0,0,10,2,0,1,0,0,0.12,True,0.0,0.0,0.0,0.0,4.0,0.0,2024
match:2024-11-20:local:deportivo_pasto,2024-11-20_Local_Deportivo_Pasto.json,2024-11-20,Primera A,Deportivo Pasto,Local,2 - 1,Jhon Córdoba,,M,45,6.7,True,0,0,1,1,13,8%,0,0,0,6,2,1,1,0,0,0.08,True,0.0,0.0,2.0,2.0,4.0,2.0,2024
match:2024-11-20:local:deportivo_pasto,2024-11-20_Local_Deportivo_Pasto.json,2024-11-20,Primera A,Deportivo Pasto,Local,2 - 1,Jorge Arias,,D,90,7.3,True,0,0,0,0,34,30%,2,2,1,6,3,0,1,0,0,0.3,True,0.0,0.0,0.0,0.0,3.0,0.0,2024
match:2024-11-20:local:deportivo_pasto,2024-11-20_Local_Deportivo_Pasto.json,2024-11-20,Primera A,Deportivo Pasto,Local,2 - 1,Juan Pereira,,M,8,6.3,False,0,0,0,0,5,2%,0,0,0,0,0,0,0,0,0,0.02,True,0.0,0.0,0.0,0.0,0.0,0.0,2024
match:2024-11-20:local:deportivo_pasto,2024-11-20_Local_Deportivo_Pasto.json,2024-11-20,Primera A,Deportivo Pasto,Local,2 - 1,Kevin Palacios,,M,1,,False,0,0,1,0,1,1%,0,0,0,0,0,0,0,0,0,1.0,True,0.0,0.0,90.0,0.0,0.0,0.0,2024
match:2024-11-20:local:deportivo_pasto,2024-11-20_Local_Deportivo_Pasto.json,2024-11-20,Primera A,Deportivo Pasto,Local,2 - 1,Leonardo Castro,,F,87,7.7,True,1,0,2,2,21,17%,0,0,1,9,4,1,2,0,0,0.17,True,1.0344827586206897,0.0,2.0689655172413794,2.0689655172413794,4.137931034482759,1.0344827586206897,2024
match:2024-11-20:local:deportivo_pasto,2024-11-20_Local_Deportivo_Pasto.json,2024-11-20,Primera A,Deportivo Pasto,Local,2 - 1,Radamel Falcao,,F,45,7.2,False,1,0,1,1,9,8%,0,0,0,4,2,1,1,1,0,0.08,True,2.0,0.0,2.0,2.0,4.0,2.0,2024
match:2024-11-20:local:deportivo_pasto,2024-11-20_Local_Deportivo_Pasto.json,2024-11-20,Primera A,Deportivo Pasto,Local,2 - 1,Sergio Mosquera,,D,90,6.5,True,0,0,1,0,41,32%,1,0,1,4,2,1,1,1,0,0.32,True,0.0,0.0,1.0,0.0,2.0,1.0,2024
match:2024-11-20:local:deportivo_pasto,2024-11-20_Local_Deportivo_Pasto.json,2024-11-20,Primera A,Deportivo Pasto,Local,2 - 1,Stiven Vega,,M,90,6.3,True,0,0,0,0,41,35%,0,1,0,4,2,0,0,0,0,0.35,True,0.0,0.0,0.0,0.0,2.0,0.0,2024
match:2024-11-20:local:deportivo_pasto,2024-11-20_Local_Deportivo_Pasto.json,2024-11-20,Primera A,Deportivo Pasto,Local,2 - 1,Álvaro Montero,,G,90,6.9,True,0,0,0,0,21,12%,0,0,0,1,1,0,0,0,0,0.12,True,0.0,0.0,0.0,0.0,1.0,0.0,2024
match:2024-11-27:visitante:santa_fe,2024-11-27_Visitante_Santa_Fe.json,2024-11-27,Primera A,Santa Fe,Visitante,0 - 1,Andrés Llinás,,D,90,7.2,True,0,0,0,0,19,16%,1,2,0,7,4,0,0,0,0,0.16,True,0.0,0.0,0.0,0.0,4.0,0.0,2024
match:2024-11-27:visitante:santa_fe,2024-11-27_Visitante_Santa_Fe.json,2024-11-27,Primera A,Santa Fe,Visitante,0 - 1,Carlos Sarabia,,D,90,6.6,True,0,0,1,1,27,19%,1,2,0,8,1,2,0,0,0,0.19,True,0.0,0.0,1.0,1.0,1.0,2.0,2024
match:2024-11-27:visitante:santa_fe,2024-11-27_Visitante_Santa_Fe.json,2024-11-27,Primera A,Santa Fe,Visitante,0 - 1,Daniel Cataño,,M,20,6.9,False,0,0,1,0,9,8%,2,0,0,3,2,0,0,0,0,0.08,True,0.0,0.0,4.5,0.0,9.0,0.0,2024
match:2024-11-27:visitante:santa_fe,2024-11-27_Visitante_Santa_Fe.json,2024-11-27,Primera A,Santa Fe,Visitante,0 - 1,Daniel Giraldo,,M,0,,False,0,0,0,0,0,0%,0,0,0,0,0,0,0,0,0,0.0,False,,,,,,,2024
match:2024-11-27:visitante:santa_fe,2024-11-27_Visitante_Santa_Fe.json,2024-11-27,Primera A,Santa Fe,Visitante,0 - 1,Daniel Ruiz,,F,20,6.6,False,0,0,0,0,8,7%,0,0,0,2,2,0,0,0,0,0.07,True,0.0,0.0,0.0,0.0,9.0,0.0,2024
match:2024-11-27:visitante:santa_fe,2024-11-27_Visitante_Santa_Fe.json,2024-11-27,Primera A,Santa Fe,Visitante,0 - 1,Danovis Banguero,,D,90,7.2,True,0,0,0,0,40,29%,0,0,0,3,0,2,0,0,0,0.29,True,0.0,0.0,0.0,0.0,0.0,2.0,2024
match:2024-11-27:visitante:santa_fe,2024-11-27_Visitante_Santa_Fe.json,2024-11-27,Primera A,Santa Fe,Visitante,0 - 1,David Macalister Silva,,M,70,6.3,True,0,0,1,0,28,21%,0,0,0,3,0,1,0,0,0,0.21,True,0.0,0.0,1.2857142857142856,0.0,0.0,1.2857142857142856,2024
match:2024-11-27:visitante:santa_fe,2024-11-27_Visitante_Santa_Fe.json,2024-11-27,Primera A,Santa Fe,Visitante,0 - 1,Iván Arboleda,,G,0,,False,0,0,0,0,0,0%,0,0,0,0,0,0,0,0,0,0.0,False,,,,,,,2024
match:2024-11-27:visitante:santa_fe,2024-11-27_Visitante_Santa_Fe.json,2024-11-27,Primera A,Santa Fe,Visitante,0 - 1,Jhon Córdoba,,M,58,7.2,False,0,0,1,1,14,9%,0,1,0,4,3,0,2,1,0,0.09,True,0.0,0.0,1.5517241379310345,1.5517241379310345,4.655172413793103,0.0,2024
match:2024-11-27:visitante:santa_fe,2024-11-27_Visitante_Santa_Fe.json,2024-11-27,Primera A,Santa Fe,Visitante,0 - 1,Jorge Arias,,D,90,7.0,True,0,0,0,0,25,18%,0,1,0,6,4,1,1,0,0,0.18,True,0.0,0.0,0.0,0.0,4.0,1.0,2024
match:2024-11-27:visitante:santa_fe,2024-11-27_Visitante_Santa_Fe.json,2024-11-27,Primera A,Santa Fe,Visitante,0 - 1,Juan Pereira,,M,90,7.3,True,0,0,1,0,34,25%,2,1,0,8,6,0,1,0,0,0.25,True,0.0,0.0,1.0,0.0,6.0,0.0,2024
match:2024-11-27:visitante:santa_fe,2024-11-27_Visitante_Santa_Fe.json,2024-11-27,Primera A,Santa Fe,Visitante,0 - 1,Kevin Palacios,,M,18,6.7,False,0,0,0,0,3,2%,0,1,0,4,2,1,0,0,0,0.02,True,0.0,0.0,0.0,0.0,10.0,5.0,2024
match:2024-11-27:visitante:santa_fe,2024-11-27_Visitante_Santa_Fe.json,2024-11-27,Primera A,Santa Fe,Visitante,0 - 1,Leonardo Castro,,F,70,7.7,True,1,0,3,3,18,12%,2,0,0,5,3,2,1,1,0,0.12,True,1.2857142857142856,0.0,3.857142857142857,3.857142857142857,3.857142857142857,2.571428571428571,2024
match:2024-11-27:visitante:santa_fe,2024-11-27_Visitante_Santa_Fe.json,2024-11-27,Primera A,Santa Fe,Visitante,0 - 1,Radamel Falcao,,F,70,6.9,True,0,0,2,1,25,17%,0,0,0,8,3,2,3,0,0,0.17,True,0.0,0.0,2.571428571428571,1.2857142857142856,3.857142857142857,2.571428571428571,2024
match:2024-11-27:visitante:santa_fe,2024-11-27_Visitante_Santa_Fe.json,2024-11-27,Primera A,Santa Fe,Visitante,0 - 1,Santiago Giordana,,F,20,6.6,False,0,0,0,0,4,2%,0,0,0,1,1,0,1,0,0,0.02,True,0.0,0.0,0.0,0.0,4.5,0.0,2024
match:2024-11-27:visitante:santa_fe,2024-11-27_Visitante_Santa_Fe.json,2024-11-27,Primera A,Santa Fe,Visitante,0 - 1,Sergio Mosquera,,D,14,6.3,True,0,0,0,0,5,4%,0,0,0,0,0,0,0,0,0,0.04,True,0.0,0.0,0.0,0.0,0.0,0.0,2024
match:2024-11-27:visitante:santa_fe,2024-11-27_Visitante_Santa_Fe.json,2024-11-27,Primera A,Santa Fe,Visitante,0 - 1,Stiven Vega,,M,90,7.3,True,0,0,0,0,32,27%,1,3,1,6,2,2,0,0,0,0.27,True,0.0,0.0,0.0,0.0,2.0,2.0,2024
match:2024-11-27:visitante:santa_fe,2024-11-27_Visitante_Santa_Fe.json,2024-11-27,Primera A,Santa Fe,Visitante,0 - 1,Álvaro Montero,,G,90,7.6,True,0,1,0,0,22,9%,0,0,0,3,3,0,1,1,0,0.09,True,0.0,1.0,0.0,0.0,3.0,0.0,2024
match:2024-11-30:local:atletico_nacional,2024-11-30_Local_Atletico_Nacional.json,2024-11-30,Primera A,Atletico Nacional,Local,2 - 1,Andrés Llinás,,D,98,6.3,True,0,0,0,0,30,26%,0,1,0,1,0,0,0,0,0,0.26,True,0.0,0.0,0.0,0.0,0.0,0.0,2024
match:2024-11-30:local:atletico_nacional,2024-11-30_Local_Atletico_Nacional.json,2024-11-30,Primera A,Atletico Nacional,Local,2 - 1,Carlos Sarabia,,D,98,7.0,True,0,0,0,0,35,27%,0,3,1,2,1,0,0,1,0,0.27,True,0.0,0.0,0.0,0.0,0.9183673469387754,0.0,2024
match:2024-11-30:local:atletico_nacional,2024-11-30_Local_Atletico_Nacional.json,2024-11-30,Primera A,Atletico Nacional,Local,2 - 1,Daniel Cataño,,M,53,6.7,False,0,0,1,0,23,15%,0,0,0,5,1,1,0,1,0,0.15,True,0.0,0.0,1.6981132075471697,0.0,1.6981132075471697,1.6981132075471697,2024
match:2024-11-30:local:atletico_nacional,2024-11-30_Local_Atletico_Nacional.json,2024-11-30,Primera A,Atletico Nacional,Local,2 - 1,Daniel Giraldo,,M,10,6.7,False,0,0,0,0,4,3%,0,0,0,1,1,0,1,0,0,0.03,True,0.0,0.0,0.0,0.0,9.0,0.0,2024
match:2024-11-30:local:atletico_nacional,2024-11-30_Local_Atletico_Nacional.json,2024-11-30,Primera A,Atletico Nacional,Local,2 - 1,Daniel Mantilla,,M,0,,False,0,0,0,0,0,0%,0,0,0,0,0,0,0,0,0,0.0,False,,,,,,,2024
match:2024-11-30:local:atletico_nacional,2024-11-30_Local_Atletico_Nacional.json,2024-11-30,Primera A,Atletico Nacional,Local,2 - 1,Danovis Banguero,,D,98,6.5,True,0,0,0,0,44,32%,2,0,0,4,2,1,0,1,0,0.32,True,0.0,0.0,0.0,0.0,1.8367346938775508,0.9183673469387754,2024
match:2024-11-30:local:atletico_nacional,2024-11-30_Local_Atletico_Nacional.json,2024-11-30,Primera A,Atletico Nacional,Local,2 - 1,David Macalister Silva,,M,88,7.2,True,1,0,1,1,42,33%,0,0,0,3,0,1,0,0,0,0.33,True,1.0227272727272727,0.0,1.0227272727272727,1.0227272727272727,0.0,1.0227272727272727,2024
match:2024-11-30:local:atletico_nacional,2024-11-30_Local_Atletico_Nacional.json,2024-11-30,Primera A,Atletico Nacional,Local,2 - 1,Iván Arboleda,,G,6,,False,0,0,0,0,1,0%,0,0,0,0,0,0,0,0,0,0.0,True,0.0,0.0,0.0,0.0,0.0,0.0,2024
match:2024-11-30:local:atletico_nacional,2024-11-30_Local_Atletico_Nacional.json,2024-11-30,Primera A,Atletico Nacional,Local,2 - 1,Jader Valencia,,M,45,6.2,True,0,0,1,1,14,9%,0,1,0,4,0,0,0,0,0,0.09,True,0.0,0.0,2.0,2.0,0.0,0.0,2024
match:2024-11-30:local:atletico_nacional,2024-11-30_Local_Atletico_Nacional.json,2024-11-30,Primera A,Atletico Nacional,Local,2 - 1,Jhon Córdoba,,M,45,6.5,True,0,0,0,0,15,12%,1,0,0,4,1,1,0,0,0,0.12,True,0.0,0.0,0.0,0.0,2.0,2.0,2024
match:2024-11-30:local:atletico_nacional,2024-11-30_Local_Atletico_Nacional.json,2024-11-30,Primera A,Atletico Nacional,Local,2 - 1,Jorge Arias,,D,98,6.6,True,0,0,0,0,40,32%,1,0,1,8,5,1,1,0,0,0.32,True,0.0,0.0,0.0,0.0,4.591836734693878,0.9183673469387754,2024
match:2024-11-30:local:atletico_nacional,2024-11-30_Local_Atletico_Nacional.json,2024-11-30,Primera A,Atletico Nacional,Local,2 - 1,Juan Pereira,,M,98,7.0,True,0,0,0,0,35,28%,3,2,0,6,4,0,1,1,0,0.28,True,0.0,0.0,0.0,0.0,3.6734693877551017,0.0,2024
match:2024-11-30:local:atletico_nacional,2024-11-30_Local_Atletico_Nacional.json,2024-11-30,Primera A,Atletico Nacional,Local,2 - 1,Leonardo Castro,,F,80,7.3,True,1,0,1,1,12,9%,1,0,0,6,3,1,2,1,0,0.09,True,1.125,0.0,1.125,1.125,3.375,1.125,2024
match:2024-11-30:local:atletico_nacional,2024-11-30_Local_Atletico_Nacional.json,2024-11-30,Primera A,Atletico Nacional,Local,2 - 1,Omar Bertel,,D,0,,False,0,0,0,0,0,0%,0,0,0,0,0,0,0,0,0,0.0,False,,,,,,,2024
match:2024-11-30:local:atletico_nacional,2024-11-30_Local_Atletico_Nacional.json,2024-11-30,Primera A,Atletico Nacional,Local,2 - 1,Radamel Falcao,,F,53,6.9,False,0,0,1,0,8,8%,2,0,0,7,5,0,2,0,0,0.08,True,0.0,0.0,1.6981132075471697,0.0,8.49056603773585,0.0,2024
match:2024-11-30:local:atletico_nacional,2024-11-30_Local_Atletico_Nacional.json,2024-11-30,Primera A,Atletico Nacional,Local,2 - 1,Santiago Giordana,,F,18,6.3,False,0,0,2,2,2,2%,0,0,0,6,0,2,0,0,0,0.02,True,0.0,0.0,10.0,10.0,0.0,10.0,2024
match:2024-11-30:local:atletico_nacional,2024-11-30_Local_Atletico_Nacional.json,2024-11-30,Primera A,Atletico Nacional,Local,2 - 1,Stiven Vega,,M,98,6.3,True,0,0,0,0,28,23%,0,1,0,2,0,1,0,0,0,0.23,True,0.0,0.0,0.0,0.0,0.0,0.9183673469387754,2024
match:2024-11-30:local:atletico_nacional,2024-11-30_Local_Atletico_Nacional.json,2024-11-30,Primera A,Atletico Nacional,Local,2 - 1,Álvaro Montero,,G,92,6.5,True,0,0,0,0,19,15%,0,0,0,0,0,0,0,1,0,0.15,True,0.0,0.0,0.0,0.0,0.0,0.0,2024
match:2024-12-03:visitante:atletico_nacional,2024-12-03_Visitante_Atletico_Nacional.json,2024-12-03,Primera A,Atletico Nacional,Visitante,1 - 1,Andrés Llinás,,D,99,6.9,True,0,0,1,0,26,22%,1,1,1,6,3,0,1,0,0,0.22,True,0.0,0.0,0.9090909090909092,0.0,2.7272727272727275,0.0,2024
match:2024-12-03:visitante:atletico_nacional,2024-12-03_Visitante_Atletico_Nacional.json,2024-12-03,Primera A,Atletico Nacional,Visitante,1 - 1,Carlos Sarabia,,D,99,6.6,True,0,0,0,0,27,20%,2,0,0,10,6,0,1,0,0,0.2,True,0.0,0.0,0.0,0.0,5.454545454545455,0.0,2024
match:2024-12-03:visitante:atletico_nacional,2024-12-03_Visitante_Atletico_Nacional.json,2024-12-03,Primera A,Atletico Nacional,Visitante,1 - 1,Daniel Cataño,,F,67,7.0,True,0,0,1,1,34,27%,2,0,0,8,4,1,1,0,0,0.27,True,0.0,0.0,1.3432835820895521,1.3432835820895521,5.3731343283582085,1.3432835820895521,2024
match:2024-12-03:visitante:atletico_nacional,2024-12-03_Visitante_Atletico_Nacional.json,2024-12-03,Primera A,Atletico Nacional,Visitante,1 - 1,Daniel Giraldo,,M,8,6.9,False,0,0,0,0,1,0%,0,0,2,0,0,0,0,0,0,0.0,True,0.0,0.0,0.0,0.0,0.0,0.0,2024
match:2024-12-03:visitante:atletico_nacional,2024-12-03_Visitante_Atletico_Nacional.json,2024-12-03,Primera A,Atletico Nacional,Visitante,1 - 1,Daniel Ruiz,,F,0,,False,0,0,0,0,0,0%,0,0,0,0,0,0,0,0,0,0.0,False,,,,,,,2024
match:2024-12-03:visitante:atletico_nacional,2024-12-03_Visitante_Atletico_Nacional.json,2024-12-03,Primera A,Atletico Nacional,Visitante,1 - 1,Danovis Banguero,,D,99,6.7,True,0,0,0,0,33,25%,1,0,1,6,3,1,1,0,0,0.25,True,0.0,0.0,0.0,0.0,2.7272727272727275,0.9090909090909092,2024
match:2024-12-03:visitante:atletico_nacional,2024-12-03_Visitante_Atletico_Nacional.json,2024-12-03,Primera A,Atletico Nacional,Visitante,1 - 1,David Macalister Silva,,M,91,7.7,True,0,0,2,1,36,29%,3,0,1,8,6,0,2,0,0,0.29,True,0.0,0.0,1.978021978021978,0.989010989010989,5.934065934065934,0.0,2024
match:2024-12-03:visitante:atletico_nacional,2024-12-03_Visitante_Atletico_Nacional.json,2024-12-03,Primera A,Atletico Nacional,Visitante,1 - 1,Iván Arboleda,,G,0,,False,0,0,0,0,0,0%,0,0,0,0,0,0,0,0,0,0.0,False,,,,,,,2024
match:2024-12-03:visitante:atletico_nacional,2024-12-03_Visitante_Atletico_Nacional.json,2024-12-03,Primera A,Atletico Nacional,Visitante,1 - 1,Jader Valencia,,F,54,6.9,False,0,0,0,0,10,8%,1,0,1,6,3,2,0,1,0,0.08,True,0.0,0.0,0.0,0.0,5.0,3.333333333333333,2024
match:2024-12-03:visitante:atletico_nacional,2024-12-03_Visitante_Atletico_Nacional.json,2024-12-03,Primera A,Atletico Nacional,Visitante,1 - 1,Jhon Córdoba,,M,32,6.3,False,0,0,0,0,1,0%,0,0,0,1,0,1,0,0,0,0.0,True,0.0,0.0,0.0,0.0,0.0,2.8125,2024
match:2024-12-03:visitante:atletico_nacional,2024-12-03_Visitante_Atletico_Nacional.json,2024-12-03,Primera A,Atletico Nacional,Visitante,1 - 1,Jorge Arias,,D,99,7.2,True,0,0,0,0,34,27%,1,0,1,4,4,0,1,0,0,0.27,True,0.0,0.0,0.0,0.0,3.6363636363636367,0.0,2024
match:2024-12-03:visitante:atletico_nacional,2024-12-03_Visitante_Atletico_Nacional.json,2024-12-03,Primera A,Atletico Nacional,Visitante,1 - 1,Juan Pablo Vargas,,D,45,6.3,True,0,0,0,0,14,14%,0,0,0,0,0,0,0,0,0,0.14,True,0.0,0.0,0.0,0.0,0.0,0.0,2024
match:2024-12-03:visitante:atletico_nacional,2024-12-03_Visitante_Atletico_Nacional.json,2024-12-03,Primera A,Atletico Nacional,Visitante,1 - 1,Juan Pereira,,M,45,6.9,True,0,0,0,0,25,23%,0,2,1,0,0,0,0,0,0,0.23,True,0.0,0.0,0.0,0.0,0.0,0.0,2024
match:2024-12-03:visitante:atletico_nacional,2024-12-03_Visitante_Atletico_Nacional.json,2024-12-03,Primera A,Atletico Nacional,Visitante,1 - 1,Leonardo Castro,,F,76,6.2,True,0,0,0,0,8,8%,0,0,0,4,1,1,0,0,0,0.08,True,0.0,0.0,0.0,0.0,1.1842105263157894,1.1842105263157894,2024
match:2024-12-03:visitante:atletico_nacional,2024-12-03_Visitante_Atletico_Nacional.json,2024-12-03,Primera A,Atletico Nacional,Visitante,1 - 1,Radamel Falcao,,F,54,7.2,False,1,0,1,1,5,4%,0,0,0,4,2,2,1,0,0,0.04,True,1.6666666666666665,0.0,1.6666666666666665,1.6666666666666665,3.333333333333333,3.333333333333333,2024
match:2024-12-03:visitante:atletico_nacional,2024-12-03_Visitante_Atletico_Nacional.json,2024-12-03,Primera A,Atletico Nacional,Visitante,1 - 1,Santiago Giordana,,F,23,6.9,False,0,0,1,0,2,2%,0,0,0,3,2,1,1,0,0,0.02,True,0.0,0.0,3.9130434782608696,0.0,7.826086956521739,3.9130434782608696,2024
match:2024-12-03:visitante:atletico_nacional,2024-12-03_Visitante_Atletico_Nacional.json,2024-12-03,Primera A,Atletico Nacional,Visitante,1 - 1,Stiven Vega,,M,99,6.7,True,0,0,0,0,24,22%,0,0,0,2,1,0,0,0,0,0.22,True,0.0,0.0,0.0,0.0,0.9090909090909092,0.0,2024
match:2024-12-03:visitante:atletico_nacional,2024-12-03_Visitante_Atletico_Nacional.json,2024-12-03,Primera A,Atletico Nacional,Visitante,1 - 1,Álvaro Montero,,G,99,7.5,True,0,0,0,0,17,11%,0,0,0,0,0,0,0,0,0,0.11,True,0.0,0.0,0.0,0.0,0.0,0.0,2024
match:2024-12-06:local:santa_fe,2024-12-06_Local_Santa_Fe.json,2024-12-06,Primera A,Santa Fe,Local,1 - 1,Andrés Llinás,,D,90,7.3,True,0,0,1,1,23,19%,0,5,0,2,0,2,0,0,0,0.19,True,0.0,0.0,1.0,1.0,0.0,2.0,2024
match:2024-12-06:local:santa_fe,2024-12-06_Local_Santa_Fe.json,2024-12-06,Primera A,Santa Fe,Local,1 - 1,Daniel Cataño,,M,89,7.5,True,0,0,2,2,35,28%,0,0,0,8,5,2,5,0,0,0.28,True,0.0,0.0,2.0224719101123596,2.0224719101123596,5.056179775280898,2.0224719101123596,2024
match:2024-12-06:local:santa_fe,2024-12-06_Local_Santa_Fe.json,2024-12-06,Primera A,Santa Fe,Local,1 - 1,Daniel Giraldo,,M,0,,False,0,0,0,0,0,0%,0,0,0,0,0,0,0,0,0,0.0,False,,,,,,,2024
match:2024-12-06:local:santa_fe,2024-12-06_Local_Santa_Fe.json,2024-12-06,Primera A,Santa Fe,Local,1 - 1,Daniel Ruiz,,F,11,6.5,False,0,0,0,0,1,1%,0,0,0,1,0,0,0,0,0,1.0,True,0.0,0.0,0.0,0.0,0.0,0.0,2024
match:2024-12-06:local:santa_fe,2024-12-06_Local_Santa_Fe.json,2024-12-06,Primera A,Santa Fe,Local,1 - 1,Danovis Banguero,,D,90,7.2,True,0,0,0,0,34,21%,3,1,1,8,7,1,1,0,0,0.21,True,0.0,0.0,0.0,0.0,7.0,1.0,2024
match:2024-12-06:local:santa_fe,2024-12-06_Local_Santa_Fe.json,2024-12-06,Primera A,Santa Fe,Local,1 - 1,David Macalister Silva,,M,90,6.6,True,0,0,0,0,31,26%,0,0,0,5,1,0,1,0,0,0.26,True,0.0,0.0,0.0,0.0,1.0,0.0,2024
match:2024-12-06:local:santa_fe,2024-12-06_Local_Santa_Fe.json,2024-12-06,Primera A,Santa Fe,Local,1 - 1,Delvin Alfonzo,,D,90,6.9,True,0,0,0,0,27,20%,0,1,1,1,1,0,1,1,0,0.2,True,0.0,0.0,0.0,0.0,1.0,0.0,2024
match:2024-12-06:local:santa_fe,2024-12-06_Local_Santa_Fe.json,2024-12-06,Primera A,Santa Fe,Local,1 - 1,Iván Arboleda,,G,0,,False,0,0,0,0,0,0%,0,0,0,0,0,0,0,0,0,0.0,False,,,,,,,2024
match:2024-12-06:local:santa_fe,2024-12-06_Local_Santa_Fe.json,2024-12-06,Primera A,Santa Fe,Local,1 - 1,Jader Valencia,,F,12,6.6,False,0,0,1,0,4,4%,0,0,0,0,0,0,0,0,0,0.04,True,0.0,0.0,7.5,0.0,0.0,0.0,2024
match:2024-12-06:local:santa_fe,2024-12-06_Local_Santa_Fe.json,2024-12-06,Primera A,Santa Fe,Local,1 - 1,Jhon Córdoba,,M,33,6.5,False,0,0,1,0,6,4%,0,0,0,2,0,2,0,1,0,0.04,True,0.0,0.0,2.7272727272727275,0.0,0.0,5.454545454545455,2024
match:2024-12-06:local:santa_fe,2024-12-06_Local_Santa_Fe.json,2024-12-06,Primera A,Santa Fe,Local,1 - 1,Jorge Arias,,D,0,,False,0,0,0,0,0,0%,0,0,0,0,0,0,0,0,0,0.0,False,,,,,,,2024
match:2024-12-06:local:santa_fe,2024-12-06_Local_Santa_Fe.json,2024-12-06,Primera A,Santa Fe,Local,1 - 1,Juan Pablo Vargas,,D,90,6.9,True,0,0,0,0,27,18%,0,1,1,4,2,0,0,0,0,0.18,True,0.0,0.0,0.0,0.0,2.0,0.0,2024
match:2024-12-06:local:santa_fe,2024-12-06_Local_Santa_Fe.json,2024-12-06,Primera A,Santa Fe,Local,1 - 1,Juan Pereira,,M,78,6.9,True,0,0,0,0,37,35%,0,2,0,2,2,0,1,0,0,0.35,True,0.0,0.0,0.0,0.0,2.3076923076923075,0.0,2024
match:2024-12-06:local:santa_fe,2024-12-06_Local_Santa_Fe.json,2024-12-06,Primera A,Santa Fe,Local,1 - 1,Leonardo Castro,,F,90,6.9,True,0,0,2,1,15,12%,0,0,0,10,4,2,3,1,0,0.12,True,0.0,0.0,2.0,1.0,4.0,2.0,2024
match:2024-12-06:local:santa_fe,2024-12-06_Local_Santa_Fe.json,2024-12-06,Primera A,Santa Fe,Local,1 - 1,Radamel Falcao,,F,45,7.2,True,1,0,1,1,7,3%,0,0,0,4,1,3,0,1,0,0.03,True,2.0,0.0,2.0,2.0,2.0,6.0,2024
match:2024-12-06:local:santa_fe,2024-12-06_Local_Santa_Fe.json,2024-12-06,Primera A,Santa Fe,Local,1 - 1,Santiago Giordana,,F,12,6.3,False,0,0,0,0,1,1%,0,0,0,2,0,0,0,0,0,1.0,True,0.0,0.0,0.0,0.0,0.0,0.0,2024
match:2024-12-06:local:santa_fe,2024-12-06_Local_Santa_Fe.json,2024-12-06,Primera A,Santa Fe,Local,1 - 1,Stiven Vega,,M,90,6.9,True,0,0,0,0,31,24%,1,1,0,5,2,1,0,0,0,0.24,True,0.0,0.0,0.0,0.0,2.0,1.0,2024
match:2024-12-06:local:santa_fe,2024-12-06_Local_Santa_Fe.json,2024-12-06,Primera A,Santa Fe,Local,1 - 1,Álvaro Montero,,G,90,6.9,True,0,0,0,0,19,11%,0,0,0,2,2,0,2,0,0,0.11,True,0.0,0.0,0.0,0.0,2.0,0.0,2024
match:2024-12-09:visitante:deportivo_pasto,2024-12-09_Visitante_Deportivo_Pasto.json,2024-12-09,Primera A,Deportivo Pasto,Visitante,0 - 0,Andrés Llinás,,D,90,7.7,True,0,0,0,0,41,35%,5,2,0,6,6,0,1,0,0,0.35,True,0.0,0.0,0.0,0.0,6.0,0.0,2024
match:2024-12-09:visitante:deportivo_pasto,2024-12-09_Visitante_Deportivo_Pasto.json,2024-12-09,Primera A,Deportivo Pasto,Visitante,0 - 0,Carlos Sarabia,,D,65,6.7,True,0,0,1,0,30,27%,0,0,0,2,0,0,0,0,0,0.27,True,0.0,0.0,1.3846153846153846,0.0,0.0,0.0,2024
match:2024-12-09:visitante:deportivo_pasto,2024-12-09_Visitante_Deportivo_Pasto.json,2024-12-09,Primera A,Deportivo Pasto,Visitante,0 - 0,Daniel Cataño,,M,90,7.2,True,0,0,1,0,60,49%,2,0,0,9,3,3,1,0,0,0.49,True,0.0,0.0,1.0,0.0,3.0,3.0,2024
match:2024-12-09:visitante:deportivo_pasto,2024-12-09_Visitante_Deportivo_Pasto.json,2024-12-09,Primera A,Deportivo Pasto,Visitante,0 - 0,Daniel Giraldo,,M,0,,False,0,0,0,0,0,0%,0,0,0,0,0,0,0,0,0,0.0,False,,,,,,,2024
match:2024-12-09:visitante:deportivo_pasto,2024-12-09_Visitante_Deportivo_Pasto.json,2024-12-09,Primera A,Deportivo Pasto,Visitante,0 - 0,Daniel Ruiz,,F,28,7.3,False,0,0,2,1,19,17%,0,0,0,1,1,0,1,1,0,0.17,True,0.0,0.0,6.428571428571428,3.214285714285714,3.214285714285714,0.0,2024
match:2024-12-09:visitante:deportivo_pasto,2024-12-09_Visitante_Deportivo_Pasto.json,2024-12-09,Primera A,Deportivo Pasto,Visitante,0 - 0,Danovis Banguero,,D,77,6.9,True,0,0,0,0,49,37%,1,1,0,6,3,1,1,0,0,0.37,True,0.0,0.0,0.0,0.0,3.5064935064935066,1.168831168831169,2024
match:2024-12-09:visitante:deportivo_pasto,2024-12-09_Visitante_Deportivo_Pasto.json,2024-12-09,Primera A,Deportivo Pasto,Visitante,0 - 0,David Macalister Silva,,M,65,6.9,True,0,0,0,0,27,21%,0,0,0,3,1,1,1,0,0,0.21,True,0.0,0.0,0.0,0.0,1.3846153846153846,1.3846153846153846,2024
match:2024-12-09:visitante:deportivo_pasto,2024-12-09_Visitante_Deportivo_Pasto.json,2024-12-09,Primera A,Deportivo Pasto,Visitante,0 - 0,Iván Arboleda,,G,0,,False,0,0,0,0,0,0%,0,0,0,0,0,0,0,0,0,0.0,False,,,,,,,2024
match:2024-12-09:visitante:deportivo_pasto,2024-12-09_Visitante_Deportivo_Pasto.json,2024-12-09,Primera A,Deportivo Pasto,Visitante,0 - 0,Jader Valencia,,F,25,6.6,False,0,0,1,0,11,8%,0,0,0,1,0,1,0,0,0,0.08,True,0.0,0.0,3.6,0.0,0.0,3.6,2024
match:2024-12-09:visitante:deportivo_pasto,2024-12-09_Visitante_Deportivo_Pasto.json,2024-12-09,Primera A,Deportivo Pasto,Visitante,0 - 0,Jhon Córdoba,,M,25,6.9,False,0,0,1,1,5,1%,1,0,0,1,1,0,0,0,0,1.0,True,0.0,0.0,3.6,3.6,3.6,0.0,2024
match:2024-12-09:visitante:deportivo_pasto,2024-12-09_Visitante_Deportivo_Pasto.json,2024-12-09,Primera A,Deportivo Pasto,Visitante,0 - 0,Jorge Arias,,D,0,,False,0,0,0,0,0,0%,0,0,0,0,0,0,0,0,0,0.0,False,,,,,,,2024
match:2024-12-09:visitante:deportivo_pasto,2024-12-09_Visitante_Deportivo_Pasto.json,2024-12-09,Primera A,Deportivo Pasto,Visitante,0 - 0,Juan Pablo Vargas,,D,90,7.5,True,0,0,0,0,46,36%,0,4,1,0,0,0,0,0,0,0.36,True,0.0,0.0,0.0,0.0,0.0,0.0,2024
match:2024-12-09:visitante:deportivo_pasto,2024-12-09_Visitante_Deportivo_Pasto.json,2024-12-09,Primera A,Deportivo Pasto,Visitante,0 - 0,Juan Pereira,,M,62,6.6,True,0,0,0,0,21,15%,2,1,0,4,2,0,0,0,0,0.15,True,0.0,0.0,0.0,0.0,2.903225806451613,0.0,2024
match:2024-12-09:visitante:deportivo_pasto,2024-12-09_Visitante_Deportivo_Pasto.json,2024-12-09,Primera A,Deportivo Pasto,Visitante,0 - 0,Leonardo Castro,,F,90,7.3,True,0,0,2,0,23,20%,0,0,0,1,1,0,1,0,0,0.2,True,0.0,0.0,2.0,0.0,1.0,0.0,2024
match:2024-12-09:visitante:deportivo_pasto,2024-12-09_Visitante_Deportivo_Pasto.json,2024-12-09,Primera A,Deportivo Pasto,Visitante,0 - 0,Radamel Falcao,,F,90,6.9,True,0,0,4,0,13,12%,0,0,0,2,2,0,1,0,0,0.12,True,0.0,0.0,4.0,0.0,2.0,0.0,2024
match:2024-12-09:visitante:deportivo_pasto,2024-12-09_Visitante_Deportivo_Pasto.json,2024-12-09,Primera A,Deportivo Pasto,Visitante,0 - 0,Santiago Giordana,,F,13,6.7,False,0,0,0,0,3,3%,0,0,0,1,0,1,0,0,0,0.03,True,0.0,0.0,0.0,0.0,0.0,6.923076923076923,2024
match:2024-12-09:visitante:deportivo_pasto,2024-12-09_Visitante_Deportivo_Pasto.json,2024-12-09,Primera A,Deportivo Pasto,Visitante,0 - 0,Stiven Vega,,M,90,7.0,True,0,0,0,0,35,29%,1,0,0,3,2,1,1,0,0,0.29,True,0.0,0.0,0.0,0.0,2.0,1.0,2024
match:2024-12-09:visitante:deportivo_pasto,2024-12-09_Visitante_Deportivo_Pasto.json,2024-12-09,Primera A,Deportivo Pasto,Visitante,0 - 0,Álvaro Montero,,G,90,7.3,True,0,0,0,0,20,18%,0,0,0,0,0,0,0,0,0,0.18,True,0.0,0.0,0.0,0.0,0.0,0.0,2024
